08A4C0010045000F462B0A4D00000000000001010101010101000000000000000000000000000000000000000000000000000000000000000000000000000000000000000000000000000000
088AC0010013000F462B23F20000000000000000000000000000
0890C001003D000F462B57190000000000000000000000000000000000000000000000000000000000000000000000000000000000000000000000000100010001000100
18A9C0010005048F01000000
08AAC0010049000F462B70B6000000000002000000000000000000000000000000000000000000000000000000000000000000000000000000000000803E0000803E0000FFFFFFFFFFFFFFFF00000E00
08ADC00100AD000F462C159C000000000000010001011F000000030000000000000000000000000000000000C4090000102700000100000001000000120000000100000001000000FFFFFFFFFFFFFFFFFFFFFFFFFFFFFFFFFFFFFFFFFFFFFFFFFFFFFFFFFFFFFFFFFFFFFFFFFFFFFFFFFFFFFFFFFFFFFFFFFFFFFFFFFFFFFFFFFFFFFFFFFFFFFFFFFFFFFFFFFFFFFFFFFFFFFFFFFFFFFFFFFFFFFFFFFFFFFFFFFFFFFFFFFFFFFFFFFFFFFFFFFFFFFFFFFFFFFFFF
08B8C0010069000F462C171C0000000000000100010001000000000000000000000000000000000030000000000000002F63662F64735F66696C7465725F74626C2E74626C00000000000000000000000000000000000000000000000000000000000000000000000000000000000000
089BC0010015000F462C30B600000000000000000000000003001400
18A9C0000001008F
08A7C00100A5000F462C4A500000000000000300FFFFFFFFFFFFFFFFFFFFFFFFFFFFFFFFFFFFFFFFFFFFFFFFFFFFFFFFFFFFFFFFFFFFFFFFFFFFFFFFFFFFFFFF333333333333333333333333333333333333333333333333333333333333333333333333333333333333333333333333333333333333333333333333333333333333333333333333333333333333333333333333333333330000000000000000000000000000000000000000
0887C001005D000F462C63E600000000000000000000000000000000000000000000000000000000000000000000000000000000000000000000000000000000000000000000000000000000000000000000000000000000000000000000000000000000
0897C001003D000F462CFD7E000000000000010175000000000000002B010000000000000000000002000000020000000300000000000000000000006300630000000000
09BAC0010043000F462E8D0D0000000000000101010048E1E441858B7444A4109443EC511242B81EFBC1CDCC84C01F85D3418FC2F53C8FC2F53C85EB913F000000000000000000000000
09CAC0010027000F462E8D35000000000000020000005EBA2B4200000000B8AE050060ED030028390000420C0000
09AAC0010058000F462E8E95000000000000005C8F42405C8F4240A2455640000080BF583954405A645B40EC515840022B873FCDCCCCBD9A9999BE33730D44000080BFCDCCCC3E9A9919409A9999BECDCCCCBE010101000101010107000000
09DAC0010099000F462E8F9500000000000000000100000000000000000000000000000000000000000000000000000000000000000000000000000000000000000000000000000000000000000000000000000000000000000000000000000000000000000000000000000000000000000000000000000000000000000000000000000000000000000000000000000000000000000000000000000000000000
08A4C0020045000F462F0A4D00000000000001010101010101000000000000000000000000000000000000000000000000000000000000000000000000000000000000000000000000000000
088AC0020013000F462F23F20000000000000000000000000000
0890C002003D000F462F57190000000000000000000000000000000000000000000000000000000000000000000000000000000000000000000000000100010001000100
08AAC0020049000F462F70B3000000000002000002000000010001000100000000000000010000000000000000000000000000000000000000000000803E0000803E000008000000FFFFFFFF01000E00
08ADC00200AD000F462FAE94000000000000010001011F000000030000000000000000000000000000000000C40900001027000002000000020000001F0000000200000002000000FFFFFFFFFFFFFFFFFFFFFFFFFFFFFFFFFFFFFFFFFFFFFFFFFFFFFFFFFFFFFFFFFFFFFFFFFFFFFFFFFFFFFFFFFFFFFFFFFFFFFFFFFFFFFFFFFFFFFFFFFFFFFFFFFFFFFFFFFFFFFFFFFFFFFFFFFFFFFFFFFFFFFFFFFFFFFFFFFFFFFFFFFFFFFFFFFFFFFFFFFFFFFFFFFFFFFFFF
08B8C0020069000F4630171D0000000000000100010001000000000000000000000000000000000037000000000000002F63662F64735F66696C7465725F74626C2E74626C00000000000000000000000000000000000000000000000000000000000000000000000000000000000000
089BC0020015000F463030B400000000000000000000000003001400
08A7C00200A5000F46304A4F0000000000000300FFFFFFFFFFFFFFFFFFFFFFFFFFFFFFFFFFFFFFFFFFFFFFFFFFFFFFFFFFFFFFFFFFFFFFFFFFFFFFFFFFFFFFFF333333333333333333333333333333333333333333333333333333333333333333333333333333333333333333333333333333333333333333333333333333333333333333333333333333333333333333333333333333330000000000000000000000000000000000000000
0887C002005D000F463063E600000000000000000000000000000000000000000000000000000000000000000000000000000000000000000000000000000000000000000000000000000000000000000000000000000000000000000000000000000000
0897C002003D000F4630FD7F00000000000001011601000000000000BB020000000000000000000002000000060000000700000000000000000000006300630000000000
18A9C0000005078E02000000
08A4C0030045000F46330A4D00000000000001010101010101000000000000000000000000000000000000000000000000000000000000000000000000000000000000000000000000000000
088AC0030013000F463323F10000000000000001000000000000
08ADC00300AD000F4633478B000000000000010001011F000000030000000000000000000000000000000000C4090000102700000300000003000000300000000300000003000000FFFFFFFFFFFFFFFFFFFFFFFFFFFFFFFFFFFFFFFFFFFFFFFFFFFFFFFFFFFFFFFFFFFFFFFFFFFFFFFFFFFFFFFFFFFFFFFFFFFFFFFFFFFFFFFFFFFFFFFFFFFFFFFFFFFFFFFFFFFFFFFFFFFFFFFFFFFFFFFFFFFFFFFFFFFFFFFFFFFFFFFFFFFFFFFFFFFFFFFFFFFFFFFFFFFFFFFF
0890C003003D000F463357190000000000000000000000000000000000000000000000000000000000000000000000000000000000000000000000000100010001000100
08AAC0030049000F463370B3000000000002000003000000010001000100000000000000020000000000000000000000000000000000000000000000803E0000803E00000D000000FFFFFFFF01000C00
09BAC0020043000F46338CEC0000000001000000000048E1E441858B7444A4109443EC511242B81EFBC1CDCC84C01F85D3418FC2F53C8FC2F53C85EB913F000000000000000000000000
09CAC0020027000F46338D0D0000000000000200000075932942C525833FB8AE050070ED030028390000420C0000
09AAC0020058000F46338E950000000000000014AE4740355E5A402B875640000080BF5839544087165940DD242640F0A7863FCDCC4CBE0000C03F67061044000080BFCDCC4C3E3333333F9A9919BFCDCCCCBD010101000101010107000000
09DAC0020099000F46338F7400000000000000000100000000000000000000000000000000000000000000000000000000000000000000000000000000000000000000000000000000000000000000000000000000000000000000000000000000000000000000000000000000000000000000000000000000000000000000000000000000000000000000000000000000000000000000000000000000000000
08B8C0030069000F4634171C0000000000000100010001000000000000000000000000000000000041000000000000002F63662F64735F66696C7465725F74626C2E74626C00000000000000000000000000000000000000000000000000000000000000000000000000000000000000
089BC0030015000F463430B300000000000000000000000003001400
08A7C00300A5000F46344A4F0000000000000300FFFFFFFFFFFFFFFFFFFFFFFFFFFFFFFFFFFFFFFFFFFFFFFFFFFFFFFFFFFFFFFFFFFFFFFFFFFFFFFFFFFFFFFF333333333333333333333333333333333333333333333333333333333333333333333333333333333333333333333333333333333333333333333333333333333333333333333333333333333333333333333333333333330000000000000000000000000000000000000000
0887C003005D000F463463E600000000000000000000000000000000000000000000000000000000000000000000000000000000000000000000000000000000000000000000000000000000000000000000000000000000000000000000000000000000
0897C003003D000F4634FD7E0000000000000101B7010000000000004B0400000000010000000000020000000A0000000B00000001000000000000006300630000000000
18A9C0000005048D02000000
08AAC0040049000F463770B4000000000002000004000000010000000200000000000000030000000000000000000000000000000000000000000000803E0000803E0000FFFFFFFFFFFFFFFF02000C00
08B8C0040069000F4638171C000000000000010001000100000000000000000000000000000000004C000000000000002F63662F64735F66696C7465725F74626C2E74626C00000000000000000000000000000000000000000000000000000000000000000000000000000000000000
089BC0040015000F463830B300000000000000000000000003001400
18A9C0000001008F
08A7C00400A5000F46384A500000000000000300FFFFFFFFFFFFFFFFFFFFFFFFFFFFFFFFFFFFFFFFFFFFFFFFFFFFFFFFFFFFFFFFFFFFFFFFFFFFFFFFFFFFFFFF333333333333333333333333333333333333333333333333333333333333333333333333333333333333333333333333333333333333333333333333333333333333333333333333333333333333333333333333333333330000000000000000000000000000000000000000
0887C004005D000F463863E600000000000000000000000000000000000000000000000000000000000000000000000000000000000000000000000000000000000000000000000000000000000000000000000000000000000000000000000000000000
09BAC0030043000F46388D0E00000000010001010100C3F5E441E18A74448F229443E17A124252B8F6C1AE47B1C0F628E2418FC2F53C8FC2F53C295C8F3F000000000000000000000000
09CAC0030027000F46388D31000000000000020000005EBA2B424C974741B8AE050070ED030028390000420C0000
08B8C00A0069000F46502B9700000000000001000100010000000000000000000000000000000000B7000000000000002F63662F64735F66696C7465725F74626C2E74626C00000000000000000000000000000000000000000000000000000000000000000000000000000000000000
089BC00A0015000F465030B300000000000000000000000003001400
08A7C00A00A5000F46504A4F0000000000000300FFFFFFFFFFFFFFFFFFFFFFFFFFFFFFFFFFFFFFFFFFFFFFFFFFFFFFFFFFFFFFFFFFFFFFFFFFFFFFFFFFFFFFFF333333333333333333333333333333333333333333333333333333333333333333333333333333333333333333333333333333333333333333333333333333333333333333333333333333333333333333333333333333330000000000000000000000000000000000000000
0887C00A005D000F465063E600000000000000000000000000000000000000000000000000000000000000000000000000000000000000000000000000000000000000000000000000000000000000000000000000000000000000000000000000000000
1880C000001102003139322E3136382E322E360000000000
0897C00A003D000F4650FD7E0000000000000101FE05000000000000040F000001002B00030000000200000026000000200000000C000000020000006300630000000000
09BAC0080043000F4651C7D1000000000400000000003333E5413D8A7444AE2794439A991242CDCCEEC10AD7F3C048E1D8418FC2F53C0000000085EB913F000000000000000000000000
09CAC0080027000F4651C80B00000000000002000000310830420BE98D41B8AE0500B4ED030028390000420C0000
09AAC0080058000F4651C9720000000000000079E94640C74B57408FC25540000080BFCFF7534048E15A4019045640022B873FCDCC4CBECDCCCCBD9A990C44000080BFCDCC4C3E6766E63FCDCCCC3DCDCCCCBD010101000101010107000000
09DAC0080099000F4651CAA400000000000000000100000000000000000000000000000000000000000000000000000000000000000000000000000000000000000000000000000000000000000000000000000000000000000000000000000000000000000000000000000000000000000000000000000000000000000000000000000000000000000000000000000000000000000000000000000000000000
08A4C00A0045000F465307BD00000000000001010101010101000000000000000000000000000000000000000000000000000000183400000000000000000000000000000000000001000000
088AC00A0013000F465321630000000000000002000000000000
0890C00A003D000F4653548A0000000000000000000000000000000000000000000000000000000000000000000000000000000000000000000000000100010001000100
08AAC00B0049000F46536E24000000000002000007000000000000000200000000000000060000000000000000000000000000000000000000000000803E0000803E0000FFFFFFFFFFFFFFFF00000C00
08B8C00B0069000F4654171C00000000000001000100010000000000000000000000000000000000C1000000000000002F63662F64735F66696C7465725F74626C2E74626C00000000000000000000000000000000000000000000000000000000000000000000000000000000000000
089BC00B0015000F465430B300000000000000000000000003001400
08A7C00B00A5000F46544A500000000000000300FFFFFFFFFFFFFFFFFFFFFFFFFFFFFFFFFFFFFFFFFFFFFFFFFFFFFFFFFFFFFFFFFFFFFFFFFFFFFFFFFFFFFFFF333333333333333333333333333333333333333333333333333333333333333333333333333333333333333333333333333333333333333333333333333333333333333333333333333333333333333333333333333333330000000000000000000000000000000000000000
0887C00B005D000F465463E700000000000000000000000000000000000000000000000000000000000000000000000000000000000000000000000000000000000000000000000000000000000000000000000000000000000000000000000000000000
08ADC00A00AD000F46546986000000000000010001011F000000030000000000000000000000000000000000C4090000102700000B0000000B000000AA0000000B0000000B000000FFFFFFFFFFFFFFFFFFFFFFFFFFFFFFFFFFFFFFFFFFFFFFFFFFFFFFFFFFFFFFFFFFFFFFFFFFFFFFFFFFFFFFFFFFFFFFFFFFFFFFFFFFFFFFFFFFFFFFFFFFFFFFFFFFFFFFFFFFFFFFFFFFFFFFFFFFFFFFFFFFFFFFFFFFFFFFFFFFFFFFFFFFFFFFFFFFFFFFFFFFFFFFFFFFFFFFFF
0897C00B003D000F46553AF200000000000001019F060000000000009410000001004A0004000000020000002A000000220000000F000000020000001700630000000000
09BAC0090043000F46568D0F000000000400010101003333E541858B74449A199443D7A31242713DFAC10AD703C148E1DA410AD7A33C0AD723BC3333933F000000000000000000000000
09CAC0090027000F46568D440000000000000200000048E12D428147C941B8AE0500C0ED030028390000420C0000
09AAC0090058000F46568EA7000000000000008D974E40355E5A4019045640000080BFCFF75340EC5158403BDF2F40F0A7863F9A9999BE3333F33FCD2C0E44000080BF9A99993E0000003FCDCCCCBE9A9999BE010101000101010107000000
09DAC0090099000F46568FD200000000000000000100000000000000000000000000000000000000000000000000000000000000000000000000000000000000000000000000000000000000000000000000000000000000000000000000000000000000000000000000000000000000000000000000000000000000000000000000000000000000000000000000000000000000000000000000000000000000
08A4C00B0045000F4657171A00000000000001010101010101000000000000000000000000000000000000000000000000000000183400000000000000000000000000000000000002000000
088AC00B0013000F465723F30000000000000002000000000000
0890C00B003D000F465757190000000000000000000000000000000000000000000000000000000000000000000000000000000000000000000000000100010001000100
08AAC00C0049000F465770B4000000000002000007000000000000000200000000000000060000000000000000000000000000000000000000000000803E0000803E0000FFFFFFFFFFFFFFFF00000C00
08B8C00C0069000F4658171E00000000000001000100010000000000000000000000000000000000CB000000000000002F63662F64735F66696C7465725F74626C2E74626C00000000000000000000000000000000000000000000000000000000000000000000000000000000000000
089BC00C0015000F465830B400000000000000000000000003001400
08ADC00B00AD000F46583F3A000000000000010001011F000000030000000000000000000000000000000000C4090000102700000C0000000C000000AF0000000C0000000C000000FFFFFFFFFFFFFFFFFFFFFFFFFFFFFFFFFFFFFFFFFFFFFFFFFFFFFFFFFFFFFFFFFFFFFFFFFFFFFFFFFFFFFFFFFFFFFFFFFFFFFFFFFFFFFFFFFFFFFFFFFFFFFFFFFFFFFFFFFFFFFFFFFFFFFFFFFFFFFFFFFFFFFFFFFFFFFFFFFFFFFFFFFFFFFFFFFFFFFFFFFFFFFFFFFFFFFFFF
08A7C00C00A5000F46584A500000000000000300FFFFFFFFFFFFFFFFFFFFFFFFFFFFFFFFFFFFFFFFFFFFFFFFFFFFFFFFFFFFFFFFFFFFFFFFFFFFFFFFFFFFFFFF333333333333333333333333333333333333333333333333333333333333333333333333333333333333333333333333333333333333333333333333333333333333333333333333333333333333333333333333333333330000000000000000000000000000000000000000
0887C00C005D000F465863E600000000000000000000000000000000000000000000000000000000000000000000000000000000000000000000000000000000000000000000000000000000000000000000000000000000000000000000000000000000
0897C00C003D000F4659148900000000000001014007000000000000241200000100690004000000020000002E0000002200000013000000020000000800630000000000
08A4C00C0045000F465B0A4D00000000000001010101010101000000000000000000000000000000000000000000000000000000183400000000000000000000000000000000000002000000
088AC00C0013000F465B23F30000000000000002000000000000
0890C00C003D000F465B97AF0000000000000000000000000000000000000000000000000000000000000000000000000000000000000000000000000100010001000100
08AAC00D0049000F465B9C39000000000002000007000000000000000200000000000000060000000000000000000000000000000000000000000000803E0000803E0000FFFFFFFFFFFFFFFF00000C00
09BAC00A0043000F465BA169000000000500000000003333E541858B74449A199443D7A31242713DFAC10AD703C148E1DA410AD7A33C0AD723BC3333933F000000000000000000000000
09CAC00A0027000F465BA19E0000000000000200000048E12D420677E841B8AE0500D0ED030028390000420C0000
09AAC00A0058000F465BA31500000000000000AC1C5A401058594019045640000080BF58395440F4FD5440E5D04240F0A7863FCDCC4C3F6766663F67C60D44000080BF0000000000000000000000BFCDCC4C3E010101000101010107000000
09DAC00A0099000F465BA42D00000000000000000100000000000000000000000000000000000000000000000000000000000000000000000000000000000000000000000000000000000000000000000000000000000000000000000000000000000000000000000000000000000000000000000000000000000000000000000000000000000000000000000000000000000000000000000000000000000000
08ADC00C00AD000F465BD831000000000000010001011F000000030000000000000000000000000000000000C4090000102700000D0000000D000000B60000000D0000000D000000FFFFFFFFFFFFFFFFFFFFFFFFFFFFFFFFFFFFFFFFFFFFFFFFFFFFFFFFFFFFFFFFFFFFFFFFFFFFFFFFFFFFFFFFFFFFFFFFFFFFFFFFFFFFFFFFFFFFFFFFFFFFFFFFFFFFFFFFFFFFFFFFFFFFFFFFFFFFFFFFFFFFFFFFFFFFFFFFFFFFFFFFFFFFFFFFFFFFFFFFFFFFFFFFFFFFFFFF
08B8C00D0069000F465C52DC00000000000001000100010000000000000000000000000000000000D5000000000000002F63662F64735F66696C7465725F74626C2E74626C00000000000000000000000000000000000000000000000000000000000000000000000000000000000000
089BC00D0015000F465C575500000000000000000000000003001400
08A7C00D00A5000F465C5C480000000000000300FFFFFFFFFFFFFFFFFFFFFFFFFFFFFFFFFFFFFFFFFFFFFFFFFFFFFFFFFFFFFFFFFFFFFFFFFFFFFFFFFFFFFFFF333333333333333333333333333333333333333333333333333333333333333333333333333333333333333333333333333333333333333333333333333333333333333333333333333333333333333333333333333333330000000000000000000000000000000000000000
0887C00D005D000F465C63E900000000000000000000000000000000000000000000000000000000000000000000000000000000000000000000000000000000000000000000000000000000000000000000000000000000000000000000000000000000
0897C00D003D000F465CFD810000000000000101E107000000000000B4130000010088000400000002000000320000002300000016000000020000006300630000000000
19DAC00000010000
189FC00000010400
188CC00000011000
09BAC00B0043000F465EA43B00000000050001010100AE47E5419A897444C3359443CDCC1242F628F0C17B14F6C0AE47DD410AD7233C0AD7A3BC3333933F000000000000000000000000
09BAC00C0043000F465EA45100000000060000000000AE47E5419A897444C3359443CDCC1242F628F0C17B14F6C0AE47DD410AD7233C0AD7A3BC3333933F000000000000000000000000
09CAC00B0027000F465EA4810000000000000200000048E12D42B46EE841B8AE0500D4ED030028390000420C0000
09AAC00B0058000F465EA5BC00000000000000F6285C40EC515840A2455640000080BFEC5158408716394042604540F0A7863F33331340CDCC4C3E9AB91344000080BFCDCC4C3E9A9999BECDCC4CBE9A9999BE010101000101010107000000
08A4C00D0045000F465F0A4D00000000010001010101010101000000000000000000000000000000000000000000000000000000183400000000000000000000000000000000000002000000
088AC00D0013000F465F23F30000000001000002000000000000
0890C00D003D000F465F70BB0000000000000000000000000000000000000000000000000000000000000000000000000000000000000000000000000100010001000100
08ADC00D00AD000F465F7125000000000000010001011F000000030000000000000000000000000000000000C4090000102700000E0000000E000000C10000000E0000000E000000FFFFFFFFFFFFFFFFFFFFFFFFFFFFFFFFFFFFFFFFFFFFFFFFFFFFFFFFFFFFFFFFFFFFFFFFFFFFFFFFFFFFFFFFFFFFFFFFFFFFFFFFFFFFFFFFFFFFFFFFFFFFFFFFFFFFFFFFFFFFFFFFFFFFFFFFFFFFFFFFFFFFFFFFFFFFFFFFFFFFFFFFFFFFFFFFFFFFFFFFFFFFFFFFFFFFFFFF
08AAC00E0049000F465F75DA000000000002000007000000000000000200000000000000060000000000000000000000000000000000000000000000803E0000803E0000FFFFFFFFFFFFFFFF00000C00
08B8C00E0069000F4660199F00000000000001000100010000000000000000000000000000000000E8000000000000002F63662F64735F66696C7465725F74626C2E74626C00000000000000000000000000000000000000000000000000000000000000000000000000000000000000
089BC00E0015000F4660333400000000000000000000000003001400
08A7C00E00A5000F46604CD10000000000000300FFFFFFFFFFFFFFFFFFFFFFFFFFFFFFFFFFFFFFFFFFFFFFFFFFFFFFFFFFFFFFFFFFFFFFFFFFFFFFFFFFFFFFFF333333333333333333333333333333333333333333333333333333333333333333333333333333333333333333333333333333333333333333333333333333333333333333333333333333333333333333333333333333330000000000000000000000000000000000000000
0887C00E005D000F4660666700000000000000000000000000000000000000000000000000000000000000000000000000000000000000000000000000000000000000000000000000000000000000000000000000000000000000000000000000000000
09BAC00D0043000F4660B5FF00000000060001010100AE47E541298C74441F059443CDCC1242EC51F8C1EC5110C1CDCCE2410AD7A33C0AD7A3BC85EB913F000000000000000000000000
09CAC00C0027000F4660B62D0000000000000200000048E12D42D2A9E941B8AE0500D4ED030028390000420C0000
09AAC00C0058000F4660B780000000000000007F6A5C40D9CE57408FC25540000080BF583954401283404081954340F0A7863FCDCC2C40CDCC4C3E33F30D44000080BFCDCC4C3ECDCCCCBD000000BFCDCCCCBD010101000101010107000000
09DAC00B0099000F4660B8B400000000000100000100000000000000000000000000000000000000000000000000000000000000000000000000000000000000000000000000000000000000000000000000000000000000000000000000000000000000000000000000000000000000000000000000000000000000000000000000000000000000000000000000000000000000000000000000000000000000
0897C00E003D000F46610015000000000000010182080000000000004415000001009E00050000000200000036000000250000001A000000020000000000630063000000
08A4C00E0045000F4663401000000000010001010101010101000000000000000000000000000000000000000000000000000000183400000000000000000000000000000000000002000000
088AC00E0013000F4663453E0000000001000002000000000000
0890C00E003D000F466357190000000000000000000000000000000000000000000000000000000000000000000000000000000000000000000000000100010001000100
08AAC00F0049000F466370B4000000000002000007000000000000000200000000000000060000000000000000000000000000000000000000000000803E0000803E0000FFFFFFFFFFFFFFFF00000C00
08B8C00F0069000F4664171E00000000000001000100010000000000000000000000000000000000F1000000000000002F63662F64735F66696C7465725F74626C2E74626C00000000000000000000000000000000000000000000000000000000000000000000000000000000000000
089BC00F0015000F466430B300000000000000000000000003001400
08ADC00E00AD000F466483D1000000000000010001011F000000030000000000000000000000000000000000C4090000102700000F0000000F000000D00000000F0000000F000000FFFFFFFFFFFFFFFFFFFFFFFFFFFFFFFFFFFFFFFFFFFFFFFFFFFFFFFFFFFFFFFFFFFFFFFFFFFFFFFFFFFFFFFFFFFFFFFFFFFFFFFFFFFFFFFFFFFFFFFFFFFFFFFFFFFFFFFFFFFFFFFFFFFFFFFFFFFFFFFFFFFFFFFFFFFFFFFFFFFFFFFFFFFFFFFFFFFFFFFFFFFFFFFFFFFFFFFF
08A7C00F00A5000F466485330000000000000300FFFFFFFFFFFFFFFFFFFFFFFFFFFFFFFFFFFFFFFFFFFFFFFFFFFFFFFFFFFFFFFFFFFFFFFFFFFFFFFFFFFFFFFF333333333333333333333333333333333333333333333333333333333333333333333333333333333333333333333333333333333333333333333333333333333333333333333333333333333333333333333333333333330000000000000000000000000000000000000000
0887C00F005D000F46648A4D00000000000000000000000000000000000000000000000000000000000000000000000000000000000000000000000000000000000000000000000000000000000000000000000000000000000000000000000000000000
0897C00F003D000F4664FD7E00000000000001011F09000000000000D41600000100BB0005000000020000003A000000260000001C000000030000006300630000000001
09BAC00E0043000F4665CA6500000000070000000000AE47E541298C74441F059443CDCC1242EC51F8C1EC5110C1CDCCE2410AD7A33C0AD7A3BC85EB913F000000000000000000000000
09CAC00D0027000F4665CA9C000000000000020000005EBA2B42CD53EC41B8AE0500DCED030028390000420C0000
09AAC00D0058000F4665CC0E00000000000000871659405C8F42408FC25540000080BF583954406F124340355E5A40F0A7863F0000803F9A9999BE67C60E44000080BF00000000CDCCCCBD0000803FCDCC4CBE010101000101010107000000
09DAC00C0099000F4665CD3000000000000100000100000000000000000000000000000000000000000000000000000000000000000000000000000000000000000000000000000000000000000000000000000000000000000000000000000000000000000000000000000000000000000000000000000000000000000000000000000000000000000000000000000000000000000000000000000000000000
0890C00F003D000F4667548A0000000000000000000000000000000000000000000000000000000000000000000000000000000000000000000000000100010001000100
08AAC0100049000F46676E24000000000002000007000000000000000200000000000000060000000000000000000000000000000000000000000000803E0000803E0000FFFFFFFFFFFFFFFF00000C00
08B8C0100069000F4668148D00000000000001000100010000000000000000000000000000000000FB000000000000002F63662F64735F66696C7465725F74626C2E74626C00000000000000000000000000000000000000000000000000000000000000000000000000000000000000
08ADC00F00AD000F46686CBF000000000000010001011F000000030000000000000000000000000000000000C4090000102700001000000010000000DB0000001000000010000000FFFFFFFFFFFFFFFFFFFFFFFFFFFFFFFFFFFFFFFFFFFFFFFFFFFFFFFFFFFFFFFFFFFFFFFFFFFFFFFFFFFFFFFFFFFFFFFFFFFFFFFFFFFFFFFFFFFFFFFFFFFFFFFFFFFFFFFFFFFFFFFFFFFFFFFFFFFFFFFFFFFFFFFFFFFFFFFFFFFFFFFFFFFFFFFFFFFFFFFFFFFFFFFFFFFFFFFF
089BC0100015000F46686D0400000000000000000000000003001400
08A7C01000A5000F466870BC0000000000000300FFFFFFFFFFFFFFFFFFFFFFFFFFFFFFFFFFFFFFFFFFFFFFFFFFFFFFFFFFFFFFFFFFFFFFFFFFFFFFFFFFFFFFFF333333333333333333333333333333333333333333333333333333333333333333333333333333333333333333333333333333333333333333333333333333333333333333333333333333333333333333333333333333330000000000000000000000000000000000000000
0887C010005D000F466875D400000000000000000000000000000000000000000000000000000000000000000000000000000000000000000000000000000000000000000000000000000000000000000000000000000000000000000000000000000000
0897C010003D000F4668FAF10000000000000101AD090000000000002D1800000200CA0006000000020000003E000000270000001F000000030000006200630063000000
09BAC00F0043000F466A8D1100000000070001010100295CE541E18A7444291C94438FC21242CDCCECC15C8FE2C07B14DE418FC2F53C0AD723BCD7A3903F000000000000000000000000
09CAC00E0027000F466A8D4B000000000000020000005EBA2B42A908D041B8AE0500ECED030028390000420C0000
09AAC00E0058000F466A8E9200000000000000BE9F5A404A0C424019045640000080BFE17A54401D5A44405A645B40F0A7863F0000003FCDCC4CBE9A390E44000080BF00000000CDCC4CBE3333F33F9A9999BE010101000101010107000000
09DAC00D0099000F466A8FCA00000000000100000100000000000000000000000000000000000000000000000000000000000000000000000000000000000000000000000000000000000000000000000000000000000000000000000000000000000000000000000000000000000000000000000000000000000000000000000000000000000000000000000000000000000000000000000000000000000000
08A4C00F0045000F466B07C400000000010001010101010101000000000000000000000000000000000000000000000000000000183400000000000000000000000000000000000003000000
088AC00F0013000F466B21640000000001000002000000000000
0890C010003D000F466B548B0000000000000000000000000000000000000000000000000000000000000000000000000000000000000000000000000100010001000100
08AAC0110049000F466B6E25000000000002000007000000000000000200000000000000060000000000000000000000000000000000000000000000803E0000803E0000FFFFFFFFFFFFFFFF00000C00
08ADC01000AD000F466C7C70000000000000010001011F000000030000000000000000000000000000000000C4090000102700001100000011000000E80000001100000011000000FFFFFFFFFFFFFFFFFFFFFFFFFFFFFFFFFFFFFFFFFFFFFFFFFFFFFFFFFFFFFFFFFFFFFFFFFFFFFFFFFFFFFFFFFFFFFFFFFFFFFFFFFFFFFFFFFFFFFFFFFFFFFFFFFFFFFFFFFFFFFFFFFFFFFFFFFFFFFFFFFFFFFFFFFFFFFFFFFFFFFFFFFFFFFFFFFFFFFFFFFFFFFFFFFFFFFFFF
0897C011003D000F466CFAF00000000000000101360A000000000000871900000300D8000700000002000000420000002900000022000000040000006200630063000001
08A4C0100045000F466E0CCB00000000010001010101010101000000000000000000000000000000000000000000000000000000183400000000000000000000000000000000000003000000
088AC0100013000F466E26700000000001000002000000000000
0890C011003D000F466E59980000000000000000000000000000000000000000000000000000000000000000000000000000000000000000000000000100010001000100
08AAC0120049000F466E7331000000000002000007000000000000000200000000000000060000000000000000000000000000000000000000000000803E0000803E0000FFFFFFFFFFFFFFFF00000C00
09BAC0100043000F466E8F6900000000080000000000295CE541E18A7444291C94438FC21242CDCCECC15C8FE2C07B14DE418FC2F53C0AD723BCD7A3903F000000000000000000000000
09CAC00F0027000F466E8FA200000000000002000000310830423E90ED41B8AE0500F8ED030028390000420C0000
09AAC00F0058000F466E911E00000000000000F853434077BE3F408FC25540000080BF58395440355E5A409A995940022B873FCDCCCCBECDCCCCBECD4C0D44000080BF00000000CDCCCC3F9A99993E9A9999BE010101000101010107000000
09DAC00E0099000F466E922000000000000100000100000000000000000000000000000000000000000000000000000000000000000000000000000000000000000000000000000000000000000000000000000000000000000000000000000000000000000000000000000000000000000000000000000000000000000000000000000000000000000000000000000000000000000000000000000000000000
08ADC01100AD000F466F08E9000000000000010001011F000000030000000000000000000000000000000000C4090000102700001200000012000000EF0000001200000012000000FFFFFFFFFFFFFFFFFFFFFFFFFFFFFFFFFFFFFFFFFFFFFFFFFFFFFFFFFFFFFFFFFFFFFFFFFFFFFFFFFFFFFFFFFFFFFFFFFFFFFFFFFFFFFFFFFFFFFFFFFFFFFFFFFFFFFFFFFFFFFFFFFFFFFFFFFFFFFFFFFFFFFFFFFFFFFFFFFFFFFFFFFFFFFFFFFFFFFFFFFFFFFFFFFFFFFFFF
08B8C0110069000F466F199A0000000000000100010001000000000000000000000000000000000012010000000000002F63662F64735F66696C7465725F74626C2E74626C00000000000000000000000000000000000000000000000000000000000000000000000000000000000000
089BC0110015000F466F333100000000000000000000000003001400
08A7C01100A5000F466F4CCD0000000000000300FFFFFFFFFFFFFFFFFFFFFFFFFFFFFFFFFFFFFFFFFFFFFFFFFFFFFFFFFFFFFFFFFFFFFFFFFFFFFFFFFFFFFFFF333333333333333333333333333333333333333333333333333333333333333333333333333333333333333333333333333333333333333333333333333333333333333333333333333333333333333333333333333333330000000000000000000000000000000000000000
0887C011005D000F466F666400000000000000000000000000000000000000000000000000000000000000000000000000000000000000000000000000000000000000000000000000000000000000000000000000000000000000000000000000000000
0897C012003D000F466FFFFC0000000000000101B50A000000000000B51A00000400E6000700000002000000460000002900000026000000040000000000630000000001
08B8C0120069000F4671199D000000000000010001000100000000000000000000000000000000001D010000000000002F63662F64735F66696C7465725F74626C2E74626C00000000000000000000000000000000000000000000000000000000000000000000000000000000000000
089BC0120015000F4671333300000000000000000000000003001400
08A7C01200A5000F46714CCF0000000000000300FFFFFFFFFFFFFFFFFFFFFFFFFFFFFFFFFFFFFFFFFFFFFFFFFFFFFFFFFFFFFFFFFFFFFFFFFFFFFFFFFFFFFFFF333333333333333333333333333333333333333333333333333333333333333333333333333333333333333333333333333333333333333333333333333333333333333333333333333333333333333333333333333333330000000000000000000000000000000000000000
0887C012005D000F4671666600000000000000000000000000000000000000000000000000000000000000000000000000000000000000000000000000000000000000000000000000000000000000000000000000000000000000000000000000000000
09BAC0110043000F46718F8D00000000080001010100295CE541E18A7444D72394438FC21242D7A3F8C10AD7ABC0713DE441CDCC4C3D0AD7233CD7A3903F000000000000000000000000
09CAC0100027000F46718FC30000000000000200000048E12D42BE34F141B8AE050004EE030028390000420C0000
09AAC0100058000F46719134000000000000004A0C42401B2F3D4019045640000080BFCFF75340D1225B40EC515840022B873FCDCC4CBE9A9999BE00800F44000080BF9A99993ECDCC2C40CDCCCCBD9A9999BE010101000101010107000000
09DAC00F0099000F4671925F00000000000100000100000000000000000000000000000000000000000000000000000000000000000000000000000000000000000000000000000000000000000000000000000000000000000000000000000000000000000000000000000000000000000000000000000000000000000000000000000000000000000000000000000000000000000000000000000000000000
0897C013003D000F467207BC00000000000001011D0B000000000000AC1B00000600F50007000000020000004A0000002900000029000000060000000300630063000101
08A4C0110045000F467407BE00000000010001010101010101000000000000000000000000000000000000000000000000000000183400000000000000000000000000000000000003000000
088AC0110013000F467421640000000001000002000000000000
08ADC01200AD000F46748663000000000000010001011F000000030000000000000000000000000000000000C4090000102700001400000014000000010100001400000014000000FFFFFFFFFFFFFFFFFFFFFFFFFFFFFFFFFFFFFFFFFFFFFFFFFFFFFFFFFFFFFFFFFFFFFFFFFFFFFFFFFFFFFFFFFFFFFFFFFFFFFFFFFFFFFFFFFFFFFFFFFFFFFFFFFFFFFFFFFFFFFFFFFFFFFFFFFFFFFFFFFFFFFFFFFFFFFFFFFFFFFFFFFFFFFFFFFFFFFFFFFFFFFFFFFFFFFFFF
0890C012003D000F467487C00000000000000000000000000000000000000000000000000000000000000000000000000000000000000000000000000100010001000100
08AAC0130049000F46748CDD000000000002000007000000000000000200000000000000060000000000000000000000000000000000000000000000803E0000803E0000FFFFFFFFFFFFFFFF00000C00
08B8C0130069000F4675171F0000000000000100010001000000000000000000000000000000000027010000000000002F63662F64735F66696C7465725F74626C2E74626C00000000000000000000000000000000000000000000000000000000000000000000000000000000000000
089BC0130015000F467530B500000000000000000000000003001400
08A7C01300A5000F46754A500000000000000300FFFFFFFFFFFFFFFFFFFFFFFFFFFFFFFFFFFFFFFFFFFFFFFFFFFFFFFFFFFFFFFFFFFFFFFFFFFFFFFFFFFFFFFF333333333333333333333333333333333333333333333333333333333333333333333333333333333333333333333333333333333333333333333333333333333333333333333333333333333333333333333333333333330000000000000000000000000000000000000000
0887C013005D000F467563E800000000000000000000000000000000000000000000000000000000000000000000000000000000000000000000000000000000000000000000000000000000000000000000000000000000000000000000000000000000
0897C014003D000F467626790000000000000101BA0B0000000000003C1D000006000E0108000000020000004E000000290000002D000000060000000F00630000000101
09BAC0120043000F46768CEE00000000090000000000295CE541E18A7444D72394438FC21242D7A3F8C10AD7ABC0713DE441CDCC4C3D0AD7233CD7A3903F000000000000000000000000
09CAC0110027000F46768D2A000000000000020000003108304215BCEC41B8AE050010EE030028390000420C0000
09AAC0110058000F46768E8F000000000000006F1243409A9959408FC25540000080BF46B6534023DB59409CC42040F0A7863FCDCC4CBE3333B33F9A390F44000080BF9A99993E3333333F9A9919BFCDCC4CBE010101000101010107000000
09DAC0100099000F46768FAE00000000000100000100000000000000000000000000000000000000000000000000000000000000000000000000000000000000000000000000000000000000000000000000000000000000000000000000000000000000000000000000000000000000000000000000000000000000000000000000000000000000000000000000000000000000000000000000000000000000
08A4C0120045000F46780A5000000000010001010101010101000000000000000000000000000000000000000000000000000000183400000000000000000000000000000000000003000000
088AC0120013000F46785E320000000001000002000000000000
0890C013003D000F4678667F0000000000000000000000000000000000000000000000000000000000000000000000000000000000000000000000000100010001000100
08AAC0140049000F467870B5000000000002000007000000000000000200000000000000060000000000000000000000000000000000000000000000803E0000803E0000FFFFFFFFFFFFFFFF00000C00
08B8C0140069000F4679171F0000000000000100010001000000000000000000000000000000000033010000000000002F63662F64735F66696C7465725F74626C2E74626C00000000000000000000000000000000000000000000000000000000000000000000000000000000000000
089BC0140015000F467930B500000000000000000000000003001400
08A7C01400A5000F46794A520000000000000300FFFFFFFFFFFFFFFFFFFFFFFFFFFFFFFFFFFFFFFFFFFFFFFFFFFFFFFFFFFFFFFFFFFFFFFFFFFFFFFFFFFFFFFF333333333333333333333333333333333333333333333333333333333333333333333333333333333333333333333333333333333333333333333333333333333333333333333333333333333333333333333333333333330000000000000000000000000000000000000000
08ADC01300AD000F4679A41D000000000000010001011F000000030000000000000000000000000000000000C40900001027000015000000150000000D0100001500000015000000FFFFFFFFFFFFFFFFFFFFFFFFFFFFFFFFFFFFFFFFFFFFFFFFFFFFFFFFFFFFFFFFFFFFFFFFFFFFFFFFFFFFFFFFFFFFFFFFFFFFFFFFFFFFFFFFFFFFFFFFFFFFFFFFFFFFFFFFFFFFFFFFFFFFFFFFFFFFFFFFFFFFFFFFFFFFFFFFFFFFFFFFFFFFFFFFFFFFFFFFFFFFFFFFFFFFFFFF
0887C014005D000F4679A45700000000000000000000000000000000000000000000000000000000000000000000000000000000000000000000000000000000000000000000000000000000000000000000000000000000000000000000000000000000
0897C015003D000F4679FD8000000000000001015B0C000000000000CC1E0000060028010800000002000000520000002900000030000000060000006300630000000101
09BAC0130043000F467B8D1100000000090001010100AE47E541858B7444A4109443CDCC124252B8F0C1A470EDC048E1CA410AD7233C8FC2F5BC3D0A973F000000000000000000000000
09CAC0120027000F467B8D480000000000000200000031083042FC65ED41B8AE050010EE030028390000410C0000
09AAC0120058000F467B8EAD00000000000000A24556409A99594019045640000080BF33335340A24556404E623040DD24863F9A99993E6766A63F9AB90F44000080BF00000000000000009A9999BECDCC4CBE010101000101010107000000
09DAC0110099000F467B8FD400000000000100000100000000000000000000000000000000000000000000000000000000000000000000000000000000000000000000000000000000000000000000000000000000000000000000000000000000000000000000000000000000000000000000000000000000000000000000000000000000000000000000000000000000000000000000000000000000000000
08A4C0130045000F467C386500000000010001010101010101000000000000000000000000000000000000000000000000000000183400000000000000000000000000000000000003000000
088AC0130013000F467C3D910000000001000002000000000000
0890C014003D000F467C571C0000000000000000000000000000000000000000000000000000000000000000000000000000000000000000000000000100010001000100
08AAC0150049000F467C70B6000000000002000007000000000000000200000000000000060000000000000000000000000000000000000000000000803E0000803E0000FFFFFFFFFFFFFFFF00000C00
08B8C0150069000F467D171E000000000000010001000100000000000000000000000000000000003C010000000000002F63662F64735F66696C7465725F74626C2E74626C00000000000000000000000000000000000000000000000000000000000000000000000000000000000000
089BC0150015000F467D30B500000000000000000000000003001400
08ADC01400AD000F467D7B2B000000000000010001011F000000030000000000000000000000000000000000C4090000102700001600000016000000180100001600000016000000FFFFFFFFFFFFFFFFFFFFFFFFFFFFFFFFFFFFFFFFFFFFFFFFFFFFFFFFFFFFFFFFFFFFFFFFFFFFFFFFFFFFFFFFFFFFFFFFFFFFFFFFFFFFFFFFFFFFFFFFFFFFFFFFFFFFFFFFFFFFFFFFFFFFFFFFFFFFFFFFFFFFFFFFFFFFFFFFFFFFFFFFFFFFFFFFFFFFFFFFFFFFFFFFFFFFFFFF
08A7C01500A5000F467D7D8C0000000000000300FFFFFFFFFFFFFFFFFFFFFFFFFFFFFFFFFFFFFFFFFFFFFFFFFFFFFFFFFFFFFFFFFFFFFFFFFFFFFFFFFFFFFFFF333333333333333333333333333333333333333333333333333333333333333333333333333333333333333333333333333333333333333333333333333333333333333333333333333333333333333333333333333333330000000000000000000000000000000000000000
0887C015005D000F467D82A300000000000000000000000000000000000000000000000000000000000000000000000000000000000000000000000000000000000000000000000000000000000000000000000000000000000000000000000000000000
0897C016003D000F467DFD810000000000000101FC0C0000000000005C200000060044010800000002000000560000002900000034000000060000006300630000000100
08A4C0140045000F4680148200000000010001010101010101000000000000000000000000000000000000000000000000000000183400000000000000000000000000000000000004000000
088AC0140013000F468026740000000001000002000000000000
0890C015003D000F4680599A0000000000000000000000000000000000000000000000000000000000000000000000000000000000000000000000000100010001000100
08AAC0160049000F4680B00D000000000002000007000000000000000200000000000000060000000000000000000000000000000000000000000000803E0000803E0000FFFFFFFFFFFFFFFF00000C00
09BAC0140043000F4680B02F000000000A0000000000AE47E541858B7444A4109443CDCC124252B8F0C1A470EDC048E1CA410AD7233C8FC2F5BC3D0A973F000000000000000000000000
09BAC0150043000F4680B060000000000A0001010100B81EE541E18A744400209443CDCC1242B81EEBC15C8FC2C0F628DE410AD723BC0AD7A3BC3333933F000000000000000000000000
09CAC0130027000F4680B0930000000000000200000031083042E2F3E741B8AE050020EE030028390000410C0000
09AAC0130058000F4680B1D40000000000000087165940C74B5740508D5740000080BF2B8756408B6C27408D972E40022B873F3333F33FCDCCCCBD3373CB43000080BFCDCCCCBDCDCC4CBE9A9919BFCDCC4CBE010101000101010107000000
09BAC0160043000F4680B34A000000000B0000000000B81EE541E18A744400209443CDCC1242B81EEBC15C8FC2C0F628DE410AD723BC0AD7A3BC3333933F000000000000000000000000
09CAC0140027000F4680B381000000000000020000003108304255558542B8AE050020EE030028390000410C0000
09AAC0140058000F4680B4F700000000000000355E5A403D0A574019045640000080BF21B052408B6C274004562E40F0A7863F9A991940CDCCCC3D9AD90E44000080BF9A99993ECDCC4CBECDCC4CBE00000000010101000101010107000000
09DAC0120099000F4680B60D00000000000100000100000000000000000000000000000000000000000000000000000000000000000000000000000000000000000000000000000000000000000000000000000000000000000000000000000000000000000000000000000000000000000000000000000000000000000000000000000000000000000000000000000000000000000000000000000000000000
08ADC01500AD000F468152DC000000000000010001011F000000030000000000000000000000000000000000C4090000102700001700000017000000230100001700000017000000FFFFFFFFFFFFFFFFFFFFFFFFFFFFFFFFFFFFFFFFFFFFFFFFFFFFFFFFFFFFFFFFFFFFFFFFFFFFFFFFFFFFFFFFFFFFFFFFFFFFFFFFFFFFFFFFFFFFFFFFFFFFFFFFFFFFFFFFFFFFFFFFFFFFFFFFFFFFFFFFFFFFFFFFFFFFFFFFFFFFFFFFFFFFFFFFFFFFFFFFFFFFFFFFFFFFFFFF
08B8C0160069000F468154850000000000000100010001000000000000000000000000000000000047010000000000002F63662F64735F66696C7465725F74626C2E74626C00000000000000000000000000000000000000000000000000000000000000000000000000000000000000
089BC0160015000F4681599C00000000000000000000000003001400
08A7C01600A5000F46815EBD0000000000000300FFFFFFFFFFFFFFFFFFFFFFFFFFFFFFFFFFFFFFFFFFFFFFFFFFFFFFFFFFFFFFFFFFFFFFFFFFFFFFFFFFFFFFFF333333333333333333333333333333333333333333333333333333333333333333333333333333333333333333333333333333333333333333333333333333333333333333333333333333333333333333333333333333330000000000000000000000000000000000000000
0887C016005D000F4681666700000000000000000000000000000000000000000000000000000000000000000000000000000000000000000000000000000000000000000000000000000000000000000000000000000000000000000000000000000000
0897C017003D000F4681002000000000000001019D0D000000000000EC2100000600620109000000020000005A0000002900000039000000060000000000630063000100
08A4C0150045000F46820CCF00000000010001010101010101000000000000000000000000000000000000000000000000000000183400000000000000000000000000000000000004000000
088AC0150013000F468226750000000001000002000000000000
0890C016003D000F4682599A0000000000000000000000000000000000000000000000000000000000000000000000000000000000000000000000000100010001000100
08AAC0170049000F46827334000000000002000007000000000000000200000000000000060000000000000000000000000000000000000000000000803E0000803E0000FFFFFFFFFFFFFFFF00000C00
08ADC01600AD000F4682DF38000000000000010001011F000000030000000000000000000000000000000000C40900001027000018000000180000002C0100001800000018000000FFFFFFFFFFFFFFFFFFFFFFFFFFFFFFFFFFFFFFFFFFFFFFFFFFFFFFFFFFFFFFFFFFFFFFFFFFFFFFFFFFFFFFFFFFFFFFFFFFFFFFFFFFFFFFFFFFFFFFFFFFFFFFFFFFFFFFFFFFFFFFFFFFFFFFFFFFFFFFFFFFFFFFFFFFFFFFFFFFFFFFFFFFFFFFFFFFFFFFFFFFFFFFFFFFFFFFFF
08B8C0170069000F4683148F0000000000000100010001000000000000000000000000000000000051010000000000002F63662F64735F66696C7465725F74626C2E74626C00000000000000000000000000000000000000000000000000000000000000000000000000000000000000
089BC0170015000F46832E2600000000000000000000000003001400
08A7C01700A5000F468347C30000000000000300FFFFFFFFFFFFFFFFFFFFFFFFFFFFFFFFFFFFFFFFFFFFFFFFFFFFFFFFFFFFFFFFFFFFFFFFFFFFFFFFFFFFFFFF333333333333333333333333333333333333333333333333333333333333333333333333333333333333333333333333333333333333333333333333333333333333333333333333333333333333333333333333333333330000000000000000000000000000000000000000
0887C017005D000F4683615900000000000000000000000000000000000000000000000000000000000000000000000000000000000000000000000000000000000000000000000000000000000000000000000000000000000000000000000000000000
09BAC0170043000F46838A82000000000B0001010100B81EE541E18A74441F2594438FC21242D7A3FAC152B8DEC06666E041000000800AD7A3BC8FC2953F000000000000000000000000
09CAC0150027000F46838AB40000000000000200000048E12D423FFBBE41B8AE050028EE030028390000410C0000
09AAC0150058000F46838C1800000000000000D1225B407D3F5540A2455640000080BF3333534033333340FED45840022B873F6766E63FCDCC4CBE67C60F44000080BFCDCC4C3ECDCC4CBECDCCCC3DCDCC4CBE010101000101010107000000
09DAC0130099000F46838D2D00000000000100000100000000000000000000000000000000000000000000000000000000000000000000000000000000000000000000000000000000000000000000000000000000000000000000000000000000000000000000000000000000000000000000000000000000000000000000000000000000000000000000000000000000000000000000000000000000000000
0897C018003D000F4684290500000000000001011C0E0000000000001A2300000700740109000000020000005E000000290000003C000000070000001000630063000100
08B8C0180069000F468619A0000000000000010001000100000000000000000000000000000000005D010000000000002F63662F64735F66696C7465725F74626C2E74626C00000000000000000000000000000000000000000000000000000000000000000000000000000000000000
089BC0180015000F4686333500000000000000000000000003001400
08A7C01800A5000F46864CD00000000000000300FFFFFFFFFFFFFFFFFFFFFFFFFFFFFFFFFFFFFFFFFFFFFFFFFFFFFFFFFFFFFFFFFFFFFFFFFFFFFFFFFFFFFFFF333333333333333333333333333333333333333333333333333333333333333333333333333333333333333333333333333333333333333333333333333333333333333333333333333333333333333333333333333333330000000000000000000000000000000000000000
0887C018005D000F4686666800000000000000000000000000000000000000000000000000000000000000000000000000000000000000000000000000000000000000000000000000000000000000000000000000000000000000000000000000000000
0897C019003D000F468700120000000000000101910E0000000000004824000008008E01090000000200000062000000290000003F000000070000000000630063000100
09BAC0180043000F46878A5F000000000C0000000000B81EE541E18A74441F2594438FC21242D7A3FAC152B8DEC06666E041000000800AD7A3BC8FC2953F000000000000000000000000
09CAC0160027000F46878A9C0000000000000200000048E12D42A2B1EA41B8AE05002CEE030028390000410C0000
09AAC0160058000F46878C0100000000000000D1225B40DF4F2D4019045640000080BF333353400E2D3240E3A55B40DD24863F9A99193FCDCCCCBE00200C44000080BFCDCC4C3ECDCC4CBE0000C03FCDCC4CBE010101000101010107000000
09DAC0140099000F46878D2100000000000100000100000000000000000000000000000000000000000000000000000000000000000000000000000000000000000000000000000000000000000000000000000000000000000000000000000000000000000000000000000000000000000000000000000000000000000000000000000000000000000000000000000000000000000000000000000000000000
08A4C0160045000F468942A100000000010001010101010101000000000000000000000000000000000000000000000000000000183400000000000000000000000000000000000004000000
088AC0160013000F468947CE0000000001000002000000000000
0890C017003D000F4689571A0000000000000000000000000000000000000000000000000000000000000000000000000000000000000000000000000100010001000100
08AAC0180049000F468970B4000000000002000007000000000000000200000000000000060000000000000000000000000000000000000000000000803E0000803E0000FFFFFFFFFFFFFFFF00000C00
08ADC01700AD000F468A89F1000000000000010001011F000000030000000000000000000000000000000000C4090000102700001A0000001A000000410100001A0000001A000000FFFFFFFFFFFFFFFFFFFFFFFFFFFFFFFFFFFFFFFFFFFFFFFFFFFFFFFFFFFFFFFFFFFFFFFFFFFFFFFFFFFFFFFFFFFFFFFFFFFFFFFFFFFFFFFFFFFFFFFFFFFFFFFFFFFFFFFFFFFFFFFFFFFFFFFFFFFFFFFFFFFFFFFFFFFFFFFFFFFFFFFFFFFFFFFFFFFFFFFFFFFFFFFFFFFFFFFF
09BAC0190043000F468C8D11000000000C0001010100C3F5E441F6887444664694438FC21242F628F2C13333D3C08FC2E9418FC2F5BC0AD7A3BC3D0A973F000000000000000000000000
09CAC0170027000F468C8D490000000000000200000031083042B6EAEC41B8AE05003CEE030028390000410C0000
09AAC0170058000F468C8EA100000000000000508D5740EC5138408FC25540000080BF33335340621058405A645B40DD24863FCDCCCCBDCDCCCCBE67E61144000080BF00000000CDCC4C3E0000803FCDCC4CBE010101000101010107000000
09DAC0150099000F468C8FCB00000000000100000100000000000000000000000000000000000000000000000000000000000000000000000000000000000000000000000000000000000000000000000000000000000000000000000000000000000000000000000000000000000000000000000000000000000000000000000000000000000000000000000000000000000000000000000000000000000000
08A4C0170045000F468D1ECA00000000010001010101010101000000000000000000000000000000000000000000000000000000183400000000000000000000000000000000000004000000
088AC0170013000F468D23F70000000001000002000000000000
0890C018003D000F468D571A0000000000000000000000000000000000000000000000000000000000000000000000000000000000000000000000000100010001000100
08AAC0190049000F468D70B5000000000002000007000000000000000200000000000000060000000000000000000000000000000000000000000000803E0000803E0000FFFFFFFFFFFFFFFF00000C00
08ADC01800AD000F468E5CD1000000000000010001011F000000030000000000000000000000000000000000C4090000102700001B0000001B0000004A0100001B0000001B000000FFFFFFFFFFFFFFFFFFFFFFFFFFFFFFFFFFFFFFFFFFFFFFFFFFFFFFFFFFFFFFFFFFFFFFFFFFFFFFFFFFFFFFFFFFFFFFFFFFFFFFFFFFFFFFFFFFFFFFFFFFFFFFFFFFFFFFFFFFFFFFFFFFFFFFFFFFFFFFFFFFFFFFFFFFFFFFFFFFFFFFFFFFFFFFFFFFFFFFFFFFFFFFFFFFFFFFFF
08B8C0190069000F468E5D0B000000000000010001000100000000000000000000000000000000006E010000000000002F63662F64735F66696C7465725F74626C2E74626C00000000000000000000000000000000000000000000000000000000000000000000000000000000000000
089BC0190015000F468E615900000000000000000000000003001400
08A7C01900A5000F468E667A0000000000000300FFFFFFFFFFFFFFFFFFFFFFFFFFFFFFFFFFFFFFFFFFFFFFFFFFFFFFFFFFFFFFFFFFFFFFFFFFFFFFFFFFFFFFFF333333333333333333333333333333333333333333333333333333333333333333333333333333333333333333333333333333333333333333333333333333333333333333333333333333333333333333333333333333330000000000000000000000000000000000000000
0887C019005D000F468E6B9600000000000000000000000000000000000000000000000000000000000000000000000000000000000000000000000000000000000000000000000000000000000000000000000000000000000000000000000000000000
0897C01A003D000F468EFD7F0000000000000101B80F000000000000302700000900B10109000000020000006A0000002900000046000000080000006300630000000101
08A4C0180045000F46911EBA00000000010001010101010101000000000000000000000000000000000000000000000000000000183400000000000000000000000000000000000004000000
088AC0180013000F469126750000000001000002000000000000
0890C019003D000F4691599A0000000000000000000000000000000000000000000000000000000000000000000000000000000000000000000000000100010001000100
08AAC01A0049000F46917335000000000002000007000000000000000200000000000000060000000000000000000000000000000000000000000000803E0000803E0000FFFFFFFFFFFFFFFF00000C00
09BAC01A0043000F46918F6E000000000D0000000000C3F5E441F6887444664694438FC21242F628F2C13333D3C08FC2E9418FC2F5BC0AD7A3BC3D0A973F000000000000000000000000
09CAC0180027000F46918FA40000000000000200000048E12D422A78E941B8AE050040EE030028390000410C0000
09AAC0180058000F4691911C0000000000000048E13A40A245364019045640000080BFBC7453405A645B4075935840022B873FCDCCCCBD000000BF00600D44000080BFCDCCCCBD9A99394000000000000000BF010101000101010107000000
09DAC0160099000F4691921C00000000000100000100000000000000000000000000000000000000000000000000000000000000000000000000000000000000000000000000000000000000000000000000000000000000000000000000000000000000000000000000000000000000000000000000000000000000000000000000000000000000000000000000000000000000000000000000000000000000
08ADC01900AD000F46925CD5000000000000010001011F000000030000000000000000000000000000000000C4090000102700001B0000001C000000550100001B0000001C000000FFFFFFFFFFFFFFFFFFFFFFFFFFFFFFFFFFFFFFFFFFFFFFFFFFFFFFFFFFFFFFFFFFFFFFFFFFFFFFFFFFFFFFFFFFFFFFFFFFFFFFFFFFFFFFFFFFFFFFFFFFFFFFFFFFFFFFFFFFFFFFFFFFFFFFFFFFFFFFFFFFFFFFFFFFFFFFFFFFFFFFFFFFFFFFFFFFFFFFFFFFFFFFFFFFFFFFFF
08B8C01A0069000F46925D130000000000000100010001000000000000000000000000000000000078010000000000002F63662F64735F66696C7465725F74626C2E74626C00000000000000000000000000000000000000000000000000000000000000000000000000000000000000
089BC01A0015000F4692614900000000000000000000000003001400
08A7C01A00A5000F4692666B0000000000000300FFFFFFFFFFFFFFFFFFFFFFFFFFFFFFFFFFFFFFFFFFFFFFFFFFFFFFFFFFFFFFFFFFFFFFFFFFFFFFFFFFFFFFFF333333333333333333333333333333333333333333333333333333333333333333333333333333333333333333333333333333333333333333333333333333333333333333333333333333333333333333333333333333330000000000000000000000000000000000000000
0887C01A005D000F46926B8700000000000000000000000000000000000000000000000000000000000000000000000000000000000000000000000000000000000000000000000000000000000000000000000000000000000000000000000000000000
0897C01B003D000F4692002100000000000001014310000000000000892800000A00C0010A000000020000006E000000290000004B000000080000000000630063000100
08A4C0190045000F46930CCF00000000010001010101010101000000000000000000000000000000000000000000000000000000183400000000000000000000000000000000000005000000
088AC0190013000F469326760000000001000002000000000000
0890C01A003D000F4693599A0000000000000000000000000000000000000000000000000000000000000000000000000000000000000000000000000100010001000100
08AAC01B0049000F46937335000000000002000007000000000000000200000000000000060000000000000000000000000000000000000000000000803E0000803E0000FFFFFFFFFFFFFFFF00000C00
08ADC01A00AD000F46942FDA000000000000010001011F000000030000000000000000000000000000000000C4090000102700001C0000001D0000005E0100001C0000001D000000FFFFFFFFFFFFFFFFFFFFFFFFFFFFFFFFFFFFFFFFFFFFFFFFFFFFFFFFFFFFFFFFFFFFFFFFFFFFFFFFFFFFFFFFFFFFFFFFFFFFFFFFFFFFFFFFFFFFFFFFFFFFFFFFFFFFFFFFFFFFFFFFFFFFFFFFFFFFFFFFFFFFFFFFFFFFFFFFFFFFFFFFFFFFFFFFFFFFFFFFFFFFFFFFFFFFFFFF
089BC01B0015000F469430AA00000000000000000000000003001400
08A7C01B00A5000F46944CD10000000000000300FFFFFFFFFFFFFFFFFFFFFFFFFFFFFFFFFFFFFFFFFFFFFFFFFFFFFFFFFFFFFFFFFFFFFFFFFFFFFFFFFFFFFFFF333333333333333333333333333333333333333333333333333333333333333333333333333333333333333333333333333333333333333333333333333333333333333333333333333333333333333333333333333333330000000000000000000000000000000000000000
0887C01B005D000F4694666800000000000000000000000000000000000000000000000000000000000000000000000000000000000000000000000000000000000000000000000000000000000000000000000000000000000000000000000000000000
09BAC01B0043000F46948F90000000000D000101010048E1E4419A8974443333944314AE124214AEF3C166661AC13D0AE341CDCC4CBD8FC275BDEC51983F000000000000000000000000
09CAC0190027000F46948FC80000000000000200000031083042DF21EC41B8AE05004CEE030028390000410C0000
09AAC0190058000F4694911B000000000000002FDD4440759358408FC25540000080BFBC745340BE9F5A40A01A4F40F0A7863FCDCC4CBECDCCCC3E67860D44000080BF9A9999BE6766A63F9A9999BE000000BF010101000101010107000000
09DAC0170099000F4694924700000000000100000100000000000000000000000000000000000000000000000000000000000000000000000000000000000000000000000000000000000000000000000000000000000000000000000000000000000000000000000000000000000000000000000000000000000000000000000000000000000000000000000000000000000000000000000000000000000000
0897C01C003D000F469500000000000000000101AF10000000000000802900000C00C9010D0000000200000072000000290000004E000000090000000000630000000101
08B8C01B0069000F4697199F000000000000010001000100000000000000000000000000000000008D010000000000002F63662F64735F66696C7465725F74626C2E74626C00000000000000000000000000000000000000000000000000000000000000000000000000000000000000
089BC01C0015000F4697333500000000000000000000000003001400
08A7C01C00A5000F46974CD10000000000000300FFFFFFFFFFFFFFFFFFFFFFFFFFFFFFFFFFFFFFFFFFFFFFFFFFFFFFFFFFFFFFFFFFFFFFFFFFFFFFFFFFFFFFFF333333333333333333333333333333333333333333333333333333333333333333333333333333333333333333333333333333333333333333333333333333333333333333333333333333333333333333333333333333330000000000000000000000000000000000000000
0887C01C005D000F4697666800000000000000000000000000000000000000000000000000000000000000000000000000000000000000000000000000000000000000000000000000000000000000000000000000000000000000000000000000000000
0897C01D003D000F4698001200000000000001012411000000000000AE2A00000D00E0010D000000020000007600000029000000510000000A0000000000630063000100
09BAC01C0043000F46988A64000000000E000000000048E1E4419A8974443333944314AE124214AEF3C166661AC13D0AE341CDCC4CBD8FC275BDEC51983F000000000000000000000000
09CAC01A0027000F46988AAE0000000000000200000048E12D426990B641B8AE050050EE030028390000410C0000
09AAC01A0058000F46988C0C000000000000004A0C4240759358408FC25540000080BF21B052407593584037892140DD24863FCDCCCCBDCDCC0C409AD91044000080BF00000000CDCC4C3ECDCCCCBECDCCCCBD010101000101010107000000
09DAC0180099000F46988D2700000000000100000100000000000000000000000000000000000000000000000000000000000000000000000000000000000000000000000000000000000000000000000000000000000000000000000000000000000000000000000000000000000000000000000000000000000000000000000000000000000000000000000000000000000000000000000000000000000000
08A4C01A0045000F469A07BF00000000010001010101010101000000000000000000000000000000000000000000000000000000183400000000000000000000000000000000000005000000
088AC01A0013000F469A21650000000001000002000000000000
0890C01B003D000F469A78620000000000000000000000000000000000000000000000000000000000000000000000000000000000000000000000000100010001000100
08AAC01C0049000F469A7D82000000000002000007000000000000000200000000000000060000000000000000000000000000000000000000000000803E0000803E0000FFFFFFFFFFFFFFFF00000C00
08B8C01C0069000F469B171F0000000000000100010001000000000000000000000000000000000097010000000000002F63662F64735F66696C7465725F74626C2E74626C00000000000000000000000000000000000000000000000000000000000000000000000000000000000000
089BC01D0015000F469B30B400000000000000000000000003001400
08A7C01D00A5000F469B4A520000000000000300FFFFFFFFFFFFFFFFFFFFFFFFFFFFFFFFFFFFFFFFFFFFFFFFFFFFFFFFFFFFFFFFFFFFFFFFFFFFFFFFFFFFFFFF333333333333333333333333333333333333333333333333333333333333333333333333333333333333333333333333333333333333333333333333333333333333333333333333333333333333333333333333333333330000000000000000000000000000000000000000
0887C01D005D000F469B63E800000000000000000000000000000000000000000000000000000000000000000000000000000000000000000000000000000000000000000000000000000000000000000000000000000000000000000000000000000000
08ADC01B00AD000F469BB86A000000000000010001011F000000030000000000000000000000000000000000C4090000102700001E0000001F000000740100001E0000001F000000FFFFFFFFFFFFFFFFFFFFFFFFFFFFFFFFFFFFFFFFFFFFFFFFFFFFFFFFFFFFFFFFFFFFFFFFFFFFFFFFFFFFFFFFFFFFFFFFFFFFFFFFFFFFFFFFFFFFFFFFFFFFFFFFFFFFFFFFFFFFFFFFFFFFFFFFFFFFFFFFFFFFFFFFFFFFFFFFFFFFFFFFFFFFFFFFFFFFFFFFFFFFFFFFFFFFFFFF
0897C01E003D000F469BFD7F0000000000000101C5110000000000003E2C00000D00FC010E000000020000007A00000029000000540000000A0000006300630000000100
09BAC01D0043000F469D3887000000000E0001010100CDCCE441F6887444B83E944348E112423333F9C18FC2B5C03333E1410AD7A33C0AD723BCD7A3903F000000000000000000000000
09BAC01E0043000F469D8B1D000000000F0000000000CDCCE441F6887444B83E944348E112423333F9C18FC2B5C03333E1410AD7A33C0AD723BCD7A3903F000000000000000000000000
09CAC01B0027000F469D8B510000000000000200000031083042208AEE41B8AE050058EE030028390000410C0000
09AAC01B0058000F469D8CCB0000000000000075935840FED458408FC25540000080BFAAF15240E92651404E623040CBA1853FCDCC4C3F3333333F67260D44000080BFCDCCCC3DCDCC4CBE9A9999BE00000000010101000101010107000000
09DAC0190099000F469D8DDA00000000000100000100000000000000000000000000000000000000000000000000000000000000000000000000000000000000000000000000000000000000000000000000000000000000000000000000000000000000000000000000000000000000000000000000000000000000000000000000000000000000000000000000000000000000000000000000000000000000
09BAC01F0043000F469DB85F000000000F00010101006666E441E18A7444002094433D0A1342D7A3F4C148E182C03333DB410AD7A3BC8FC2F5BC3333933F000000000000000000000000
09CAC01C0027000F469DB89B00000000000002000000310830423C3CBC40B8AE05005CEE030028390000410C0000
09AAC01C0058000F469DB9D200000000000000D9CE57408716594075935840000080BF3D0A57407B144E40C5203040DD24863F3333333F6766663F6726C743000080BFCDCCCCBD000000009A9999BE9A9999BE010101000101010107000000
08A4C01B0045000F469E452A00000000010001010101010101000000000000000000000000000000000000000000000000000000183400000000000000000000000000000000000005000000
088AC01B0013000F469E47D10000000001000002000000000000
0890C01C003D000F469E54880000000000000000000000000000000000000000000000000000000000000000000000000000000000000000000000000100010001000100
08AAC01D0049000F469E6E22000000000002000007000000000000000200000000000000060000000000000000000000000000000000000000000000803E0000803E0000FFFFFFFFFFFFFFFF00000C00
08B8C01D0069000F469F148C00000000000001000100010000000000000000000000000000000000A1010000000000002F63662F64735F66696C7465725F74626C2E74626C00000000000000000000000000000000000000000000000000000000000000000000000000000000000000
089BC01E0015000F469F2E2200000000000000000000000003001400
08ADC01C00AD000F469F8B5B000000000000010001011F000000030000000000000000000000000000000000C4090000102700001F000000200000007F0100001F00000020000000FFFFFFFFFFFFFFFFFFFFFFFFFFFFFFFFFFFFFFFFFFFFFFFFFFFFFFFFFFFFFFFFFFFFFFFFFFFFFFFFFFFFFFFFFFFFFFFFFFFFFFFFFFFFFFFFFFFFFFFFFFFFFFFFFFFFFFFFFFFFFFFFFFFFFFFFFFFFFFFFFFFFFFFFFFFFFFFFFFFFFFFFFFFFFFFFFFFFFFFFFFFFFFFFFFFFFFFF
08A7C01E00A5000F469F8B960000000000000300FFFFFFFFFFFFFFFFFFFFFFFFFFFFFFFFFFFFFFFFFFFFFFFFFFFFFFFFFFFFFFFFFFFFFFFFFFFFFFFFFFFFFFFF333333333333333333333333333333333333333333333333333333333333333333333333333333333333333333333333333333333333333333333333333333333333333333333333333333333333333333333333333333330000000000000000000000000000000000000000
0887C01E005D000F469F8F6A00000000000000000000000000000000000000000000000000000000000000000000000000000000000000000000000000000000000000000000000000000000000000000000000000000000000000000000000000000000
0897C01F003D000F469FFAED00000000000001016612000000000000CE2D00000D001A020F000000020000007E00000029000000580000000B0000006200630063000101
08A4C01C0045000F46A223D900000000010001010101010101000000000000000000000000000000000000000000000000000000183400000000000000000000000000000000000005000000
088AC01C0013000F46A229080000000001000002000000000000
0890C01D003D000F46A2599A0000000000000000000000000000000000000000000000000000000000000000000000000000000000000000000000000100010001000100
08AAC01E0049000F46A27335000000000002000007000000000000000200000000000000060000000000000000000000000000000000000000000000803E0000803E0000FFFFFFFFFFFFFFFF00000C00
09BAC0200043000F46A28F70000000001000000000006666E441E18A7444002094433D0A1342D7A3F4C148E182C03333DB410AD7A3BC8FC2F5BC3333933F000000000000000000000000
09CAC01D0027000F46A28FA70000000000000200000048E12D426D06F641B8AE050068EE030028390000410C0000
09AAC01D0058000F46A2912200000000000000355E5A402B8756408FC25540000080BF21B05240DF4F2D404E623040F0A7863F9A991940CDCC4C3ECD0C0F44000080BFCDCCCCBDCDCC4CBECDCCCCBE9A9999BE010101000101010107000000
09DAC01A0099000F46A2921E00000000000100000100000000000000000000000000000000000000000000000000000000000000000000000000000000000000000000000000000000000000000000000000000000000000000000000000000000000000000000000000000000000000000000000000000000000000000000000000000000000000000000000000000000000000000000000000000000000000
08ADC01D00AD000F46A35FE0000000000000010001011F000000030000000000000000000000000000000000C40900001027000020000000210000008A0100002000000021000000FFFFFFFFFFFFFFFFFFFFFFFFFFFFFFFFFFFFFFFFFFFFFFFFFFFFFFFFFFFFFFFFFFFFFFFFFFFFFFFFFFFFFFFFFFFFFFFFFFFFFFFFFFFFFFFFFFFFFFFFFFFFFFFFFFFFFFFFFFFFFFFFFFFFFFFFFFFFFFFFFFFFFFFFFFFFFFFFFFFFFFFFFFFFFFFFFFFFFFFFFFFFFFFFFFFFFFFF
08B8C01E0069000F46A3601E00000000000001000100010000000000000000000000000000000000AC010000000000002F63662F64735F66696C7465725F74626C2E74626C00000000000000000000000000000000000000000000000000000000000000000000000000000000000000
089BC01F0015000F46A363D900000000000000000000000003001400
08A7C01F00A5000F46A368F90000000000000300FFFFFFFFFFFFFFFFFFFFFFFFFFFFFFFFFFFFFFFFFFFFFFFFFFFFFFFFFFFFFFFFFFFFFFFFFFFFFFFFFFFFFFFF333333333333333333333333333333333333333333333333333333333333333333333333333333333333333333333333333333333333333333333333333333333333333333333333333333333333333333333333333333330000000000000000000000000000000000000000
0887C01F005D000F46A36E1600000000000000000000000000000000000000000000000000000000000000000000000000000000000000000000000000000000000000000000000000000000000000000000000000000000000000000000000000000000
0897C020003D000F46A40C1D000000000000010107130000000000005E2F00000D003502110000000200000082000000290000005D0000000B0000000600630001000100
08A4C01D0045000F46A607BF00000000010001010101010101000000000000000000000000000000000000000000000000000000183400000000000000000000000000000000000005000000
088AC01D0013000F46A621650000000001000002000000000000
0890C01E003D000F46A6548C0000000000000000000000000000000000000000000000000000000000000000000000000000000000000000000000000100010001000100
08AAC01F0049000F46A66E26000000000002000007000000000000000200000000000000060000000000000000000000000000000000000000000000803E0000803E0000FFFFFFFFFFFFFFFF00000C00
08ADC01E00AD000F46A732E1000000000000010001011F000000030000000000000000000000000000000000C4090000102700002100000022000000970100002100000022000000FFFFFFFFFFFFFFFFFFFFFFFFFFFFFFFFFFFFFFFFFFFFFFFFFFFFFFFFFFFFFFFFFFFFFFFFFFFFFFFFFFFFFFFFFFFFFFFFFFFFFFFFFFFFFFFFFFFFFFFFFFFFFFFFFFFFFFFFFFFFFFFFFFFFFFFFFFFFFFFFFFFFFFFFFFFFFFFFFFFFFFFFFFFFFFFFFFFFFFFFFFFFFFFFFFFFFFFF
08B8C01F0069000F46A73BB400000000000001000100010000000000000000000000000000000000B5010000000000002F63662F64735F66696C7465725F74626C2E74626C00000000000000000000000000000000000000000000000000000000000000000000000000000000000000
089BC0200015000F46A7401100000000000000000000000003001400
08A7C02000A5000F46A747C10000000000000300FFFFFFFFFFFFFFFFFFFFFFFFFFFFFFFFFFFFFFFFFFFFFFFFFFFFFFFFFFFFFFFFFFFFFFFFFFFFFFFFFFFFFFFF333333333333333333333333333333333333333333333333333333333333333333333333333333333333333333333333333333333333333333333333333333333333333333333333333333333333333333333333333333330000000000000000000000000000000000000000
0887C020005D000F46A7615800000000000000000000000000000000000000000000000000000000000000000000000000000000000000000000000000000000000000000000000000000000000000000000000000000000000000000000000000000000
09BAC0210043000F46A78A8400000000100001010100F628E441CD8C7444E1FA9343B81E134252B8F6C114AEC7C0AE47E341000000800AD723BDD7A3903F000000000000000000000000
09CAC01E0027000F46A78AB70000000000000200000031083042C2E1ED41B8AE050068EE030028390000410C0000
09AAC01E0058000F46A78C0900000000000000E3A55B40F4FD344006815540000080BF33335340CFF7334023DB5940DD24863F0000803F9A9919BF33D31144000080BFCDCCCC3D9A9999BE6766663FCDCCCCBE010101000101010107000000
09DAC01B0099000F46A78EA200000000000100000100000000000000000000000000000000000000000000000000000000000000000000000000000000000000000000000000000000000000000000000000000000000000000000000000000000000000000000000000000000000000000000000000000000000000000000000000000000000000000000000000000000000000000000000000000000000000
0897C021003D000F46A7FAF00000000000000101A813000000000000EE3000000D004C0211000000020000008600000029000000600000000C0000006200630063000101
08A4C01E0045000F46A94A0400000000010001010101010101000000000000000000000000000000000000000000000000000000183400000000000000000000000000000000000006000000
088AC01E0013000F46A94CE00000000001000002000000000000
0890C01F003D000F46A9599A0000000000000000000000000000000000000000000000000000000000000000000000000000000000000000000000000100010001000100
08AAC0200049000F46A97335000000000002000007000000000000000200000000000000060000000000000000000000000000000000000000000000803E0000803E0000FFFFFFFFFFFFFFFF00000C00
08ADC01F00AD000F46A9BF58000000000000010001011F000000030000000000000000000000000000000000C40900001027000022000000230000009E0100002200000023000000FFFFFFFFFFFFFFFFFFFFFFFFFFFFFFFFFFFFFFFFFFFFFFFFFFFFFFFFFFFFFFFFFFFFFFFFFFFFFFFFFFFFFFFFFFFFFFFFFFFFFFFFFFFFFFFFFFFFFFFFFFFFFFFFFFFFFFFFFFFFFFFFFFFFFFFFFFFFFFFFFFFFFFFFFFFFFFFFFFFFFFFFFFFFFFFFFFFFFFFFFFFFFFFFFFFFFFFF
08B8C0200069000F46AA148E00000000000001000100010000000000000000000000000000000000C1010000000000002F63662F64735F66696C7465725F74626C2E74626C00000000000000000000000000000000000000000000000000000000000000000000000000000000000000
089BC0210015000F46AA2E2500000000000000000000000003001400
08A7C02100A5000F46AA47C10000000000000300FFFFFFFFFFFFFFFFFFFFFFFFFFFFFFFFFFFFFFFFFFFFFFFFFFFFFFFFFFFFFFFFFFFFFFFFFFFFFFFFFFFFFFFF333333333333333333333333333333333333333333333333333333333333333333333333333333333333333333333333333333333333333333333333333333333333333333333333333333333333333333333333333333330000000000000000000000000000000000000000
0887C021005D000F46AA615800000000000000000000000000000000000000000000000000000000000000000000000000000000000000000000000000000000000000000000000000000000000000000000000000000000000000000000000000000000
0897C022003D000F46AB0F6B000000000000010123140000000000001C3200000E00670211000000020000008A00000029000000640000000C0000000600630063000100
09BAC0220043000F46AB8A5E00000000110000000000F628E441CD8C7444E1FA9343B81E134252B8F6C114AEC7C0AE47E341000000800AD723BDD7A3903F000000000000000000000000
09CAC01F0027000F46AB8A9A0000000000000200000048E12D42FE2AEE41B8AE050080EE030028390000410C0000
09AAC01F0058000F46AB8BFF000000000000009A99594046B6334019045640000080BFAAF15240E9263140E3A55B40DD24863FCDCCCC3D9A9999BE00200F44000080BFCDCC4C3ECDCC4CBE000000409A9999BE010101000101010107000000
09DAC01C0099000F46AB8D2500000000000100000100000000000000000000000000000000000000000000000000000000000000000000000000000000000000000000000000000000000000000000000000000000000000000000000000000000000000000000000000000000000000000000000000000000000000000000000000000000000000000000000000000000000000000000000000000000000000
08B8C0210069000F46AD199E00000000000001000100010000000000000000000000000000000000CD010000000000002F63662F64735F66696C7465725F74626C2E74626C00000000000000000000000000000000000000000000000000000000000000000000000000000000000000
089BC0220015000F46AD333400000000000000000000000003001400
08A7C02200A5000F46AD4CD00000000000000300FFFFFFFFFFFFFFFFFFFFFFFFFFFFFFFFFFFFFFFFFFFFFFFFFFFFFFFFFFFFFFFFFFFFFFFFFFFFFFFFFFFFFFFF333333333333333333333333333333333333333333333333333333333333333333333333333333333333333333333333333333333333333333333333333333333333333333333333333333333333333333333333333333330000000000000000000000000000000000000000
0887C022005D000F46AD971400000000000000000000000000000000000000000000000000000000000000000000000000000000000000000000000000000000000000000000000000000000000000000000000000000000000000000000000000000000
0897C023003D000F46AE001200000000000001019C140000000000004A3300000F00780211000000020000008E00000029000000670000000C0000000000630063000100
09BAC0230043000F46AF8D13000000001100010101007B14E441E18A744448219443F6281342F628F0C1AE4701C185EBD1410AD7A3BC0AD723BC85EB913F000000000000000000000000
09CAC0200027000F46AF8D4D000000000000020000003108304215BCEC41B8AE050084EE030028390000410C0000
09AAC0200058000F46AF8E920000000000000068914D407593384006815540000080BF21B05240FED4584010585940DD24863FCDCC4CBECDCCCCBE33331244000080BF9A99993E0000803FCDCC4C3FCDCCCCBE010101000101010107000000
09DAC01D0099000F46AF8FF000000000000100000100000000000000000000000000000000000000000000000000000000000000000000000000000000000000000000000000000000000000000000000000000000000000000000000000000000000000000000000000000000000000000000000000000000000000000000000000000000000000000000000000000000000000000000000000000000000000
08A4C01F0045000F46B0290600000000010001010101010101000000000000000000000000000000000000000000000000000000183400000000000000000000000000000000000006000000
088AC01F0013000F46B02E360000000001000002000000000000
0890C020003D000F46B0571A0000000000000000000000000000000000000000000000000000000000000000000000000000000000000000000000000100010001000100
08AAC0210049000F46B070B6000000000002000007000000000000000200000000000000060000000000000000000000000000000000000000000000803E0000803E0000FFFFFFFFFFFFFFFF00000C00
08B8C0220069000F46B1171D00000000000001000100010000000000000000000000000000000000D4010000000000002F63662F64735F66696C7465725F74626C2E74626C00000000000000000000000000000000000000000000000000000000000000000000000000000000000000
08ADC02000AD000F46B16B29000000000000010001011F000000030000000000000000000000000000000000C4090000102700002400000025000000B40100002400000025000000FFFFFFFFFFFFFFFFFFFFFFFFFFFFFFFFFFFFFFFFFFFFFFFFFFFFFFFFFFFFFFFFFFFFFFFFFFFFFFFFFFFFFFFFFFFFFFFFFFFFFFFFFFFFFFFFFFFFFFFFFFFFFFFFFFFFFFFFFFFFFFFFFFFFFFFFFFFFFFFFFFFFFFFFFFFFFFFFFFFFFFFFFFFFFFFFFFFFFFFFFFFFFFFFFFFFFFFF
089BC0230015000F46B16B9E00000000000000000000000003001400
08A7C02300A5000F46B170B80000000000000300FFFFFFFFFFFFFFFFFFFFFFFFFFFFFFFFFFFFFFFFFFFFFFFFFFFFFFFFFFFFFFFFFFFFFFFFFFFFFFFFFFFFFFFF333333333333333333333333333333333333333333333333333333333333333333333333333333333333333333333333333333333333333333333333333333333333333333333333333333333333333333333333333333330000000000000000000000000000000000000000
0887C023005D000F46B175D300000000000000000000000000000000000000000000000000000000000000000000000000000000000000000000000000000000000000000000000000000000000000000000000000000000000000000000000000000000
0897C024003D000F46B1FD7F00000000000001013D15000000000000DA3400000F009402120000000200000092000000290000006A0000000D0000006300630000000101
088AC0200013000F46B426740000000001000002000000000000
0890C021003D000F46B459990000000000000000000000000000000000000000000000000000000000000000000000000000000000000000000000000100010001000100
08AAC0220049000F46B47333000000000002000007000000000000000200000000000000060000000000000000000000000000000000000000000000803E0000803E0000FFFFFFFFFFFFFFFF00000C00
09BAC0240043000F46B48F6C000000001200000000007B14E441E18A744448219443F6281342F628F0C1AE4701C185EBD1410AD7A3BC0AD723BC85EB913F000000000000000000000000
09CAC0210027000F46B48FA40000000000000200000031083042ADB5EE41B8AE050090EE030028390000410C0000
09AAC0210058000F46B4911C00000000000000D34D4240871639408FC25540000080BFBC74534048E15A40D9CE5740F0A7863F000000BFCDCCCCBE67460C44000080BFCDCC4C3E33333340CDCC4CBE9A9999BE010101000101010107000000
09DAC01E0099000F46B4922700000000000100000100000000000000000000000000000000000000000000000000000000000000000000000000000000000000000000000000000000000000000000000000000000000000000000000000000000000000000000000000000000000000000000000000000000000000000000000000000000000000000000000000000000000000000000000000000000000000
08B8C0230069000F46B5199C00000000000001000100010000000000000000000000000000000000E0010000000000002F63662F64735F66696C7465725F74626C2E74626C00000000000000000000000000000000000000000000000000000000000000000000000000000000000000
08ADC02100AD000F46B5636B000000000000010001011F000000030000000000000000000000000000000000C4090000102700002500000026000000BF0100002500000026000000FFFFFFFFFFFFFFFFFFFFFFFFFFFFFFFFFFFFFFFFFFFFFFFFFFFFFFFFFFFFFFFFFFFFFFFFFFFFFFFFFFFFFFFFFFFFFFFFFFFFFFFFFFFFFFFFFFFFFFFFFFFFFFFFFFFFFFFFFFFFFFFFFFFFFFFFFFFFFFFFFFFFFFFFFFFFFFFFFFFFFFFFFFFFFFFFFFFFFFFFFFFFFFFFFFFFFFFF
089BC0240015000F46B5640500000000000000000000000003001400
08A7C02400A5000F46B568FD0000000000000300FFFFFFFFFFFFFFFFFFFFFFFFFFFFFFFFFFFFFFFFFFFFFFFFFFFFFFFFFFFFFFFFFFFFFFFFFFFFFFFFFFFFFFFF333333333333333333333333333333333333333333333333333333333333333333333333333333333333333333333333333333333333333333333333333333333333333333333333333333333333333333333333333333330000000000000000000000000000000000000000
0887C024005D000F46B56E1700000000000000000000000000000000000000000000000000000000000000000000000000000000000000000000000000000000000000000000000000000000000000000000000000000000000000000000000000000000
0897C025003D000F46B600210000000000000101CE15000000000000333600001000A302140000000200000096000000290000006F0000000D0000000000630063000100
08A4C0200045000F46B70CCE00000000010001010101010101000000000000000000000000000000000000000000000000000000183400000000000000000000000000000000000006000000
088AC0210013000F46B726740000000001000002000000000000
0890C022003D000F46B7599A0000000000000000000000000000000000000000000000000000000000000000000000000000000000000000000000000100010001000100
08AAC0230049000F46B77335000000000002000007000000000000000200000000000000060000000000000000000000000000000000000000000000803E0000803E0000FFFFFFFFFFFFFFFF00000C00
08ADC02200AD000F46B7F18D000000000000010001011F000000030000000000000000000000000000000000C4090000102700002600000027000000C80100002600000027000000FFFFFFFFFFFFFFFFFFFFFFFFFFFFFFFFFFFFFFFFFFFFFFFFFFFFFFFFFFFFFFFFFFFFFFFFFFFFFFFFFFFFFFFFFFFFFFFFFFFFFFFFFFFFFFFFFFFFFFFFFFFFFFFFFFFFFFFFFFFFFFFFFFFFFFFFFFFFFFFFFFFFFFFFFFFFFFFFFFFFFFFFFFFFFFFFFFFFFFFFFFFFFFFFFFFFFFFF
08B8C0240069000F46B8148E00000000000001000100010000000000000000000000000000000000EC010000000000002F63662F64735F66696C7465725F74626C2E74626C00000000000000000000000000000000000000000000000000000000000000000000000000000000000000
089BC0250015000F46B82E2500000000000000000000000003001400
08A7C02500A5000F46B847C10000000000000300FFFFFFFFFFFFFFFFFFFFFFFFFFFFFFFFFFFFFFFFFFFFFFFFFFFFFFFFFFFFFFFFFFFFFFFFFFFFFFFFFFFFFFFF333333333333333333333333333333333333333333333333333333333333333333333333333333333333333333333333333333333333333333333333333333333333333333333333333333333333333333333333333333330000000000000000000000000000000000000000
0887C025005D000F46B8615800000000000000000000000000000000000000000000000000000000000000000000000000000000000000000000000000000000000000000000000000000000000000000000000000000000000000000000000000000000
09BAC0250043000F46B88A84000000001200010101000AD7E341298C7444140E9443F6281342713DF0C19A99C1C014AED3410AD723BD000000808FC2953F000000000000000000000000
09CAC0220027000F46B88AB60000000000000200000048E12D427330BA41B8AE0500A4EE030028390000410C0000
09AAC0220058000F46B88C2100000000000000666646401058594006815540000080BFBC745340355E5A404C372940DD24863FCDCC4CBE0000803F67860C44000080BFCDCCCC3D6766663F9A9999BE9A9999BE010101000101010107000000
09DAC01F0099000F46B88D4D00000000000100000100000000000000000000000000000000000000000000000000000000000000000000000000000000000000000000000000000000000000000000000000000000000000000000000000000000000000000000000000000000000000000000000000000000000000000000000000000000000000000000000000000000000000000000000000000000000000
0897C026003D000F46B970AA00000000000001014916000000000000583700001200B20214000000020000009B00000029000000720000000E0000002B005A0063000100
08A4C0210045000F46BB0A4F00000000010001010101010101000000000000000000000000000000000000000000000000000000183400000000000000000000000000000000000006000000
088AC0220013000F46BB23F40000000001000002000000000000
0890C023003D000F46BB571A0000000000000000000000000000000000000000000000000000000000000000000000000000000000000000000000000100010001000100
08AAC0240049000F46BB70B5000000000002000007000000000000000200000000000000060000000000000000000000000000000000000000000000803E0000803E0000FFFFFFFFFFFFFFFF00000C00
08ADC02300AD000F46BBFD37000000000000010001011F000000030000000000000000000000000000000000C4090000102700002600000027000000D20100002600000027000000FFFFFFFFFFFFFFFFFFFFFFFFFFFFFFFFFFFFFFFFFFFFFFFFFFFFFFFFFFFFFFFFFFFFFFFFFFFFFFFFFFFFFFFFFFFFFFFFFFFFFFFFFFFFFFFFFFFFFFFFFFFFFFFFFFFFFFFFFFFFFFFFFFFFFFFFFFFFFFFFFFFFFFFFFFFFFFFFFFFFFFFFFFFFFFFFFFFFFFFFFFFFFFFFFFFFFFFF
08B8C0250069000F46BC199C00000000000001000100010000000000000000000000000000000000F2010000000000002F63662F64735F66696C7465725F74626C2E74626C00000000000000000000000000000000000000000000000000000000000000000000000000000000000000
089BC0260015000F46BC333300000000000000000000000003001400
08A7C02600A5000F46BC4CCF0000000000000300FFFFFFFFFFFFFFFFFFFFFFFFFFFFFFFFFFFFFFFFFFFFFFFFFFFFFFFFFFFFFFFFFFFFFFFFFFFFFFFFFFFFFFFF333333333333333333333333333333333333333333333333333333333333333333333333333333333333333333333333333333333333333333333333333333333333333333333333333333333333333333333333333333330000000000000000000000000000000000000000
0887C026005D000F46BC666600000000000000000000000000000000000000000000000000000000000000000000000000000000000000000000000000000000000000000000000000000000000000000000000000000000000000000000000000000000
09BAC0260043000F46BC7CFE000000001300000000000AD7E341298C7444140E9443F6281342713DF0C19A99C1C014AED3410AD723BD000000808FC2953F000000000000000000000000
09CAC0230027000F46BC7D2F0000000000000200000048E12D426CACF241B8AE0500ACEE030028390000410C0000
09AAC0230058000F46BC7EA300000000000000F85343401B2F5D402B875640000080BF6ABC5440AC1C5A40022B2740DD24863F9A9999BE0000004067E6FF43000080BFCDCCCC3DCDCC4C3ECDCCCCBE00000000010101000101010107000000
09BAC0270043000F46BCFCE7000000001300010101008FC2E341858B7444EC119443EC5113420000F0C1713DDAC03D0ADF410AD7A3BC0AD7233CD7A3903F000000000000000000000000
0897C027003D000F46BD43AD0000000000000101CF16000000000000BA3800001200C10216000000020000009E00000029000000760000000F0000001A00630000000101
09BAC0280043000F46BD8F6B000000001400000000008FC2E341858B7444EC119443EC5113420000F0C1713DDAC03D0ADF410AD7A3BC0AD7233CD7A3903F000000000000000000000000
09CAC0240027000F46BD8FA5000000000000020000003108304230DEDA41B8AE0500ACEE030028390000410C0000
09AAC0240058000F46BD912F0000000000000073685140AC1C5A408FC25540000080BFAAF15240D9CE5740A8C62B40DD24863FCDCCCCBD6766E63FCD0C1044000080BFCDCCCCBDCDCC4C3ECDCCCCBECDCCCCBD010101000101010107000000
09DAC0200099000F46BD924E00000000000100000100000000000000000000000000000000000000000000000000000000000000000000000000000000000000000000000000000000000000000000000000000000000000000000000000000000000000000000000000000000000000000000000000000000000000000000000000000000000000000000000000000000000000000000000000000000000000
08A4C0220045000F46BE07BF00000000010001010101010101000000000000000000000000000000000000000000000000000000183400000000000000000000000000000000000007000000
088AC0230013000F46BE21650000000001000002000000000000
0890C024003D000F46BE548B0000000000000000000000000000000000000000000000000000000000000000000000000000000000000000000000000100010001000100
08AAC0250049000F46BE6E25000000000002000007000000000000000200000000000000060000000000000000000000000000000000000000000000803E0000803E0000FFFFFFFFFFFFFFFF00000C00
08ADC02400AD000F46BF034E000000000000010001011F00000003000000000000000000000000000000000000000000102700002700000028000000E10100002700000028000000FFFFFFFFFFFFFFFFFFFFFFFFFFFFFFFFFFFFFFFFFFFFFFFFFFFFFFFFFFFFFFFFFFFFFFFFFFFFFFFFFFFFFFFFFFFFFFFFFFFFFFFFFFFFFFFFFFFFFFFFFFFFFFFFFFFFFFFFFFFFFFFFFFFFFFFFFFFFFFFFFFFFFFFFFFFFFFFFFFFFFFFFFFFFFFFFFFFFFFFFFFFFFFFFFFFFFFFF
08B8C0260069000F46BF199E00000000000001000100010000000000000000000000000000000000FC010000000000002F63662F64735F66696C7465725F74626C2E74626C00000000000000000000000000000000000000000000000000000000000000000000000000000000000000
089BC0270015000F46BF333500000000000000000000000003001400
08A7C02700A5000F46BF4CD00000000000000300FFFFFFFFFFFFFFFFFFFFFFFFFFFFFFFFFFFFFFFFFFFFFFFFFFFFFFFFFFFFFFFFFFFFFFFFFFFFFFFFFFFFFFFF333333333333333333333333333333333333333333333333333333333333333333333333333333333333333333333333333333333333333333333333333333333333333333333333333333333333333333333333333333330000000000000000000000000000000000000000
0887C027005D000F46BF666800000000000000000000000000000000000000000000000000000000000000000000000000000000000000000000000000000000000000000000000000000000000000000000000000000000000000000000000000000000
0897C028003D000F46C0413100000000000001015C17000000000000133A00001300D0021700000002000000A2000000290000007A000000100000001900630000000101
09BAC0290043000F46C194B1000000001400010101008FC2E3413D8A7444142E9443666613426666FAC1C3F5D0C07B14DC410AD7A3BC0000000085EB913F000000000000000000000000
09CAC0250027000F46C194EB0000000000000200000031083042830EEE41B8AE0500C8EE030028390000410C0000
09AAC0250058000F46C1963200000000000000FED45840508D57408FC25540000080BF986E52406F122340A01A2F40F0A7863F3333F33FCDCC4C3E00600D44000080BF000000009A9999BE9A9999BE00000000010101000101010107000000
09DAC0210099000F46C1976B00000000000100000100000000000000000000000000000000000000000000000000000000000000000000000000000000000000000000000000000000000000000000000000000000000000000000000000000000000000000000000000000000000000000000000000000000000000000000000000000000000000000000000000000000000000000000000000000000000000
08A4C0230045000F46C207D100000000010001010101010101000000000000000000000000000000000000000000000000000000183400000000000000000000000000000000000007000000
088AC0240013000F46C221660000000001000002000000000000
0890C025003D000F46C2548B0000000000000000000000000000000000000000000000000000000000000000000000000000000000000000000000000100010001000100
08AAC0260049000F46C26E27000000000002000007000000000000000200000000000000060000000000000000000000000000000000000000000000803E0000803E0000FFFFFFFFFFFFFFFF00000C00
08ADC02500AD000F46C2CDA3000000000000010001011F00000003000000000000000000000000000000000000000000102700002800000029000000E80100002800000029000000FFFFFFFFFFFFFFFFFFFFFFFFFFFFFFFFFFFFFFFFFFFFFFFFFFFFFFFFFFFFFFFFFFFFFFFFFFFFFFFFFFFFFFFFFFFFFFFFFFFFFFFFFFFFFFFFFFFFFFFFFFFFFFFFFFFFFFFFFFFFFFFFFFFFFFFFFFFFFFFFFFFFFFFFFFFFFFFFFFFFFFFFFFFFFFFFFFFFFFFFFFFFFFFFFFFFFFFF
08B8C0270069000F46C32B980000000000000100010001000000000000000000000000000000000007020000000000002F63662F64735F66696C7465725F74626C2E74626C00000000000000000000000000000000000000000000000000000000000000000000000000000000000000
089BC0280015000F46C330B500000000000000000000000003001400
08A7C02800A5000F46C347C10000000000000300FFFFFFFFFFFFFFFFFFFFFFFFFFFFFFFFFFFFFFFFFFFFFFFFFFFFFFFFFFFFFFFFFFFFFFFFFFFFFFFFFFFFFFFF333333333333333333333333333333333333333333333333333333333333333333333333333333333333333333333333333333333333333333333333333333333333333333333333333333333333333333333333333333330000000000000000000000000000000000000000
0887C028005D000F46C3615800000000000000000000000000000000000000000000000000000000000000000000000000000000000000000000000000000000000000000000000000000000000000000000000000000000000000000000000000000000
0897C029003D000F46C40FBB0000000000000101FD17000000000000A33B00001300F0021800000002000000A6000000290000007E000000100000000E00630007000101
08A4C0240045000F46C507C400000000010001010101010101000000000000000000000000000000000000000000000000000000183400000000000000000000000000000000000007000000
088AC0250013000F46C50F7A0000000001000002000000000000
0890C026003D000F46C542A00000000000000000000000000000000000000000000000000000000000000000000000000000000000000000000000000100010001000100
08ADC02600AD000F46C5A0BC000000000000010001011F0000000300000000000000000000000000000000000000000010270000290000002A000000F3010000290000002A000000FFFFFFFFFFFFFFFFFFFFFFFFFFFFFFFFFFFFFFFFFFFFFFFFFFFFFFFFFFFFFFFFFFFFFFFFFFFFFFFFFFFFFFFFFFFFFFFFFFFFFFFFFFFFFFFFFFFFFFFFFFFFFFFFFFFFFFFFFFFFFFFFFFFFFFFFFFFFFFFFFFFFFFFFFFFFFFFFFFFFFFFFFFFFFFFFFFFFFFFFFFFFFFFFFFFFFFFF
08AAC0270049000F46C5A0FA000000000002000007000000000000000200000000000000060000000000000000000000000000000000000000000000803E0000803E0000FFFFFFFFFFFFFFFF00000C00
09BAC02A0043000F46C5A3FA000000001500000000008FC2E3413D8A7444142E9443666613426666FAC1C3F5D0C07B14DC410AD7A3BC0000000085EB913F000000000000000000000000
09CAC0260027000F46C5A43300000000000002000000310830424073ED41B8AE0500D4EE030028390000410C0000
09AAC0260058000F46C5A5A2000000000000009A9959407D3F55408FC25540000080BF21B0524085EB3140EC515840F0A7863FCDCCCC3FCDCCCCBD9A990E44000080BF9A9999BECDCC4CBECDCC4CBECDCCCCBE010101000101010107000000
09DAC0220099000F46C5A6B600000000000100000100000000000000000000000000000000000000000000000000000000000000000000000000000000000000000000000000000000000000000000000000000000000000000000000000000000000000000000000000000000000000000000000000000000000000000000000000000000000000000000000000000000000000000000000000000000000000
08A4C0250045000F46C8334400000000010001010101010101000000000000000000000000000000000000000000000000000000183400000000000000000000000000000000000007000000
088AC0260013000F46C838730000000001000002000000000000
0890C027003D000F46C8571A0000000000000000000000000000000000000000000000000000000000000000000000000000000000000000000000000100010001000100
08AAC0280049000F46C870B4000000000002000007000000000000000200000000000000060000000000000000000000000000000000000000000000803E0000803E0000FFFFFFFFFFFFFFFF00000C00
08B8C0280069000F46C9171E000000000000010001000100000000000000000000000000000000001A020000000000002F63662F64735F66696C7465725F74626C2E74626C00000000000000000000000000000000000000000000000000000000000000000000000000000000000000
08ADC02700AD000F46C9755A000000000000010001011F00000003000000000000000000000000000000000000000000102700002A0000002B000000FE0100002A0000002B000000FFFFFFFFFFFFFFFFFFFFFFFFFFFFFFFFFFFFFFFFFFFFFFFFFFFFFFFFFFFFFFFFFFFFFFFFFFFFFFFFFFFFFFFFFFFFFFFFFFFFFFFFFFFFFFFFFFFFFFFFFFFFFFFFFFFFFFFFFFFFFFFFFFFFFFFFFFFFFFFFFFFFFFFFFFFFFFFFFFFFFFFFFFFFFFFFFFFFFFFFFFFFFFFFFFFFFFFF
089BC0290015000F46C9759B00000000000000000000000003001400
08A7C02900A5000F46C978670000000000000300FFFFFFFFFFFFFFFFFFFFFFFFFFFFFFFFFFFFFFFFFFFFFFFFFFFFFFFFFFFFFFFFFFFFFFFFFFFFFFFFFFFFFFFF333333333333333333333333333333333333333333333333333333333333333333333333333333333333333333333333333333333333333333333333333333333333333333333333333333333333333333333333333333330000000000000000000000000000000000000000
0887C029005D000F46C97D8100000000000000000000000000000000000000000000000000000000000000000000000000000000000000000000000000000000000000000000000000000000000000000000000000000000000000000000000000000000
09BAC02B0043000F46C98D13000000001500010101008FC2E341298C74443D0A94436666134252B8F6C1D7A3F8C00AD7E5410AD723BD0AD7233CE17A943F000000000000000000000000
09CAC0270027000F46C98D450000000000000200000031083042DF31F541B8AE0500D4EE030028390000410C0000
09AAC0270058000F46C98E9C00000000000000EC515840CDCC2C408FC25540000080BF21B05240FCA931405A645B40F0A7863F3333333F333333BF33730F44000080BFCDCCCC3DCDCCCC3D0000C03FCDCCCCBD010101000101010107000000
09DAC0230099000F46C98FED00000000000100000100000000000000000000000000000000000000000000000000000000000000000000000000000000000000000000000000000000000000000000000000000000000000000000000000000000000000000000000000000000000000000000000000000000000000000000000000000000000000000000000000000000000000000000000000000000000000
0897C02A003D000F46C9FD7F00000000000001011719000000000000673E0000140021031800000002000000AE0000002900000084000000120000006300630000000100
08A4C0260045000F46CC0B1200000000010001010101010101000000000000000000000000000000000000000000000000000000183400000000000000000000000000000000000007000000
088AC0270013000F46CC24B20000000001000002000000000000
0890C028003D000F46CC57D80000000000000000000000000000000000000000000000000000000000000000000000000000000000000000000000000100010001000100
08AAC0290049000F46CCA4AC000000000002000007000000000000000200000000000000060000000000000000000000000000000000000000000000803E0000803E0000FFFFFFFFFFFFFFFF00000C00
08ADC02800AD000F46CD4838000000000000010001011F00000003000000000000000000000000000000000000000000102700002B0000002C0000000F0200002B0000002C000000FFFFFFFFFFFFFFFFFFFFFFFFFFFFFFFFFFFFFFFFFFFFFFFFFFFFFFFFFFFFFFFFFFFFFFFFFFFFFFFFFFFFFFFFFFFFFFFFFFFFFFFFFFFFFFFFFFFFFFFFFFFFFFFFFFFFFFFFFFFFFFFFFFFFFFFFFFFFFFFFFFFFFFFFFFFFFFFFFFFFFFFFFFFFFFFFFFFFFFFFFFFFFFFFFFFFFFFF
08B8C0290069000F46CD4A540000000000000100010001000000000000000000000000000000000023020000000000002F63662F64735F66696C7465725F74626C2E74626C00000000000000000000000000000000000000000000000000000000000000000000000000000000000000
089BC02A0015000F46CD4F6D00000000000000000000000003001400
08A7C02A00A5000F46CD548E0000000000000300FFFFFFFFFFFFFFFFFFFFFFFFFFFFFFFFFFFFFFFFFFFFFFFFFFFFFFFFFFFFFFFFFFFFFFFFFFFFFFFFFFFFFFFF333333333333333333333333333333333333333333333333333333333333333333333333333333333333333333333333333333333333333333333333333333333333333333333333333333333333333333333333333333330000000000000000000000000000000000000000
0887C02A005D000F46CD624600000000000000000000000000000000000000000000000000000000000000000000000000000000000000000000000000000000000000000000000000000000000000000000000000000000000000000000000000000000
0897C02B003D000F46CDFAF00000000000000101B419000000000000F73F000014003E031900000002000000B20000002900000088000000130000006200630063000100
09BAC02C0043000F46CE99BA000000001600000000008FC2E341298C74443D0A94436666134252B8F6C1D7A3F8C00AD7E5410AD723BD0AD7233CE17A943F000000000000000000000000
09CAC0280027000F46CE99F30000000000000200000031083042A69EEC41B8AE0500E4EE030028390000410C0000
09AAC0280058000F46CE9B5D00000000000000190456406210384006815540000080BF33335340508D5740355E5A40CBA1853F00000000CDCC4CBE33530D44000080BFCDCCCC3DCDCCCC3D6766A63FCDCC4CBE010101000101010107000000
09DAC0240099000F46CE9C8000000000000100000100000000000000000000000000000000000000000000000000000000000000000000000000000000000000000000000000000000000000000000000000000000000000000000000000000000000000000000000000000000000000000000000000000000000000000000000000000000000000000000000000000000000000000000000000000000000000
08A4C0270045000F46D00A4E00000000010001010101010101000000000000000000000000000000000000000000000000000000183400000000000000000000000000000000000007000000
088AC0280013000F46D023F40000000001000002000000000000
0890C029003D000F46D0571A0000000000000000000000000000000000000000000000000000000000000000000000000000000000000000000000000100010001000100
08AAC02A0049000F46D070B5000000000002000007000000000000000200000000000000060000000000000000000000000000000000000000000000803E0000803E0000FFFFFFFFFFFFFFFF00000C00
08ADC02900AD000F46D11B08000000000000010001011F00000003000000000000000000000000000000000000000000102700002C0000002D0000001C0200002C0000002D000000FFFFFFFFFFFFFFFFFFFFFFFFFFFFFFFFFFFFFFFFFFFFFFFFFFFFFFFFFFFFFFFFFFFFFFFFFFFFFFFFFFFFFFFFFFFFFFFFFFFFFFFFFFFFFFFFFFFFFFFFFFFFFFFFFFFFFFFFFFFFFFFFFFFFFFFFFFFFFFFFFFFFFFFFFFFFFFFFFFFFFFFFFFFFFFFFFFFFFFFFFFFFFFFFFFFFFFFF
08B8C02A0069000F46D1267A000000000000010001000100000000000000000000000000000000002C020000000000002F63662F64735F66696C7465725F74626C2E74626C00000000000000000000000000000000000000000000000000000000000000000000000000000000000000
089BC02B0015000F46D130B400000000000000000000000003001400
08A7C02B00A5000F46D14A500000000000000300FFFFFFFFFFFFFFFFFFFFFFFFFFFFFFFFFFFFFFFFFFFFFFFFFFFFFFFFFFFFFFFFFFFFFFFFFFFFFFFFFFFFFFFF333333333333333333333333333333333333333333333333333333333333333333333333333333333333333333333333333333333333333333333333333333333333333333333333333333333333333333333333333333330000000000000000000000000000000000000000
0887C02B005D000F46D163E700000000000000000000000000000000000000000000000000000000000000000000000000000000000000000000000000000000000000000000000000000000000000000000000000000000000000000000000000000000
0897C02C003D000F46D1FD7F0000000000000101551A0000000000008741000014005A031A00000002000000B6000000290000008C000000140000006300630000000100
09BAC02D0043000F46D3B0DA000000001600010101000AD7E3419A897444C3359443295C1342D7A3EEC13D0AEFC0CDCCCE418FC2F5BC0AD7233C3333933F000000000000000000000000
09CAC0290027000F46D3B1100000000000000200000048E12D425143EA41B8AE0500F4EE030028390000410C0000
09AAC0290058000F46D3B25900000000000000BE9F3A40508D37407D3F5540000080BF33335340BE9F5A40EC515840F0A7863FCDCCCCBD9A9999BE67A60F44000080BF9A99993E9A99394000000000CDCC4CBE010101000101010107000000
09DAC0250099000F46D3B39D00000000000100000100000000000000000000000000000000000000000000000000000000000000000000000000000000000000000000000000000000000000000000000000000000000000000000000000000000000000000000000000000000000000000000000000000000000000000000000000000000000000000000000000000000000000000000000000000000000000
08A4C0280045000F46D407BF00000000010001010101010101000000000000000000000000000000000000000000000000000000183400000000000000000000000000000000000008000000
088AC0290013000F46D421650000000001000002000000000000
0890C02A003D000F46D4548B0000000000000000000000000000000000000000000000000000000000000000000000000000000000000000000000000100010001000100
08AAC02B0049000F46D46E25000000000002000007000000000000000200000000000000060000000000000000000000000000000000000000000000803E0000803E0000FFFFFFFFFFFFFFFF00000C00
08ADC02A00AD000F46D4F08D000000000000010001011F00000003000000000000000000000000000000000000000000102700002D0000002E000000270200002D0000002E000000FFFFFFFFFFFFFFFFFFFFFFFFFFFFFFFFFFFFFFFFFFFFFFFFFFFFFFFFFFFFFFFFFFFFFFFFFFFFFFFFFFFFFFFFFFFFFFFFFFFFFFFFFFFFFFFFFFFFFFFFFFFFFFFFFFFFFFFFFFFFFFFFFFFFFFFFFFFFFFFFFFFFFFFFFFFFFFFFFFFFFFFFFFFFFFFFFFFFFFFFFFFFFFFFFFFFFFFF
08B8C02B0069000F46D5171C0000000000000100010001000000000000000000000000000000000037020000000000002F63662F64735F66696C7465725F74626C2E74626C00000000000000000000000000000000000000000000000000000000000000000000000000000000000000
089BC02C0015000F46D530B400000000000000000000000003001400
08A7C02C00A5000F46D54A4F0000000000000300FFFFFFFFFFFFFFFFFFFFFFFFFFFFFFFFFFFFFFFFFFFFFFFFFFFFFFFFFFFFFFFFFFFFFFFFFFFFFFFFFFFFFFFF333333333333333333333333333333333333333333333333333333333333333333333333333333333333333333333333333333333333333333333333333333333333333333333333333333333333333333333333333333330000000000000000000000000000000000000000
0887C02C005D000F46D563E600000000000000000000000000000000000000000000000000000000000000000000000000000000000000000000000000000000000000000000000000000000000000000000000000000000000000000000000000000000
0897C02D003D000F46D638620000000000000101F61A00000000000017430000140072031B00000002000000BA0000002900000091000000140000001600630000000100
08A4C0290045000F46D80A4E00000000010001010101010101000000000000000000000000000000000000000000000000000000183400000000000000000000000000000000000008000000
088AC02A0013000F46D823F30000000001000002000000000000
0890C02B003D000F46D857190000000000000000000000000000000000000000000000000000000000000000000000000000000000000000000000000100010001000100
08AAC02C0049000F46D870B4000000000002000007000000000000000200000000000000060000000000000000000000000000000000000000000000803E0000803E0000FFFFFFFFFFFFFFFF00000C00
08ADC02B00AD000F46D8C6CB000000000000010001011F00000003000000000000000000000000000000000000000000102700002E0000002F0000002F0200002E0000002F000000FFFFFFFFFFFFFFFFFFFFFFFFFFFFFFFFFFFFFFFFFFFFFFFFFFFFFFFFFFFFFFFFFFFFFFFFFFFFFFFFFFFFFFFFFFFFFFFFFFFFFFFFFFFFFFFFFFFFFFFFFFFFFFFFFFFFFFFFFFFFFFFFFFFFFFFFFFFFFFFFFFFFFFFFFFFFFFFFFFFFFFFFFFFFFFFFFFFFFFFFFFFFFFFFFFFFFFFF
09BAC02E0043000F46D8C71C000000001700000000000AD7E3419A897444C3359443295C1342D7A3EEC13D0AEFC0CDCCCE418FC2F5BC0AD7233C3333933F000000000000000000000000
09CAC02A0027000F46D8C74C0000000000000200000048E12D429A99E941B8AE050000EF030028390000410C0000
09AAC02A0058000F46D8C8D8000000000000005C8F42406210584006815540000080BFAAF152409A995940D1223B40DD24863FCDCCCCBD9A99193F67E60C44000080BFCDCCCC3D9A99993FCDCCCCBE9A9999BE010101000101010107000000
09DAC0260099000F46D8C9DD00000000000100000100000000000000000000000000000000000000000000000000000000000000000000000000000000000000000000000000000000000000000000000000000000000000000000000000000000000000000000000000000000000000000000000000000000000000000000000000000000000000000000000000000000000000000000000000000000000000
08B8C02C0069000F46D9171E0000000000000100010001000000000000000000000000000000000042020000000000002F63662F64735F66696C7465725F74626C2E74626C00000000000000000000000000000000000000000000000000000000000000000000000000000000000000
089BC02D0015000F46D930B400000000000000000000000003001400
09BAC02F0043000F46D946BC0000000017000101010085EBE3419A8974447B349443295C134214AEF7C1EC51F0C0295CE5410AD7A3BC0AD7A33CE17A943F000000000000000000000000
08A7C02D00A5000F46D94A500000000000000300FFFFFFFFFFFFFFFFFFFFFFFFFFFFFFFFFFFFFFFFFFFFFFFFFFFFFFFFFFFFFFFFFFFFFFFFFFFFFFFFFFFFFFFF333333333333333333333333333333333333333333333333333333333333333333333333333333333333333333333333333333333333333333333333333333333333333333333333333333333333333333333333333333330000000000000000000000000000000000000000
0887C02D005D000F46D963E700000000000000000000000000000000000000000000000000000000000000000000000000000000000000000000000000000000000000000000000000000000000000000000000000000000000000000000000000000000
09BAC0300043000F46D9C6700000000018000000000085EBE3419A8974447B349443295C134214AEF7C1EC51F0C0295CE5410AD7A3BC0AD7A33CE17A943F000000000000000000000000
09CAC02B0027000F46D9C6A5000000000000020000005EBA2B421AEB4340B8AE050000EF030028390000410C0000
09AAC02B0058000F46DA0E9100000000000000F85343401058594062105840000080BFB4C8564008AC5C40B6F31D40F0A7863FCDCCCCBD9A99993F67E6C543000080BFCDCC4C3E0000003FCDCCCCBE9A9999BE010101000101010107000000
0897C02E003D000F46DA17180000000000000101971B000000000000A7440000140091031B00000002000000BE0000002900000095000000140000000900630000000100
08A4C02A0045000F46DC0A4F00000000010001010101010101000000000000000000000000000000000000000000000000000000183400000000000000000000000000000000000008000000
088AC02B0013000F46DC23F40000000001000002000000000000
08B8C02D0069000F46DD199E000000000000010001000100000000000000000000000000000000004E020000000000002F63662F64735F66696C7465725F74626C2E74626C00000000000000000000000000000000000000000000000000000000000000000000000000000000000000
089BC02E0015000F46DD333300000000000000000000000003001400
08A7C02E00A5000F46DD4CCF0000000000000300FFFFFFFFFFFFFFFFFFFFFFFFFFFFFFFFFFFFFFFFFFFFFFFFFFFFFFFFFFFFFFFFFFFFFFFFFFFFFFFFFFFFFFFF333333333333333333333333333333333333333333333333333333333333333333333333333333333333333333333333333333333333333333333333333333333333333333333333333333333333333333333333333333330000000000000000000000000000000000000000
0887C02E005D000F46DD666600000000000000000000000000000000000000000000000000000000000000000000000000000000000000000000000000000000000000000000000000000000000000000000000000000000000000000000000000000000
09BAC0310043000F46DD8F8E000000001800010101000000E441F6887444E13A9443666613420000F4C1CDCCE4C0F628D0418FC2F5BC0AD7A33C3333933F000000000000000000000000
09CAC02C0027000F46DD8FC800000000000002000000310830425E76F941B8AE050004EF030028390000410C0000
09AAC02C0058000F46DD911C000000000000001D5A4440355E5A4006815540000080BF0E2D5240508D5740C3F52840DD24863F9A9999BE676606409A790F44000080BF00000000CDCC4C3E333333BFCDCC4CBE010101000101010107000000
09DAC0270099000F46DD924300000000000100000100000000000000000000000000000000000000000000000000000000000000000000000000000000000000000000000000000000000000000000000000000000000000000000000000000000000000000000000000000000000000000000000000000000000000000000000000000000000000000000000000000000000000000000000000000000000000
0897C02F003D000F46DE11EF0000000000000101201C0000000000000046000015009F031C00000002000000C20000002900000099000000140000000700630000000100
08A4C02B0045000F46DF07BF00000000010001010101010101000000000000000000000000000000000000000000000000000000183400000000000000000000000000000000000008000000
088AC02C0013000F46DF21650000000001000002000000000000
08ADC02C00AD000F46DF94D8000000000000010001011F00000003000000000000000000000000000000000000000000102700003000000031000000450200003000000031000000FFFFFFFFFFFFFFFFFFFFFFFFFFFFFFFFFFFFFFFFFFFFFFFFFFFFFFFFFFFFFFFFFFFFFFFFFFFFFFFFFFFFFFFFFFFFFFFFFFFFFFFFFFFFFFFFFFFFFFFFFFFFFFFFFFFFFFFFFFFFFFFFFFFFFFFFFFFFFFFFFFFFFFFFFFFFFFFFFFFFFFFFFFFFFFFFFFFFFFFFFFFFFFFFFFFFFFFF
0890C02C003D000F46DF95150000000000000000000000000000000000000000000000000000000000000000000000000000000000000000000000000100010001000100
08AAC02D0049000F46DF99AB000000000002000007000000000000000200000000000000060000000000000000000000000000000000000000000000803E0000803E0000FFFFFFFFFFFFFFFF00000C00
08A4C02C0045000F46E20CCF00000000010001010101010101000000000000000000000000000000000000000000000000000000183400000000000000000000000000000000000008000000
088AC02D0013000F46E25EC80000000001000002000000000000
0890C02D003D000F46E268F70000000000000000000000000000000000000000000000000000000000000000000000000000000000000000000000000100010001000100
08AAC02E0049000F46E27335000000000002000007000000000000000200000000000000060000000000000000000000000000000000000000000000803E0000803E0000FFFFFFFFFFFFFFFF00000C00
08B8C02E0069000F46E3148F0000000000000100010001000000000000000000000000000000000060020000000000002F63662F64735F66696C7465725F74626C2E74626C00000000000000000000000000000000000000000000000000000000000000000000000000000000000000
089BC02F0015000F46E32E2600000000000000000000000003001400
08A7C02F00A5000F46E347C10000000000000300FFFFFFFFFFFFFFFFFFFFFFFFFFFFFFFFFFFFFFFFFFFFFFFFFFFFFFFFFFFFFFFFFFFFFFFFFFFFFFFFFFFFFFFF333333333333333333333333333333333333333333333333333333333333333333333333333333333333333333333333333333333333333333333333333333333333333333333333333333333333333333333333333333330000000000000000000000000000000000000000
08ADC02D00AD000F46E3A420000000000000010001011F00000003000000000000000000000000000000000000000000102700003100000032000000500200003100000032000000FFFFFFFFFFFFFFFFFFFFFFFFFFFFFFFFFFFFFFFFFFFFFFFFFFFFFFFFFFFFFFFFFFFFFFFFFFFFFFFFFFFFFFFFFFFFFFFFFFFFFFFFFFFFFFFFFFFFFFFFFFFFFFFFFFFFFFFFFFFFFFFFFFFFFFFFFFFFFFFFFFFFFFFFFFFFFFFFFFFFFFFFFFFFFFFFFFFFFFFFFFFFFFFFFFFFFFFF
0887C02F005D000F46E3A45D00000000000000000000000000000000000000000000000000000000000000000000000000000000000000000000000000000000000000000000000000000000000000000000000000000000000000000000000000000000
0897C030003D000F46E3FAF00000000000000101241D000000000000864800001700BF031D00000002000000CA000000290000009F000000150000006200630063000101
09BAC0320043000F46E48F6E000000001900000000000000E441F6887444E13A9443666613420000F4C1CDCCE4C0F628D0418FC2F5BC0AD7A33C3333933F000000000000000000000000
09CAC02D0027000F46E48FAA0000000000000200000048E12D421499CD41B8AE050014EF030028390000410C0000
09AAC02D0058000F46E49116000000000000007F6A5C402B87564006815540000080BF986E524083C02A407B142E40DD24863F676626409A99993E67E60C44000080BFCDCC4C3ECDCC4CBE000000BF9A9999BE010101000101010107000000
09DAC0280099000F46E4922F00000000000100000100000000000000000000000000000000000000000000000000000000000000000000000000000000000000000000000000000000000000000000000000000000000000000000000000000000000000000000000000000000000000000000000000000000000000000000000000000000000000000000000000000000000000000000000000000000000000
08A4C02D0045000F46E507C000000000010001010101010101000000000000000000000000000000010000000000000000000000183400000000000000000000000000000000000008000000
088AC02E0013000F46E521660000000001000002000000000000
0890C02E003D000F46E5548C0000000000000000000000000000000000000000000000000000000000000000000000000000000000000000000000000100010001000100
08AAC02F0049000F46E56E26000000000002000007000000000000000200000000000000060000000000000000000000000000000000000000000000803E0000803E0000FFFFFFFFFFFFFFFF00000C00
08ADC02E00AD000F46E6773E000000000000010001011F00000003000000000000000000000000000000000000000000102700003100000032000000580200003100000032000000FFFFFFFFFFFFFFFFFFFFFFFFFFFFFFFFFFFFFFFFFFFFFFFFFFFFFFFFFFFFFFFFFFFFFFFFFFFFFFFFFFFFFFFFFFFFFFFFFFFFFFFFFFFFFFFFFFFFFFFFFFFFFFFFFFFFFFFFFFFFFFFFFFFFFFFFFFFFFFFFFFFFFFFFFFFFFFFFFFFFFFFFFFFFFFFFFFFFFFFFFFFFFFFFFFFFFFFF
0897C031003D000F46E6FAF10000000000000101861D0000000000007E4900001900C7031D00000002000000CE00000029000000A2000000160000006200630063000100
08A4C02E0045000F46E80CCE00000000010001010101010101000000000000000000000000000000000000000000000000000000183400000000000000000000000000000000000009000000
088AC02F0013000F46E826730000000001000002000000000000
0890C02F003D000F46E8599A0000000000000000000000000000000000000000000000000000000000000000000000000000000000000000000000000100010001000100
08AAC0300049000F46E87334000000000002000007000000000000000200000000000000060000000000000000000000000000000000000000000000803E0000803E0000FFFFFFFFFFFFFFFF00000C00
09BAC0330043000F46E88F8F000000001900010101007B14E441E18A74449A1994435C8F1342EC51E8C1EC5178C01F85FD410AD7A3BC8FC2F53CD7A3903F000000000000000000000000
09CAC02E0027000F46E88FC60000000000000200000048E12D42C2FCEE41B8AE050018EF030028390000410C0000
09AAC02E0058000F46E8911D00000000000000759358400E2D524006815540000080BFAAF152407D3F35409A995940DD24863F3333B33F000000BF00600C44000080BFCDCCCC3DCDCC4CBECDCC4C3ECDCC4CBE010101000101010107000000
09DAC0290099000F46E8924000000000000100000100000000000000000000000000000000000000000000000000000000000000000000000000000000000000000000000000000000000000000000000000000000000000000000000000000000000000000000000000000000000000000000000000000000000000000000000000000000000000000000000000000000000000000000000000000000000000
08ADC02F00AD000F46E8E3BE000000000000010001011F000000030000000000000000000000000000000000000000001027000032000000330000005F0200003200000033000000FFFFFFFFFFFFFFFFFFFFFFFFFFFFFFFFFFFFFFFFFFFFFFFFFFFFFFFFFFFFFFFFFFFFFFFFFFFFFFFFFFFFFFFFFFFFFFFFFFFFFFFFFFFFFFFFFFFFFFFFFFFFFFFFFFFFFFFFFFFFFFFFFFFFFFFFFFFFFFFFFFFFFFFFFFFFFFFFFFFFFFFFFFFFFFFFFFFFFFFFFFFFFFFFFFFFFFFF
08B8C02F0069000F46E9148D000000000000010001000100000000000000000000000000000000006F020000000000002F63662F64735F66696C7465725F74626C2E74626C00000000000000000000000000000000000000000000000000000000000000000000000000000000000000
089BC0300015000F46E92E2400000000000000000000000003001400
08A7C03000A5000F46E947C00000000000000300FFFFFFFFFFFFFFFFFFFFFFFFFFFFFFFFFFFFFFFFFFFFFFFFFFFFFFFFFFFFFFFFFFFFFFFFFFFFFFFFFFFFFFFF333333333333333333333333333333333333333333333333333333333333333333333333333333333333333333333333333333333333333333333333333333333333333333333333333333333333333333333333333333330000000000000000000000000000000000000000
0887C030005D000F46E9615800000000000000000000000000000000000000000000000000000000000000000000000000000000000000000000000000000000000000000000000000000000000000000000000000000000000000000000000000000000
0897C032003D000F46EA2B9A0000000000000101051E000000000000AC4A00001A00D8031D00000002000000D200000029000000A6000000160000001100630063000100
08A4C02F0045000F46EC0A4F00000000010001010101010101000000000000000000000000000000000000000000000000000000183400000000000000000000000000000000000009000000
088AC0300013000F46EC23F40000000001000002000000000000
0890C030003D000F46EC571B0000000000000000000000000000000000000000000000000000000000000000000000000000000000000000000000000100010001000100
08ADC03000AD000F46ECB699000000000000010001011F000000030000000000000000000000000000000000000000001027000033000000340000006A0200003300000034000000FFFFFFFFFFFFFFFFFFFFFFFFFFFFFFFFFFFFFFFFFFFFFFFFFFFFFFFFFFFFFFFFFFFFFFFFFFFFFFFFFFFFFFFFFFFFFFFFFFFFFFFFFFFFFFFFFFFFFFFFFFFFFFFFFFFFFFFFFFFFFFFFFFFFFFFFFFFFFFFFFFFFFFFFFFFFFFFFFFFFFFFFFFFFFFFFFFFFFFFFFFFFFFFFFFFFFFFF
08AAC0310049000F46ECB6D1000000000002000007000000000000000200000000000000060000000000000000000000000000000000000000000000803E0000803E0000FFFFFFFFFFFFFFFF00000C00
08B8C0300069000F46ED19A0000000000000010001000100000000000000000000000000000000007A020000000000002F63662F64735F66696C7465725F74626C2E74626C00000000000000000000000000000000000000000000000000000000000000000000000000000000000000
089BC0310015000F46ED333600000000000000000000000003001400
08A7C03100A5000F46ED4CD20000000000000300FFFFFFFFFFFFFFFFFFFFFFFFFFFFFFFFFFFFFFFFFFFFFFFFFFFFFFFFFFFFFFFFFFFFFFFFFFFFFFFFFFFFFFFF333333333333333333333333333333333333333333333333333333333333333333333333333333333333333333333333333333333333333333333333333333333333333333333333333333333333333333333333333333330000000000000000000000000000000000000000
0887C031005D000F46ED666800000000000000000000000000000000000000000000000000000000000000000000000000000000000000000000000000000000000000000000000000000000000000000000000000000000000000000000000000000000
09BAC0340043000F46ED8F6E000000001A00000000007B14E441E18A74449A1994435C8F1342EC51E8C1EC5178C01F85FD410AD7A3BC8FC2F53CD7A3903F000000000000000000000000
09CAC02F0027000F46ED8FA8000000000000020000001B2F32423E06EF41B8AE05002CEF030028390000410C0000
09AAC02F0058000F46ED9116000000000000003D0A5740BC7433408FC25540000080BFAAF152400E2D324048E15A40DD24863FCDCC4C3ECDCCCCBDCD8C1044000080BF00000000CDCC4CBE0000004000000000010101000101010107000000
09DAC02A0099000F46ED922600000000000100000100000000000000000000000000000000000000000000000000000000000000000000000000000000000000000000000000000000000000000000000000000000000000000000000000000000000000000000000000000000000000000000000000000000000000000000000000000000000000000000000000000000000000000000000000000000000000
0897C033003D000F46EE07B50000000000000101A61E0000000000003C4C00001A00F9032000000002000000D600000029000000AA000000170000000300630000000101
08A4C0300045000F46F00A4600000000010001010101010101000000000000000000000000000000000000000000000000000000183400000000000000000000000000000000000009000000
088AC0310013000F46F023ED0000000001000002000000000000
08ADC03100AD000F46F08B3B000000000000010001011F00000003000000000000000000000000000000000000000000102700003400000035000000750200003400000035000000FFFFFFFFFFFFFFFFFFFFFFFFFFFFFFFFFFFFFFFFFFFFFFFFFFFFFFFFFFFFFFFFFFFFFFFFFFFFFFFFFFFFFFFFFFFFFFFFFFFFFFFFFFFFFFFFFFFFFFFFFFFFFFFFFFFFFFFFFFFFFFFFFFFFFFFFFFFFFFFFFFFFFFFFFFFFFFFFFFFFFFFFFFFFFFFFFFFFFFFFFFFFFFFFFFFFFFFF
0890C031003D000F46F08CD80000000000000000000000000000000000000000000000000000000000000000000000000000000000000000000000000100010001000100
08AAC0320049000F46F091F5000000000002000007000000000000000200000000000000060000000000000000000000000000000000000000000000803E0000803E0000FFFFFFFFFFFFFFFF00000C00
08B8C0310069000F46F11ABE0000000000000100010001000000000000000000000000000000000084020000000000002F63662F64735F66696C7465725F74626C2E74626C00000000000000000000000000000000000000000000000000000000000000000000000000000000000000
089BC0320015000F46F1345500000000000000000000000003001400
08A7C03200A5000F46F14DF10000000000000300FFFFFFFFFFFFFFFFFFFFFFFFFFFFFFFFFFFFFFFFFFFFFFFFFFFFFFFFFFFFFFFFFFFFFFFFFFFFFFFFFFFFFFFF333333333333333333333333333333333333333333333333333333333333333333333333333333333333333333333333333333333333333333333333333333333333333333333333333333333333333333333333333333330000000000000000000000000000000000000000
0887C032005D000F46F1678800000000000000000000000000000000000000000000000000000000000000000000000000000000000000000000000000000000000000000000000000000000000000000000000000000000000000000000000000000000
0897C034003D000F46F200110000000000000101431F000000000000CC4D00001A0016042000000002000000DA00000029000000AE000000170000000000630062000100
09BAC0350043000F46F28A79000000001A00010101007B14E441298C7444CD0C944314AE1342A470E9C19A99E9C0B81EE5418FC2F5BC8FC2F53C3333933F000000000000000000000000
09CAC0300027000F46F28AAF0000000000000200000048E12D420A5EEE41B8AE050038EF030028390000410C0000
09AAC0300058000F46F28C0300000000000000713D4A403F353E4006815540000080BF46B65340871659409A995940F0A7863FCDCC4CBECDCCCCBE00E01644000080BFCDCCCC3D9A99993F0000003F00000000010101000101010107000000
09DAC02B0099000F46F28D3300000000000100000100000000000000000000000000000000000000000000000000000000000000000000000000000000000000000000000000000000000000000000000000000000000000000000000000000000000000000000000000000000000000000000000000000000000000000000000000000000000000000000000000000000000000000000000000000000000000
08A4C0310045000F46F407B000000000010001010101010101000000000000000000000000000000000000000000000000000000183400000000000000000000000000000000000009000000
088AC0320013000F46F45E670000000001000002000000000000
0890C032003D000F46F466670000000000000000000000000000000000000000000000000000000000000000000000000000000000000000000000000100010001000100
08AAC0330049000F46F46E16000000000002000007000000000000000200000000000000060000000000000000000000000000000000000000000000803E0000803E0000FFFFFFFFFFFFFFFF00000C00
08B8C0320069000F46F4148F000000000000010001000100000000000000000000000000000000008F020000000000002F63662F64735F66696C7465725F74626C2E74626C00000000000000000000000000000000000000000000000000000000000000000000000000000000000000
089BC0330015000F46F42E2500000000000000000000000003001400
08A7C03300A5000F46F447C10000000000000300FFFFFFFFFFFFFFFFFFFFFFFFFFFFFFFFFFFFFFFFFFFFFFFFFFFFFFFFFFFFFFFFFFFFFFFFFFFFFFFFFFFFFFFF333333333333333333333333333333333333333333333333333333333333333333333333333333333333333333333333333333333333333333333333333333333333333333333333333333333333333333333333333333330000000000000000000000000000000000000000
08ADC03200AD000F46F4A495000000000000010001011F00000003000000000000000000000000000000000000000000102700003500000036000000840200003500000036000000FFFFFFFFFFFFFFFFFFFFFFFFFFFFFFFFFFFFFFFFFFFFFFFFFFFFFFFFFFFFFFFFFFFFFFFFFFFFFFFFFFFFFFFFFFFFFFFFFFFFFFFFFFFFFFFFFFFFFFFFFFFFFFFFFFFFFFFFFFFFFFFFFFFFFFFFFFFFFFFFFFFFFFFFFFFFFFFFFFFFFFFFFFFFFFFFFFFFFFFFFFFFFFFFFFFFFFFF
0887C033005D000F46F4A4D200000000000000000000000000000000000000000000000000000000000000000000000000000000000000000000000000000000000000000000000000000000000000000000000000000000000000000000000000000000
0897C035003D000F46F4FAF00000000000000101E41F0000000000005C4F00001A002D042200000002000000DE00000029000000B1000000170000006200630063000100
09BAC0360043000F46F58F6E000000001B00000000007B14E441298C7444CD0C944314AE1342A470E9C19A99E9C0B81EE5418FC2F5BC8FC2F53C3333933F000000000000000000000000
09CAC0310027000F46F58FBB0000000000000200000031083042BE34F141B8AE050038EF030028390000410C0000
09AAC0310058000F46F5911000000000000000931844407F6A3C407D3F5540000080BF33335340D1225B4062105840F0A7863F00000000CDCC4CBE9A790C44000080BFCDCCCC3D67664640000000009A9999BE010101000101010107000000
09DAC02C0099000F46F5923600000000000100000100000000000000000000000000000000000000000000000000000000000000000000000000000000000000000000000000000000000000000000000000000000000000000000000000000000000000000000000000000000000000000000000000000000000000000000000000000000000000000000000000000000000000000000000000000000000000
08A4C0320045000F46F607BF00000000010001010101010101000000000000000000000000000000000000000000000000000000183400000000000000000000000000000000000009000000
088AC0330013000F46F621660000000001000002000000000000
0890C033003D000F46F6548B0000000000000000000000000000000000000000000000000000000000000000000000000000000000000000000000000100010001000100
09BAC0370043000F46F66AD1000000001B0001010100F628E4419A8974447B34944352B81342D7A3F0C148E13AC17B14D6410AD723BD0AD7233DEC51983F000000000000000000000000
08AAC0340049000F46F66E26000000000002000007000000000000000200000000000000060000000000000000000000000000000000000000000000803E0000803E0000FFFFFFFFFFFFFFFF00000C00
09BAC0380043000F46F6EA84000000001C0000000000F628E4419A8974447B34944352B81342D7A3F0C148E13AC17B14D6410AD723BD0AD7233DEC51983F000000000000000000000000
09CAC0320027000F46F6EABC0000000000000200000031083042F0C1AF41B8AE050040EF030028390000410C0000
08ADC03300AD000F46F73161000000000000010001011F000000030000000000000000000000000000000000000000001027000035000000360000008C0200003500000036000000FFFFFFFFFFFFFFFFFFFFFFFFFFFFFFFFFFFFFFFFFFFFFFFFFFFFFFFFFFFFFFFFFFFFFFFFFFFFFFFFFFFFFFFFFFFFFFFFFFFFFFFFFFFFFFFFFFFFFFFFFFFFFFFFFFFFFFFFFFFFFFFFFFFFFFFFFFFFFFFFFFFFFFFFFFFFFFFFFFFFFFFFFFFFFFFFFFFFFFFFFFFFFFFFFFFFFFFF
09AAC0320058000F46F732F900000000000000E7FB49406ABC54402B875640000080BF1904564008AC5C4006815540F0A7863F9A9999BE9A9999BECDCCF543000080BF9A99993ECDCC0C409A9999BECDCCCCBD010101000101010107000000
08B8C0330069000F46F738660000000000000100010001000000000000000000000000000000000093020000000000002F63662F64735F66696C7465725F74626C2E74626C00000000000000000000000000000000000000000000000000000000000000000000000000000000000000
089BC0340015000F46F73D8200000000000000000000000003001400
08A7C03400A5000F46F747C10000000000000300FFFFFFFFFFFFFFFFFFFFFFFFFFFFFFFFFFFFFFFFFFFFFFFFFFFFFFFFFFFFFFFFFFFFFFFFFFFFFFFFFFFFFFFF333333333333333333333333333333333333333333333333333333333333333333333333333333333333333333333333333333333333333333333333333333333333333333333333333333333333333333333333333333330000000000000000000000000000000000000000
0887C034005D000F46F7615800000000000000000000000000000000000000000000000000000000000000000000000000000000000000000000000000000000000000000000000000000000000000000000000000000000000000000000000000000000
0897C036003D000F46F7FAF000000000000001015E200000000000008A5000001B0044042300000002000000E200000029000000B4000000180000006200630063000100
08A4C0330045000F46F90CCE00000000010001010101010101000000000000000000000000000000000000000000000000000000183400000000000000000000000000000000000009000000
088AC0340013000F46F926740000000001000002000000000000
0890C034003D000F46F9599A0000000000000000000000000000000000000000000000000000000000000000000000000000000000000000000000000100010001000100
08AAC0350049000F46F97334000000000002000007000000000000000200000000000000060000000000000000000000000000000000000000000000803E0000803E0000FFFFFFFFFFFFFFFF00000C00
08ADC03400AD000F46F9BDFD000000000000010001011F00000003000000000000000000000000000000000000000000102700003600000037000000930200003600000037000000FFFFFFFFFFFFFFFFFFFFFFFFFFFFFFFFFFFFFFFFFFFFFFFFFFFFFFFFFFFFFFFFFFFFFFFFFFFFFFFFFFFFFFFFFFFFFFFFFFFFFFFFFFFFFFFFFFFFFFFFFFFFFFFFFFFFFFFFFFFFFFFFFFFFFFFFFFFFFFFFFFFFFFFFFFFFFFFFFFFFFFFFFFFFFFFFFFFFFFFFFFFFFFFFFFFFFFFF
09BAC0390043000F46F9C03C000000001C0001010100F628E441858B74447B1494431F8513429A99E5C1EC51E0C03333DB410AD7233C0AD7233CD7A3903F000000000000000000000000
09CAC0330027000F46F9C0700000000000000200000031083042C73CFD41B8AE050040EF030028390000410C0000
09AAC0330058000F46F9C1C70000000000000096434B40EC515840F4FD5440000080BFBC745340AC1C5A402DB23D40F0A7863FCDCCCCBD0000803FCDAC0D44000080BFCDCC4C3E6766663FCDCCCCBE9A9999BE010101000101010107000000
09DAC02D0099000F46F9C30A00000000000100000100000000000000000000000000000000000000000000000000000000000000000000000000000000000000000000000000000000000000000000000000000000000000000000000000000000000000000000000000000000000000000000000000000000000000000000000000000000000000000000000000000000000000000000000000000000000000
08B8C0340069000F46FA148E000000000000010001000100000000000000000000000000000000009F020000000000002F63662F64735F66696C7465725F74626C2E74626C00000000000000000000000000000000000000000000000000000000000000000000000000000000000000
089BC0350015000F46FA2E2500000000000000000000000003001400
08A7C03500A5000F46FA47C10000000000000300FFFFFFFFFFFFFFFFFFFFFFFFFFFFFFFFFFFFFFFFFFFFFFFFFFFFFFFFFFFFFFFFFFFFFFFFFFFFFFFFFFFFFFFF333333333333333333333333333333333333333333333333333333333333333333333333333333333333333333333333333333333333333333333333333333333333333333333333333333333333333333333333333333330000000000000000000000000000000000000000
0887C035005D000F46FA920200000000000000000000000000000000000000000000000000000000000000000000000000000000000000000000000000000000000000000000000000000000000000000000000000000000000000000000000000000000
0897C037003D000F46FB08870000000000000101DD20000000000000B85100001C005F042300000002000000E600000029000000B8000000190000000500630001000101
08B8C0350069000F46FD171E00000000000001000100010000000000000000000000000000000000A7020000000000002F63662F64735F66696C7465725F74626C2E74626C00000000000000000000000000000000000000000000000000000000000000000000000000000000000000
089BC0360015000F46FD30B400000000000000000000000003001400
08A7C03600A5000F46FD4A510000000000000300FFFFFFFFFFFFFFFFFFFFFFFFFFFFFFFFFFFFFFFFFFFFFFFFFFFFFFFFFFFFFFFFFFFFFFFFFFFFFFFFFFFFFFFF333333333333333333333333333333333333333333333333333333333333333333333333333333333333333333333333333333333333333333333333333333333333333333333333333333333333333333333333333333330000000000000000000000000000000000000000
0887C036005D000F46FD949B00000000000000000000000000000000000000000000000000000000000000000000000000000000000000000000000000000000000000000000000000000000000000000000000000000000000000000000000000000000
09BAC03A0043000F46FD9EDC000000001D0000000000F628E441858B74447B1494431F8513429A99E5C1EC51E0C03333DB410AD7233C0AD7233CD7A3903F000000000000000000000000
09CAC0340027000F46FD9F1700000000000002000000310830424827EF41B8AE050054EF030028390000410C0000
09AAC0340058000F46FDA084000000000000000C024B40AC1C5A407D3F5540000080BFBC745340508D57400E2D3240DD24863FCDCCCC3D333313409A990C44000080BFCDCCCC3DCDCCCC3E9A9999BECDCC4CBE010101000101010107000000
09DAC02E0099000F46FDA1AC00000000000100000100000000000000000000000000000000000000000000000000000000000000000000000000000000000000000000000000000000000000000000000000000000000000000000000000000000000000000000000000000000000000000000000000000000000000000000000000000000000000000000000000000000000000000000000000000000000000
0897C038003D000F46FDFD8000000000000001015621000000000000E65200001D0070042300000002000000EA00000029000000BA0000001A0000006300630000000101
088AC0350013000F470023F60000000001000002000000000000
0890C035003D000F4700571A0000000000000000000000000000000000000000000000000000000000000000000000000000000000000000000000000100010001000100
08AAC0360049000F470070B5000000000002000007000000000000000200000000000000060000000000000000000000000000000000000000000000803E0000803E0000FFFFFFFFFFFFFFFF00000C00
08B8C0360069000F4701171E00000000000001000100010000000000000000000000000000000000B1020000000000002F63662F64735F66696C7465725F74626C2E74626C00000000000000000000000000000000000000000000000000000000000000000000000000000000000000
08ADC03500AD000F47016453000000000000010001011F00000003000000000000000000000000000000000000000000102700003800000039000000AF0200003800000039000000FFFFFFFFFFFFFFFFFFFFFFFFFFFFFFFFFFFFFFFFFFFFFFFFFFFFFFFFFFFFFFFFFFFFFFFFFFFFFFFFFFFFFFFFFFFFFFFFFFFFFFFFFFFFFFFFFFFFFFFFFFFFFFFFFFFFFFFFFFFFFFFFFFFFFFFFFFFFFFFFFFFFFFFFFFFFFFFFFFFFFFFFFFFFFFFFFFFFFFFFFFFFFFFFFFFFFFFF
089BC0370015000F4701667A00000000000000000000000003001400
08A7C03700A5000F47016B990000000000000300FFFFFFFFFFFFFFFFFFFFFFFFFFFFFFFFFFFFFFFFFFFFFFFFFFFFFFFFFFFFFFFFFFFFFFFFFFFFFFFFFFFFFFFF333333333333333333333333333333333333333333333333333333333333333333333333333333333333333333333333333333333333333333333333333333333333333333333333333333333333333333333333333333330000000000000000000000000000000000000000
0887C037005D000F470170B500000000000000000000000000000000000000000000000000000000000000000000000000000000000000000000000000000000000000000000000000000000000000000000000000000000000000000000000000000000
0897C039003D000F4701FD7F0000000000000101E321000000000000405400001E007E042300000002000000EE00000029000000BE0000001A0000006300630000000100
09BAC03B0043000F4702B379000000001D0001010100F628E4415288744448419443295C1342000002C248E1C2C01F85D5410AD7233C0AD7233D85EB913F000000000000000000000000
09CAC0350027000F4702B3AD00000000000002000000310830424753E741B8AE050060EF030028390000410C0000
09AAC0350058000F4702B5040000000000000062105840D9CE57407D3F5540000080BF333353400AD743409CC44040DD24863FCDCC8C3F3333333F9A990C44000080BF0000000000000000CDCC4CBECDCCCCBD010101000101010107000000
09DAC02F0099000F4702B64700000000000100000100000000000000000000000000000000000000000000000000000000000000000000000000000000000000000000000000000000000000000000000000000000000000000000000000000000000000000000000000000000000000000000000000000000000000000000000000000000000000000000000000000000000000000000000000000000000000
08A4C0340045000F470407BF0000000001000101010101010100000000000000000000000000000000000000000000000000000018340000000000000000000000000000000000000A000000
088AC0360013000F470421640000000001000002000000000000
0890C036003D000F4704548B0000000000000000000000000000000000000000000000000000000000000000000000000000000000000000000000000100010001000100
08AAC0370049000F47046E25000000000002000007000000000000000200000000000000060000000000000000000000000000000000000000000000803E0000803E0000FFFFFFFFFFFFFFFF00000C00
08ADC03600AD000F47056493000000000000010001011F0000000300000000000000000000000000000000000000000010270000390000003A000000BC020000390000003A000000FFFFFFFFFFFFFFFFFFFFFFFFFFFFFFFFFFFFFFFFFFFFFFFFFFFFFFFFFFFFFFFFFFFFFFFFFFFFFFFFFFFFFFFFFFFFFFFFFFFFFFFFFFFFFFFFFFFFFFFFFFFFFFFFFFFFFFFFFFFFFFFFFFFFFFFFFFFFFFFFFFFFFFFFFFFFFFFFFFFFFFFFFFFFFFFFFFFFFFFFFFFFFFFFFFFFFFFF
0897C03A003D000F4705FAF000000000000001016C220000000000009A5500001F008D042400000002000000F200000029000000C20000001B0000006200630063000101
08A4C0350045000F47070CCE0000000001000101010101010100000000000000000000000000000000000000000000000000000018340000000000000000000000000000000000000A000000
088AC0370013000F470726740000000001000002000000000000
0890C037003D000F4707599A0000000000000000000000000000000000000000000000000000000000000000000000000000000000000000000000000100010001000100
08AAC0380049000F47077335000000000002000007000000000000000200000000000000060000000000000000000000000000000000000000000000803E0000803E0000FFFFFFFFFFFFFFFF00000C00
08ADC03700AD000F4707F272000000000000010001011F00000003000000000000000000000000000000000000000000102700003A0000003B000000C30200003A0000003B000000FFFFFFFFFFFFFFFFFFFFFFFFFFFFFFFFFFFFFFFFFFFFFFFFFFFFFFFFFFFFFFFFFFFFFFFFFFFFFFFFFFFFFFFFFFFFFFFFFFFFFFFFFFFFFFFFFFFFFFFFFFFFFFFFFFFFFFFFFFFFFFFFFFFFFFFFFFFFFFFFFFFFFFFFFFFFFFFFFFFFFFFFFFFFFFFFFFFFFFFFFFFFFFFFFFFFFFFF
08B8C0370069000F4708148E00000000000001000100010000000000000000000000000000000000C8020000000000002F63662F64735F66696C7465725F74626C2E74626C00000000000000000000000000000000000000000000000000000000000000000000000000000000000000
089BC0380015000F47082E2500000000000000000000000003001400
08A7C03800A5000F470847C10000000000000300FFFFFFFFFFFFFFFFFFFFFFFFFFFFFFFFFFFFFFFFFFFFFFFFFFFFFFFFFFFFFFFFFFFFFFFFFFFFFFFFFFFFFFFF333333333333333333333333333333333333333333333333333333333333333333333333333333333333333333333333333333333333333333333333333333333333333333333333333333333333333333333333333333330000000000000000000000000000000000000000
0887C038005D000F4708615800000000000000000000000000000000000000000000000000000000000000000000000000000000000000000000000000000000000000000000000000000000000000000000000000000000000000000000000000000000
0897C03B003D000F4709390A0000000000000101E722000000000000C856000020009E042500000002000000F600000029000000C60000001B0000001600630063000100
08A4C0360045000F470B0A4F0000000001000101010101010100000000000000000000000000000000000000000000000000000018340000000000000000000000000000000000000A000000
088AC0380013000F470B23F40000000001000002000000000000
0890C038003D000F470B571A0000000000000000000000000000000000000000000000000000000000000000000000000000000000000000000000000100010001000100
08AAC0390049000F470B70B4000000000002000007000000000000000200000000000000060000000000000000000000000000000000000000000000803E0000803E0000FFFFFFFFFFFFFFFF00000C00
09BAC03C0043000F470B8CEE000000001E0000000000F628E4415288744448419443295C1342000002C248E1C2C01F85D5410AD7233C0AD7233D85EB913F000000000000000000000000
09CAC0360027000F470B8D260000000000000200000031083042E039D441B8AE050078EF030028390000410C0000
09AAC0360058000F470B8EA000000000000000E3A55B4054E3454006815540000080BFBC745340A69B4440355E5A40F0A7863F6766663FCDCCCCBE33330D44000080BFCDCCCCBDCDCC4CBE0000803FCDCCCCBD010101000101010107000000
09DAC0300099000F470B8F9700000000000100000100000000000000000000000000000000000000000000000000000000000000000000000000000000000000000000000000000000000000000000000000000000000000000000000000000000000000000000000000000000000000000000000000000000000000000000000000000000000000000000000000000000000000000000000000000000000000
08ADC03800AD000F470C0361000000000000010001011F00000003000000000000000000000000000000000000000000102700003B0000003C000000CE0200003B0000003C000000FFFFFFFFFFFFFFFFFFFFFFFFFFFFFFFFFFFFFFFFFFFFFFFFFFFFFFFFFFFFFFFFFFFFFFFFFFFFFFFFFFFFFFFFFFFFFFFFFFFFFFFFFFFFFFFFFFFFFFFFFFFFFFFFFFFFFFFFFFFFFFFFFFFFFFFFFFFFFFFFFFFFFFFFFFFFFFFFFFFFFFFFFFFFFFFFFFFFFFFFFFFFFFFFFFFFFFFF
08B8C0380069000F470C1B6600000000000001000100010000000000000000000000000000000000D2020000000000002F63662F64735F66696C7465725F74626C2E74626C00000000000000000000000000000000000000000000000000000000000000000000000000000000000000
089BC0390015000F470C34FE00000000000000000000000003001400
08A7C03900A5000F470C4E9A0000000000000300FFFFFFFFFFFFFFFFFFFFFFFFFFFFFFFFFFFFFFFFFFFFFFFFFFFFFFFFFFFFFFFFFFFFFFFFFFFFFFFFFFFFFFFF333333333333333333333333333333333333333333333333333333333333333333333333333333333333333333333333333333333333333333333333333333333333333333333333333333333333333333333333333333330000000000000000000000000000000000000000
0887C039005D000F470C683100000000000000000000000000000000000000000000000000000000000000000000000000000000000000000000000000000000000000000000000000000000000000000000000000000000000000000000000000000000
0897C03C003D000F470D001300000000000001017423000000000000225800002100AB042600000002000000FA00000029000000CA0000001C0000000000630062000100
08A4C0370045000F470E0A4E0000000001000101010101010100000000000000000000000000000000000000000000000000000018340000000000000000000000000000000000000A000000
088AC0390013000F470E23F40000000001000002000000000000
08ADC03900AD000F470E9006000000000000010001011F00000003000000000000000000000000000000000000000000102700003C0000003D000000DB0200003C0000003D000000FFFFFFFFFFFFFFFFFFFFFFFFFFFFFFFFFFFFFFFFFFFFFFFFFFFFFFFFFFFFFFFFFFFFFFFFFFFFFFFFFFFFFFFFFFFFFFFFFFFFFFFFFFFFFFFFFFFFFFFFFFFFFFFFFFFFFFFFFFFFFFFFFFFFFFFFFFFFFFFFFFFFFFFFFFFFFFFFFFFFFFFFFFFFFFFFFFFFFFFFFFFFFFFFFFFFFFFF
0890C039003D000F470E92000000000000000000000000000000000000000000000000000000000000000000000000000000000000000000000000000100010001000100
08AAC03A0049000F470E971C000000000002000007000000000000000200000000000000060000000000000000000000000000000000000000000000803E0000803E0000FFFFFFFFFFFFFFFF00000C00
08B8C0390069000F470F171D00000000000001000100010000000000000000000000000000000000DC020000000000002F63662F64735F66696C7465725F74626C2E74626C00000000000000000000000000000000000000000000000000000000000000000000000000000000000000
089BC03A0015000F470F30B400000000000000000000000003001400
08A7C03A00A5000F470F4A510000000000000300FFFFFFFFFFFFFFFFFFFFFFFFFFFFFFFFFFFFFFFFFFFFFFFFFFFFFFFFFFFFFFFFFFFFFFFFFFFFFFFFFFFFFFFF333333333333333333333333333333333333333333333333333333333333333333333333333333333333333333333333333333333333333333333333333333333333333333333333333333333333333333333333333333330000000000000000000000000000000000000000
0887C03A005D000F470F63E700000000000000000000000000000000000000000000000000000000000000000000000000000000000000000000000000000000000000000000000000000000000000000000000000000000000000000000000000000000
09BAC03D0043000F470F8D0F000000001E0001010100713DE441528874443D4A9443EC5113421F85F9C1666676C00000EC41CDCC4C3D000000007B148E3F000000000000000000000000
09CAC0370027000F470F8D440000000000000200000031083042F6A1B541B8AE050078EF030028390000410C0000
09AAC0370058000F470F8EAC0000000000000023DB5940894140407D3F5540000080BF58395440E5D04240E3A55B40DD24863FCDCCCC3ECDCCCCBECD2C0D44000080BFCDCCCC3DCDCCCCBDCDCC0C409A9999BE010101000101010107000000
09DAC0310099000F470F8FBE00000000000100000100000000000000000000000000000000000000000000000000000000000000000000000000000000000000000000000000000000000000000000000000000000000000000000000000000000000000000000000000000000000000000000000000000000000000000000000000000000000000000000000000000000000000000000000000000000000000
0897C03D003D000F47101CF20000000000000101E723000000000000265900002300BA042600000002000000FF00000029000000CD0000001D0000000B00390000000100
08A4C0380045000F47120A4E0000000001000101010101010100000000000000000000000000000000000000000000000000000018340000000000000000000000000000000000000B000000
088AC03A0013000F471223F40000000001000002000000000000
08ADC03A00AD000F471286D3000000000000010001011F00000003000000000000000000000000000000000000000000102700003D0000003D000000E30200003D0000003E000000FFFFFFFFFFFFFFFFFFFFFFFFFFFFFFFFFFFFFFFFFFFFFFFFFFFFFFFFFFFFFFFFFFFFFFFFFFFFFFFFFFFFFFFFFFFFFFFFFFFFFFFFFFFFFFFFFFFFFFFFFFFFFFFFFFFFFFFFFFFFFFFFFFFFFFFFFFFFFFFFFFFFFFFFFFFFFFFFFFFFFFFFFFFFFFFFFFFFFFFFFFFFFFFFFFFFFFFF
0890C03A003D000F471287C00000000000000000000000000000000000000000000000000000000000000000000000000000000000000000000000000100010001000100
08AAC03B0049000F47128CDE000000000002000007000000000000000200000000000000060000000000000000000000000000000000000000000000803E0000803E0000FFFFFFFFFFFFFFFF00000C00
08B8C03A0069000F4713171F00000000000001000100010000000000000000000000000000000000E6020000000000002F63662F64735F66696C7465725F74626C2E74626C00000000000000000000000000000000000000000000000000000000000000000000000000000000000000
089BC03B0015000F471330B400000000000000000000000003001400
08A7C03B00A5000F47134A500000000000000300FFFFFFFFFFFFFFFFFFFFFFFFFFFFFFFFFFFFFFFFFFFFFFFFFFFFFFFFFFFFFFFFFFFFFFFFFFFFFFFFFFFFFFFF333333333333333333333333333333333333333333333333333333333333333333333333333333333333333333333333333333333333333333333333333333333333333333333333333333333333333333333333333333330000000000000000000000000000000000000000
0887C03B005D000F471363E700000000000000000000000000000000000000000000000000000000000000000000000000000000000000000000000000000000000000000000000000000000000000000000000000000000000000000000000000000000
0897C03E003D000F4713FD7F00000000000001018024000000000000AA5A00002300CF0426000000020000000201000029000000D00000001D0000006300630000000100
09BAC03E0043000F47148CED000000001F0000000000713DE441528874443D4A9443EC5113421F85F9C1666676C00000EC41CDCC4C3D000000007B148E3F000000000000000000000000
09CAC0380027000F47148D2600000000000002000000310830421F1AEB41B8AE050088EF030028390000410C0000
09AAC0380058000F47148E920000000000000031084C40666646407D3F5540000080BF583954409A99594087165940F0A7863FCDCCCCBDCDCCCC3D00400D44000080BF9A99993E0000C03F9A99993ECDCCCCBD010101000101010107000000
09DAC0320099000F47148FA700000000000100000100000000000000000000000000000000000000000000000000000000000000000000000000000000000000000000000000000000000000000000000000000000000000000000000000000000000000000000000000000000000000000000000000000000000000000000000000000000000000000000000000000000000000000000000000000000000000
09BAC03F0043000F4715E340000000001F0001010100713DE44152887444F6489443EC5113420000F6C16666FEC014AED7410AD723BC8FC2F53C3D0A973F000000000000000000000000
09BAC0400043000F4715E35500000000200000000000713DE44152887444F6489443EC5113420000F6C16666FEC014AED7410AD723BC8FC2F53C3D0A973F000000000000000000000000
09CAC0390027000F4715E3840000000000000200000031083042C54E2C42B8AE050090EF030028390000410C0000
09AAC0390058000F4715E4CA0000000000000037894140DD2446403D0A5740000080BFD9CE57406DE75B40FED45840022B873F9A9999BECDCC4CBECD4CD343000080BF0000000033331340000000009A9999BE010101000101010107000000
08A4C0390045000F47160A4D0000000001000101010101010100000000000000000000000000000000000000000000000000000018340000000000000000000000000000000000000B000000
088AC03B0013000F47165C490000000001000002000000000000
0890C03B003D000F471666760000000000000000000000000000000000000000000000000000000000000000000000000000000000000000000000000100010001000100
08AAC03C0049000F471670B4000000000002000007000000000000000200000000000000060000000000000000000000000000000000000000000000803E0000803E0000FFFFFFFFFFFFFFFF00000C00
08B8C03B0069000F4717171F00000000000001000100010000000000000000000000000000000000F0020000000000002F63662F64735F66696C7465725F74626C2E74626C00000000000000000000000000000000000000000000000000000000000000000000000000000000000000
089BC03C0015000F471730B400000000000000000000000003001400
08A7C03C00A5000F47174A500000000000000300FFFFFFFFFFFFFFFFFFFFFFFFFFFFFFFFFFFFFFFFFFFFFFFFFFFFFFFFFFFFFFFFFFFFFFFFFFFFFFFFFFFFFFFF333333333333333333333333333333333333333333333333333333333333333333333333333333333333333333333333333333333333333333333333333333333333333333333333333333333333333333333333333333330000000000000000000000000000000000000000
08ADC03B00AD000F4717A191000000000000010001011F00000003000000000000000000000000000000000000000000102700003E0000003E000000F20200003E0000003F000000FFFFFFFFFFFFFFFFFFFFFFFFFFFFFFFFFFFFFFFFFFFFFFFFFFFFFFFFFFFFFFFFFFFFFFFFFFFFFFFFFFFFFFFFFFFFFFFFFFFFFFFFFFFFFFFFFFFFFFFFFFFFFFFFFFFFFFFFFFFFFFFFFFFFFFFFFFFFFFFFFFFFFFFFFFFFFFFFFFFFFFFFFFFFFFFFFFFFFFFFFFFFFFFFFFFFFFFF
0887C03C005D000F4717A1D200000000000000000000000000000000000000000000000000000000000000000000000000000000000000000000000000000000000000000000000000000000000000000000000000000000000000000000000000000000
0897C03F003D000F4717FD7F000000000000010121250000000000003A5C00002300EA0426000000020000000601000029000000D40000001D0000006300630000000100
09BAC0410043000F47198A8100000000200001010100EC51E441528874445C4F9443AE471342AE47FDC15C8FFAC048E1C4410AD7233C0AD7A33C3333933F000000000000000000000000
09CAC03A0027000F47198AB900000000000002000000310830422C72C741B8AE050090EF030028390000410C0000
09AAC03A0058000F47198C02000000000000007B144E40C52050407D3F5540000080BF46B65340E3A55B40508D5740F0A7863F00000000CDCCCCBDCD4C1244000080BF9A99993E333333400000000000000000010101000101010107000000
09DAC0330099000F47198D3500000000000100000100000000000000000000000000000000000000000000000000000000000000000000000000000000000000000000000000000000000000000000000000000000000000000000000000000000000000000000000000000000000000000000000000000000000000000000000000000000000000000000000000000000000000000000000000000000000000
08A4C03A0045000F471A33440000000001000101010101010100000000000000000000000000000000000000000000000000000018340000000000000000000000000000000000000B000000
088AC03C0013000F471A38710000000001000002000000000000
0890C03C003D000F471A548B0000000000000000000000000000000000000000000000000000000000000000000000000000000000000000000000000100010001000100
08AAC03D0049000F471AA9ED000000000002000007000000000000000200000000000000060000000000000000000000000000000000000000000000803E0000803E0000FFFFFFFFFFFFFFFF00000C00
08B8C03C0069000F471B148E00000000000001000100010000000000000000000000000000000000F8020000000000002F63662F64735F66696C7465725F74626C2E74626C00000000000000000000000000000000000000000000000000000000000000000000000000000000000000
08ADC03C00AD000F471B747D000000000000010001011F00000003000000000000000000000000000000000000000000102700003F0000003F000000FD0200003F00000040000000FFFFFFFFFFFFFFFFFFFFFFFFFFFFFFFFFFFFFFFFFFFFFFFFFFFFFFFFFFFFFFFFFFFFFFFFFFFFFFFFFFFFFFFFFFFFFFFFFFFFFFFFFFFFFFFFFFFFFFFFFFFFFFFFFFFFFFFFFFFFFFFFFFFFFFFFFFFFFFFFFFFFFFFFFFFFFFFFFFFFFFFFFFFFFFFFFFFFFFFFFFFFFFFFFFFFFFFF
089BC03D0015000F471B74B300000000000000000000000003001400
08A7C03D00A5000F471B78660000000000000300FFFFFFFFFFFFFFFFFFFFFFFFFFFFFFFFFFFFFFFFFFFFFFFFFFFFFFFFFFFFFFFFFFFFFFFFFFFFFFFFFFFFFFFF333333333333333333333333333333333333333333333333333333333333333333333333333333333333333333333333333333333333333333333333333333333333333333333333333333333333333333333333333333330000000000000000000000000000000000000000
0887C03D005D000F471B7D8200000000000000000000000000000000000000000000000000000000000000000000000000000000000000000000000000000000000000000000000000000000000000000000000000000000000000000000000000000000
0897C040003D000F471BFAF00000000000000101C225000000000000CA5D00002300070527000000020000000A01000029000000D80000001D0000006200630063000100
08A4C03B0045000F471E0E610000000001000101010101010100000000000000000000000000000000000000000000000000000018340000000000000000000000000000000000000B000000
088AC03D0013000F471E25770000000001000002000000000000
0890C03D003D000F471E589E0000000000000000000000000000000000000000000000000000000000000000000000000000000000000000000000000100010001000100
08AAC03E0049000F471E7239000000000002000007000000000000000200000000000000060000000000000000000000000000000000000000000000803E0000803E0000FFFFFFFFFFFFFFFF00000C00
09BAC0420043000F471E8E7000000000210000000000EC51E441528874445C4F9443AE471342AE47FDC15C8FFAC048E1C4410AD7233C0AD7A33C3333933F000000000000000000000000
09CAC03B0027000F471E8EA90000000000000200000031083042ADB5EE41B8AE05009CEF030028390000410C0000
09AAC03B0058000F471E902300000000000000C520504023DB59407D3F5540000080BF46B65340105859408D972E40F0A7863F000000009A99D93F00400C44000080BF9A99993ECDCCCC3ECDCCCCBECDCC4CBE010101000101010107000000
09DAC0340099000F471E912B00000000000100000100000000000000000000000000000000000000000000000000000000000000000000000000000000000000000000000000000000000000000000000000000000000000000000000000000000000000000000000000000000000000000000000000000000000000000000000000000000000000000000000000000000000000000000000000000000000000
08ADC03D00AD000F471F4773000000000000010001011F000000030000000000000000000000000000000000000000001027000040000000400000000E0300004000000041000000FFFFFFFFFFFFFFFFFFFFFFFFFFFFFFFFFFFFFFFFFFFFFFFFFFFFFFFFFFFFFFFFFFFFFFFFFFFFFFFFFFFFFFFFFFFFFFFFFFFFFFFFFFFFFFFFFFFFFFFFFFFFFFFFFFFFFFFFFFFFFFFFFFFFFFFFFFFFFFFFFFFFFFFFFFFFFFFFFFFFFFFFFFFFFFFFFFFFFFFFFFFFFFFFFFFFFFFF
08B8C03D0069000F471F47C40000000000000100010001000000000000000000000000000000000003030000000000002F63662F64735F66696C7465725F74626C2E74626C00000000000000000000000000000000000000000000000000000000000000000000000000000000000000
089BC03E0015000F471F4CDE00000000000000000000000003001400
08A7C03E00A5000F471F51FF0000000000000300FFFFFFFFFFFFFFFFFFFFFFFFFFFFFFFFFFFFFFFFFFFFFFFFFFFFFFFFFFFFFFFFFFFFFFFFFFFFFFFFFFFFFFFF333333333333333333333333333333333333333333333333333333333333333333333333333333333333333333333333333333333333333333333333333333333333333333333333333333333333333333333333333333330000000000000000000000000000000000000000
0887C03E005D000F471F616400000000000000000000000000000000000000000000000000000000000000000000000000000000000000000000000000000000000000000000000000000000000000000000000000000000000000000000000000000000
0897C041003D000F471FFD80000000000000010163260000000000005A5F00002300240529000000020000000E01000029000000DC0000001E0000006300630063000100
08A4C03C0045000F47220A4E0000000001000101010101010100000000000000000000000000000000000000000000000000000018340000000000000000000000000000000000000B000000
088AC03E0013000F472223F40000000001000002000000000000
0890C03E003D000F4722571B0000000000000000000000000000000000000000000000000000000000000000000000000000000000000000000000000100010001000100
08AAC03F0049000F472270B6000000000002000007000000000000000200000000000000060000000000000000000000000000000000000000000000803E0000803E0000FFFFFFFFFFFFFFFF00000C00
08ADC03E00AD000F47231A9D000000000000010001011F000000030000000000000000000000000000000000000000001027000041000000410000001B0300004100000042000000FFFFFFFFFFFFFFFFFFFFFFFFFFFFFFFFFFFFFFFFFFFFFFFFFFFFFFFFFFFFFFFFFFFFFFFFFFFFFFFFFFFFFFFFFFFFFFFFFFFFFFFFFFFFFFFFFFFFFFFFFFFFFFFFFFFFFFFFFFFFFFFFFFFFFFFFFFFFFFFFFFFFFFFFFFFFFFFFFFFFFFFFFFFFFFFFFFFFFFFFFFFFFFFFFFFFFFFF
08B8C03E0069000F4723267A000000000000010001000100000000000000000000000000000000000C030000000000002F63662F64735F66696C7465725F74626C2E74626C00000000000000000000000000000000000000000000000000000000000000000000000000000000000000
089BC03F0015000F472330B400000000000000000000000003001400
08A7C03F00A5000F47234A510000000000000300FFFFFFFFFFFFFFFFFFFFFFFFFFFFFFFFFFFFFFFFFFFFFFFFFFFFFFFFFFFFFFFFFFFFFFFFFFFFFFFFFFFFFFFF333333333333333333333333333333333333333333333333333333333333333333333333333333333333333333333333333333333333333333333333333333333333333333333333333333333333333333333333333333330000000000000000000000000000000000000000
0887C03F005D000F472363E800000000000000000000000000000000000000000000000000000000000000000000000000000000000000000000000000000000000000000000000000000000000000000000000000000000000000000000000000000000
09BAC0430043000F47238D10000000002100010101006666E4419A897444E13A9443AE4713426666EAC1C3F504C11F85DF410AD7233C0AD7A33C3333933F000000000000000000000000
09CAC03C0027000F47238D46000000000000020000003108304281A6F041B8AE0500ACEF030028390000410C0000
09AAC03C0058000F47238E9500000000000000105859408716594006815540000080BF46B653403D0A5740AE474140CBA1853FCDCC4C3E9A99993F9A191244000080BFCDCC4C3E00000000CDCCCCBE9A9919BF010101000101010107000000
09DAC0350099000F47238FBC00000000000100000100000000000000000000000000000000000000000000000000000000000000000000000000000000000000000000000000000000000000000000000000000000000000000000000000000000000000000000000000000000000000000000000000000000000000000000000000000000000000000000000000000000000000000000000000000000000000
0897C042003D000F4723FD7F00000000000001010427000000000000EA600000230039052A000000020000001201000029000000E00000001F0000006300630000000100
08A4C03D0045000F47260A4E0000000001000101010101010100000000000000000000000000000000000000000000000000000018340000000000000000000000000000000000000C000000
088AC03F0013000F472623F40000000001000002000000000000
0890C03F003D000F4726571A0000000000000000000000000000000000000000000000000000000000000000000000000000000000000000000000000100010001000100
08AAC0400049000F472670B5000000000002000007000000000000000200000000000000060000000000000000000000000000000000000000000000803E0000803E0000FFFFFFFFFFFFFFFF00000C00
08ADC03F00AD000F4726ED5D000000000000010001011F00000003000000000000000000000000000000000000000000102700004200000042000000200300004200000043000000FFFFFFFFFFFFFFFFFFFFFFFFFFFFFFFFFFFFFFFFFFFFFFFFFFFFFFFFFFFFFFFFFFFFFFFFFFFFFFFFFFFFFFFFFFFFFFFFFFFFFFFFFFFFFFFFFFFFFFFFFFFFFFFFFFFFFFFFFFFFFFFFFFFFFFFFFFFFFFFFFFFFFFFFFFFFFFFFFFFFFFFFFFFFFFFFFFFFFFFFFFFFFFFFFFFFFFFF
09BAC0440043000F4726EDB2000000002200000000006666E4419A897444E13A9443AE4713426666EAC1C3F504C11F85DF410AD7233C0AD7A33C3333933F000000000000000000000000
09CAC03D0027000F4726EDE30000000000000200000031083042932B0842B8AE0500B8EF030028390000410C0000
09AAC03D0058000F4726EF520000000000000087165940508D5740B4C85640000080BFC74B5740FCA93140D34D4240F0A7863F6766A63FCDCCCCBD0000C643000080BFCDCC4C3ECDCCCCBE000000BFCDCC4CBE010101000101010107000000
08B8C03F0069000F4727171F0000000000000100010001000000000000000000000000000000000017030000000000002F63662F64735F66696C7465725F74626C2E74626C00000000000000000000000000000000000000000000000000000000000000000000000000000000000000
089BC0400015000F472730B400000000000000000000000003001400
08A7C04000A5000F47274A500000000000000300FFFFFFFFFFFFFFFFFFFFFFFFFFFFFFFFFFFFFFFFFFFFFFFFFFFFFFFFFFFFFFFFFFFFFFFFFFFFFFFFFFFFFFFF333333333333333333333333333333333333333333333333333333333333333333333333333333333333333333333333333333333333333333333333333333333333333333333333333333333333333333333333333333330000000000000000000000000000000000000000
0887C040005D000F472763E700000000000000000000000000000000000000000000000000000000000000000000000000000000000000000000000000000000000000000000000000000000000000000000000000000000000000000000000000000000
19DAC00000010200
09BAC0450043000F47276D66000000002200010101006666E441528874443D4A9443EC5113420000ECC1295CF7C05C8FE2410AD7A33C0AD7A33C3333933F000000000000000000000000
0897C043003D000F472835D50000000000000101A1270000000000007A620000230057052A000000020000001601000029000000E50000001F0000001500630000000100
09BAC0460043000F47288CEE000000002300000000006666E441528874443D4A9443EC5113420000ECC1295CF7C05C8FE2410AD7A33C0AD7A33C3333933F000000000000000000000000
09CAC03E0027000F47288D2B00000000000002000000310830420000AA41B8AE0500B8EF030028390000410C0000
09AAC03E0058000F47288E8600000000000000A24556400681554006815540000080BFCFF7534062103840F6283C40DD24863F00002040CDCCCC3D67660044000080BFCDCC4C3ECDCC4CBECDCCCCBECDCCCCBE010101000101010107000000
09DAC0360099000F4729841500000000000301000100012F7661722F70697361742F646174612F636170747572655F312E6A7067000000000000000000000000000000000000000000000000000000000000000000000000000000000000000000000000000000000000000000000000000000000000000000000000000000000000000000000000000000000000000000000000000000B48202008690676A00
08A4C03E0045000F472A0CCE0000000001000101010101010100000000000000000000000000000000000000000000000000000018340000000000000000000000000000000000000C000000
088AC0400013000F472A26730000000001000002000000000000
08B8C0400069000F472B148E0000000000000100010001000000000000000000000000000000000026030000000000002F63662F64735F66696C7465725F74626C2E74626C00000000000000000000000000000000000000000000000000000000000000000000000000000000000000
089BC0410015000F472B2E2500000000000000000000000003001400
09BAC0470043000F472B45C400000000230001010100E17AE4419A897444A4309443713D13420AD7F7C16666EEC0AE47C3410AD7233C0AD7A33C3333933F000000000000000000000000
08A7C04100A5000F472B47C30000000000000300FFFFFFFFFFFFFFFFFFFFFFFFFFFFFFFFFFFFFFFFFFFFFFFFFFFFFFFFFFFFFFFFFFFFFFFFFFFFFFFFFFFFFFFF333333333333333333333333333333333333333333333333333333333333333333333333333333333333333333333333333333333333333333333333333333333333333333333333333333333333333333333333333333330000000000000000000000000000000000000000
0887C041005D000F472B615900000000000000000000000000000000000000000000000000000000000000000000000000000000000000000000000000000000000000000000000000000000000000000000000000000000000000000000000000000000
0897C044003D000F472C148A00000000000001012B28000000000000D2630000240069052C000000020000001A01000029000000E90000001F0000000800630063000100
09BAC0480043000F472D8A5E00000000240000000000E17AE4419A897444A4309443713D13420AD7F7C16666EEC0AE47C3410AD7233C0AD7A33C3333933F000000000000000000000000
09CAC03F0027000F472D8A9A00000000000002000000310830421D6DEA41B8AE0500B0EF030028390000410C0000
09AAC03F0058000F472D8C010000000000000023DB5940986E52407D3F5540000080BFAAF15240643B3F40FED45840F0A7863F6766A63F9A9999BE67660C44000080BFCDCC4C3ECDCCCCBD0000003FCDCCCCBD010101000101010107000000
09DAC0370099000F472D8D1A00000000000301000100012F7661722F70697361742F646174612F636170747572655F312E6A7067000000000000000000000000000000000000000000000000000000000000000000000000000000000000000000000000000000000000000000000000000000000000000000000000000000000000000000000000000000000000000000000000000000B48202008690676A00
08A4C03F0045000F472E0A4F0000000001000101010101010100000000000000000000000000000000000000000000000000000018340000000000000000000000000000000000000C000000
088AC0410013000F472E23F40000000001000002000000000000
08ADC04000AD000F472E97A3000000000000010001011F00000003000000000000000000000000000000000000000000102700004400000044000000360300004400000045000000FFFFFFFFFFFFFFFFFFFFFFFFFFFFFFFFFFFFFFFFFFFFFFFFFFFFFFFFFFFFFFFFFFFFFFFFFFFFFFFFFFFFFFFFFFFFFFFFFFFFFFFFFFFFFFFFFFFFFFFFFFFFFFFFFFFFFFFFFFFFFFFFFFFFFFFFFFFFFFFFFFFFFFFFFFFFFFFFFFFFFFFFFFFFFFFFFFFFFFFFFFFFFFFFFFFFFFFF
0890C040003D000F472E97DF0000000000000000000000000000000000000000000000000000000000000000000000000000000000000000000000000100010001000100
08AAC0410049000F472E9C3B000000000002000007000000000000000200000000000000060000000000000000000000000000000000000000000000803E0000803E0000FFFFFFFFFFFFFFFF00000C00
08B8C0410069000F472F199F000000000000010001000100000000000000000000000000000000002F030000000000002F63662F64735F66696C7465725F74626C2E74626C00000000000000000000000000000000000000000000000000000000000000000000000000000000000000
089BC0420015000F472F333500000000000000000000000003001400
08A7C04200A5000F472F4CD10000000000000300FFFFFFFFFFFFFFFFFFFFFFFFFFFFFFFFFFFFFFFFFFFFFFFFFFFFFFFFFFFFFFFFFFFFFFFFFFFFFFFFFFFFFFFF333333333333333333333333333333333333333333333333333333333333333333333333333333333333333333333333333333333333333333333333333333333333333333333333333333333333333333333333333333330000000000000000000000000000000000000000
0887C042005D000F472F666800000000000000000000000000000000000000000000000000000000000000000000000000000000000000000000000000000000000000000000000000000000000000000000000000000000000000000000000000000000
08A4C0400045000F473107C00000000001000101010101010100000000000000000000000000000000000000000000000000000018340000000000000000000000000000000000000C000000
088AC0420013000F473121650000000001000002000000000000
08ADC04100AD000F473199C6000000000000010001011F00000003000000000000000000000000000000000000000000102700004500000044000000410300004500000046000000FFFFFFFFFFFFFFFFFFFFFFFFFFFFFFFFFFFFFFFFFFFFFFFFFFFFFFFFFFFFFFFFFFFFFFFFFFFFFFFFFFFFFFFFFFFFFFFFFFFFFFFFFFFFFFFFFFFFFFFFFFFFFFFFFFFFFFFFFFFFFFFFFFFFFFFFFFFFFFFFFFFFFFFFFFFFFFFFFFFFFFFFFFFFFFFFFFFFFFFFFFFFFFFFFFFFFFFF
0890C041003D000F47319A080000000000000000000000000000000000000000000000000000000000000000000000000000000000000000000000000100010001000100
08AAC0420049000F47319ECA000000000002000007000000000000000200000000000000060000000000000000000000000000000000000000000000803E0000803E0000FFFFFFFFFFFFFFFF00000C00
09BAC0490043000F4731A420000000002400010101005C8FE441AE8774447B549443713D1342D7A3FAC152B8DEC0295CD741000000000AD7233C3333933F000000000000000000000000
09CAC0400027000F4731A4510000000000000200000031083042ACF0E541B8AE0500B0EF030028390000410C0000
09AAC0400058000F4731A5A800000000000000FED45840190436407D3F5540000080BF986E524019043640D1225B40DD24863F9A99993E000000BF9AB90E44000080BFCDCCCC3DCDCC4CBE000000409A9999BE010101000101010107000000
09DAC0380099000F4731A6DE00000000000301000100012F7661722F70697361742F646174612F636170747572655F312E6A7067000000000000000000000000000000000000000000000000000000000000000000000000000000000000000000000000000000000000000000000000000000000000000000000000000000000000000000000000000000000000000000000000000000B48202008690676A00
08AAC0430049000F47346E28000000000002000007000000000000000200000000000000060000000000000000000000000000000000000000000000803E0000803E0000FFFFFFFFFFFFFFFF00000C00
08B8C0420069000F4735148E0000000000000100010001000000000000000000000000000000000040030000000000002F63662F64735F66696C7465725F74626C2E74626C00000000000000000000000000000000000000000000000000000000000000000000000000000000000000
089BC0430015000F47352E2500000000000000000000000003001400
08A7C04300A5000F473547C10000000000000300FFFFFFFFFFFFFFFFFFFFFFFFFFFFFFFFFFFFFFFFFFFFFFFFFFFFFFFFFFFFFFFFFFFFFFFFFFFFFFFFFFFFFFFF333333333333333333333333333333333333333333333333333333333333333333333333333333333333333333333333333333333333333333333333333333333333333333333333333333333333333333333333333333330000000000000000000000000000000000000000
0887C043005D000F4735615800000000000000000000000000000000000000000000000000000000000000000000000000000000000000000000000000000000000000000000000000000000000000000000000000000000000000000000000000000000
09BAC04A0043000F4735B357000000002500000000005C8FE441AE8774447B549443713D1342D7A3FAC152B8DEC0295CD741000000000AD7233C3333933F000000000000000000000000
09CAC0410027000F4735B3940000000000000200000031083042E0D0EC41B8AE0500CCEF030028390000410C0000
09AAC0410058000F4735B4FD0000000000000060E55040FED4384006815540000080BF0E2D524023DB59409A995940DD24863FCDCCCCBDCDCCCCBE67461144000080BFCDCCCCBDCDCC4C3F6766663FCDCCCCBD010101000101010107000000
09DAC0390099000F4735B62300000000000301000100012F7661722F70697361742F646174612F636170747572655F312E6A7067000000000000000000000000000000000000000000000000000000000000000000000000000000000000000000000000000000000000000000000000000000000000000000000000000000000000000000000000000000000000000000000000000000B48202008690676A00
0897C045003D000F4735FAF00000000000000101B829000000000000B1670000270097052F000000020000002601000029000000F3000000200000006200630063000100
08A4C0410045000F473707BE0000000001000101010101010100000000000000000000000000000000000000000000000000000018340000000000000000000000000000000000000C000000
088AC0430013000F473721630000000001000002000000000000
0890C042003D000F4737548A0000000000000000000000000000000000000000000000000000000000000000000000000000000000000000000000000100010001000100
08AAC0440049000F47376E24000000000002000007000000000000000200000000000000060000000000000000000000000000000000000000000000803E0000803E0000FFFFFFFFFFFFFFFF00000C00
08ADC04200AD000F47383A68000000000000010001011F00000003000000000000000000000000000000000000000000102700004600000045000000540300004600000047000000FFFFFFFFFFFFFFFFFFFFFFFFFFFFFFFFFFFFFFFFFFFFFFFFFFFFFFFFFFFFFFFFFFFFFFFFFFFFFFFFFFFFFFFFFFFFFFFFFFFFFFFFFFFFFFFFFFFFFFFFFFFFFFFFFFFFFFFFFFFFFFFFFFFFFFFFFFFFFFFFFFFFFFFFFFFFFFFFFFFFFFFFFFFFFFFFFFFFFFFFFFFFFFFFFFFFFFFF
08B8C0430069000F47383D840000000000000100010001000000000000000000000000000000000045030000000000002F63662F64735F66696C7465725F74626C2E74626C00000000000000000000000000000000000000000000000000000000000000000000000000000000000000
089BC0440015000F4738429F00000000000000000000000003001400
08A7C04400A5000F473847BF0000000000000300FFFFFFFFFFFFFFFFFFFFFFFFFFFFFFFFFFFFFFFFFFFFFFFFFFFFFFFFFFFFFFFFFFFFFFFFFFFFFFFFFFFFFFFF333333333333333333333333333333333333333333333333333333333333333333333333333333333333333333333333333333333333333333333333333333333333333333333333333333333333333333333333333333330000000000000000000000000000000000000000
0887C044005D000F4738615700000000000000000000000000000000000000000000000000000000000000000000000000000000000000000000000000000000000000000000000000000000000000000000000000000000000000000000000000000000
0897C046003D000F4738FAEF00000000000001012E2A000000000000DF6800002800A5052F000000020000002A01000029000000F6000000210000006200630063000101
08A4C0420045000F473B0CCF0000000001000101010101010100000000000000000000000000000000000000000000000000000018340000000000000000000000000000000000000D000000
088AC0440013000F473B26730000000001000002000000000000
0890C043003D000F473B599A0000000000000000000000000000000000000000000000000000000000000000000000000000000000000000000000000100010001000100
08AAC0450049000F473B7334000000000002000007000000000000000200000000000000060000000000000000000000000000000000000000000000803E0000803E0000FFFFFFFFFFFFFFFF00000C00
08B8C0440069000F473C1EBC000000000000010001000100000000000000000000000000000000004F030000000000002F63662F64735F66696C7465725F74626C2E74626C00000000000000000000000000000000000000000000000000000000000000000000000000000000000000
08ADC04300AD000F473C2C2F000000000000010001011F00000003000000000000000000000000000000000000000000102700004600000046000000600300004600000048000000FFFFFFFFFFFFFFFFFFFFFFFFFFFFFFFFFFFFFFFFFFFFFFFFFFFFFFFFFFFFFFFFFFFFFFFFFFFFFFFFFFFFFFFFFFFFFFFFFFFFFFFFFFFFFFFFFFFFFFFFFFFFFFFFFFFFFFFFFFFFFFFFFFFFFFFFFFFFFFFFFFFFFFFFFFFFFFFFFFFFFFFFFFFFFFFFFFFFFFFFFFFFFFFFFFFFFFFF
089BC0450015000F473C333400000000000000000000000003001400
08A7C04500A5000F473C4CD00000000000000300FFFFFFFFFFFFFFFFFFFFFFFFFFFFFFFFFFFFFFFFFFFFFFFFFFFFFFFFFFFFFFFFFFFFFFFFFFFFFFFFFFFFFFFF333333333333333333333333333333333333333333333333333333333333333333333333333333333333333333333333333333333333333333333333333333333333333333333333333333333333333333333333333333330000000000000000000000000000000000000000
0887C045005D000F473C666700000000000000000000000000000000000000000000000000000000000000000000000000000000000000000000000000000000000000000000000000000000000000000000000000000000000000000000000000000000
0897C047003D000F473CFFFF0000000000000101B62A000000000000396A00002900B30531000000020000002E01000029000000FB000000210000000000630000000100
09BAC04B0043000F473EA6AC000000002500010101005C8FE4410A8774444861944333331342EC51F6C1000008C1CDCCD8410AD7A33C00000080E17A943F000000000000000000000000
09CAC0420027000F473EA6E20000000000000200000031083042DAE4D041B8AE0500D8EF030028390000410C0000
09AAC0420058000F473EA83B000000000000000AD7434075935840F4FD5440000080BF0E2D524023DB5940C5203040DD24863FCDCCCCBD3333333F9A390E44000080BF00000000CDCC8C3F9A9999BE9A9999BE010101000101010107000000
09DAC03A0099000F473EA97900000000000301000100012F7661722F70697361742F646174612F636170747572655F312E6A7067000000000000000000000000000000000000000000000000000000000000000000000000000000000000000000000000000000000000000000000000000000000000000000000000000000000000000000000000000000000000000000000000000000B48202008690676A00
08A4C0430045000F473F171A0000000001000101010101010100000000000000000000000000000000000000000000000000000018340000000000000000000000000000000000000D000000
088AC0450013000F473F21640000000001000002000000000000
0890C044003D000F473F548A0000000000000000000000000000000000000000000000000000000000000000000000000000000000000000000000000100010001000100
08AAC0460049000F473F6E25000000000002000007000000000000000200000000000000060000000000000000000000000000000000000000000000803E0000803E0000FFFFFFFFFFFFFFFF00000C00
08ADC04400AD000F473FE6F9000000000000010001011F00000003000000000000000000000000000000000000000000102700004700000047000000670300004700000049000000FFFFFFFFFFFFFFFFFFFFFFFFFFFFFFFFFFFFFFFFFFFFFFFFFFFFFFFFFFFFFFFFFFFFFFFFFFFFFFFFFFFFFFFFFFFFFFFFFFFFFFFFFFFFFFFFFFFFFFFFFFFFFFFFFFFFFFFFFFFFFFFFFFFFFFFFFFFFFFFFFFFFFFFFFFFFFFFFFFFFFFFFFFFFFFFFFFFFFFFFFFFFFFFFFFFFFFFF
08B8C0450069000F4740148D000000000000010001000100000000000000000000000000000000005A030000000000002F63662F64735F66696C7465725F74626C2E74626C00000000000000000000000000000000000000000000000000000000000000000000000000000000000000
089BC0460015000F47402E2400000000000000000000000003001400
08A7C04600A5000F474047C00000000000000300FFFFFFFFFFFFFFFFFFFFFFFFFFFFFFFFFFFFFFFFFFFFFFFFFFFFFFFFFFFFFFFFFFFFFFFFFFFFFFFFFFFFFFFF333333333333333333333333333333333333333333333333333333333333333333333333333333333333333333333333333333333333333333333333333333333333333333333333333333333333333333333333333333330000000000000000000000000000000000000000
0887C046005D000F4740615700000000000000000000000000000000000000000000000000000000000000000000000000000000000000000000000000000000000000000000000000000000000000000000000000000000000000000000000000000000
0897C048003D000F47412E250000000000000101572B000000000000C96B00002900D20531000000020000003201000029000000FF000000210000001200630063000100
08A4C0440045000F47430A4E0000000001000101010101010100000000000000000000000000000000000000000000000000000018340000000000000000000000000000000000000D000000
088AC0460013000F474323F40000000001000002000000000000
0890C045003D000F4743571A0000000000000000000000000000000000000000000000000000000000000000000000000000000000000000000000000100010001000100
08AAC0470049000F474370B5000000000002000007000000000000000200000000000000060000000000000000000000000000000000000000000000803E0000803E0000FFFFFFFFFFFFFFFF00000C00
08ADC04500AD000F4743B866000000000000010001011F000000030000000000000000000000000000000000000000001027000048000000480000006F030000480000004A000000FFFFFFFFFFFFFFFFFFFFFFFFFFFFFFFFFFFFFFFFFFFFFFFFFFFFFFFFFFFFFFFFFFFFFFFFFFFFFFFFFFFFFFFFFFFFFFFFFFFFFFFFFFFFFFFFFFFFFFFFFFFFFFFFFFFFFFFFFFFFFFFFFFFFFFFFFFFFFFFFFFFFFFFFFFFFFFFFFFFFFFFFFFFFFFFFFFFFFFFFFFFFFFFFFFFFFFFF
09BAC04C0043000F4743BD93000000002600000000005C8FE4410A8774444861944333331342EC51F6C1000008C1CDCCD8410AD7A33C00000080E17A943F000000000000000000000000
09CAC0430027000F4743BDCF00000000000002000000310830423C22E941B8AE0500D8EF030028390000410C0000
09AAC0430058000F4743BF4500000000000000A69B444023DB59407D3F5540000080BF85EB5140508D5740FA7E2A40CBA1853F9A9999BE6766E63F00600E44000080BFCDCC4C3ECDCCCCBDCDCC4CBECDCCCCBD010101000101010107000000
09DAC03B0099000F4743C05500000000000301000100012F7661722F70697361742F646174612F636170747572655F312E6A7067000000000000000000000000000000000000000000000000000000000000000000000000000000000000000000000000000000000000000000000000000000000000000000000000000000000000000000000000000000000000000000000000000000B48202008690676A00
08B8C0460069000F474452900000000000000100010001000000000000000000000000000000000065030000000000002F63662F64735F66696C7465725F74626C2E74626C00000000000000000000000000000000000000000000000000000000000000000000000000000000000000
089BC0470015000F4744575700000000000000000000000003001400
08A7C04700A5000F47445C470000000000000300FFFFFFFFFFFFFFFFFFFFFFFFFFFFFFFFFFFFFFFFFFFFFFFFFFFFFFFFFFFFFFFFFFFFFFFFFFFFFFFFFFFFFFFF333333333333333333333333333333333333333333333333333333333333333333333333333333333333333333333333333333333333333333333333333333333333333333333333333333333333333333333333333333330000000000000000000000000000000000000000
0887C047005D000F474463E800000000000000000000000000000000000000000000000000000000000000000000000000000000000000000000000000000000000000000000000000000000000000000000000000000000000000000000000000000000
0897C049003D000F47450A4B0000000000000101F82B000000000000596D00002900F2053200000002000000360100002900000003010000220000000400630000000101
08A4C0450045000F47470A4C0000000001000101010101010100000000000000000000000000000000000000000000000000000018340000000000000000000000000000000000000D000000
088AC0470013000F474723F20000000001000002000000000000
08ADC04600AD000F474789F3000000000000010001011F000000030000000000000000000000000000000000000000001027000049000000490000007A030000490000004B000000FFFFFFFFFFFFFFFFFFFFFFFFFFFFFFFFFFFFFFFFFFFFFFFFFFFFFFFFFFFFFFFFFFFFFFFFFFFFFFFFFFFFFFFFFFFFFFFFFFFFFFFFFFFFFFFFFFFFFFFFFFFFFFFFFFFFFFFFFFFFFFFFFFFFFFFFFFFFFFFFFFFFFFFFFFFFFFFFFFFFFFFFFFFFFFFFFFFFFFFFFFFFFFFFFFFFFFFF
0890C046003D000F47478A4D0000000000000000000000000000000000000000000000000000000000000000000000000000000000000000000000000100010001000100
08AAC0480049000F47478F6C000000000002000007000000000000000200000000000000060000000000000000000000000000000000000000000000803E0000803E0000FFFFFFFFFFFFFFFF00000C00
08B8C0470069000F4748171F000000000000010001000100000000000000000000000000000000006F030000000000002F63662F64735F66696C7465725F74626C2E74626C00000000000000000000000000000000000000000000000000000000000000000000000000000000000000
089BC0480015000F474830B400000000000000000000000003001400
08A7C04800A5000F47484A500000000000000300FFFFFFFFFFFFFFFFFFFFFFFFFFFFFFFFFFFFFFFFFFFFFFFFFFFFFFFFFFFFFFFFFFFFFFFFFFFFFFFFFFFFFFFF333333333333333333333333333333333333333333333333333333333333333333333333333333333333333333333333333333333333333333333333333333333333333333333333333333333333333333333333333333330000000000000000000000000000000000000000
0887C048005D000F474863E800000000000000000000000000000000000000000000000000000000000000000000000000000000000000000000000000000000000000000000000000000000000000000000000000000000000000000000000000000000
09BAC04D0043000F4748D00500000000260001010100D7A3E4419A89744452389443B81E1342AE47E9C1E17AD4C0D7A3FE41CDCC4C3D0AD723BC85EB913F000000000000000000000000
09CAC0440027000F4748D03A00000000000002000000310830426ECAE741B8AE0500E4EF030028390000410C0000
09AAC0440058000F4748D19B00000000000000EC5158402B875640F4FD5440000080BF73685140643B1F4017D92E40F0A7863F9A99D93F9A99993E67661044000080BFCDCCCC3DCDCCCC3DCDCCCCBECDCC4CBE010101000101010107000000
09DAC03C0099000F4748D2CF00000000000301000100012F7661722F70697361742F646174612F636170747572655F312E6A7067000000000000000000000000000000000000000000000000000000000000000000000000000000000000000000000000000000000000000000000000000000000000000000000000000000000000000000000000000000000000000000000000000000B48202008690676A00
0897C04A003D000F4748FD7F0000000000000101992C000000000000E96E00002900080632000000020000003A0100002900000006010000220000006300630000000101
09BAC04E0043000F474998AC00000000270000000000D7A3E4419A89744452389443B81E1342AE47E9C1E17AD4C0D7A3FE41CDCC4C3D0AD723BC85EB913F000000000000000000000000
09AAC0450058000F47499A5D0000000000000087165940F4FD54407D3F5540000080BF73685140E5D0224017D92E40DD24863F676606409A9999BE9AF91344000080BFCDCCCC3DCDCC4CBECDCCCCBECDCC4CBE010101000101010107000000
09BAC04F0043000F474A185D00000000270001010100D7A3E441F68874441F4594437B141342A470F7C1295CBFC085EBD9410AD7233C0AD723BC3333933F000000000000000000000000
09CAC0450027000F474A189000000000000002000000310830425B6B3142B8AE0500F4EF030028390000410C0000
08A4C0460045000F474B0CCC0000000001000101010101010100000000000000000000000000000000000000000000000000000018340000000000000000000000000000000000000D000000
088AC0480013000F474B5C3C0000000001000002000000000000
0890C047003D000F474B66650000000000000000000000000000000000000000000000000000000000000000000000000000000000000000000000000100010001000100
08AAC0490049000F474B7332000000000002000007000000000000000200000000000000060000000000000000000000000000000000000000000000803E0000803E0000FFFFFFFFFFFFFFFF00000C00
08B8C0480069000F474B148F0000000000000100010001000000000000000000000000000000000078030000000000002F63662F64735F66696C7465725F74626C2E74626C00000000000000000000000000000000000000000000000000000000000000000000000000000000000000
089BC0490015000F474B2E2500000000000000000000000003001400
08A7C04900A5000F474B47C20000000000000300FFFFFFFFFFFFFFFFFFFFFFFFFFFFFFFFFFFFFFFFFFFFFFFFFFFFFFFFFFFFFFFFFFFFFFFFFFFFFFFFFFFFFFFF333333333333333333333333333333333333333333333333333333333333333333333333333333333333333333333333333333333333333333333333333333333333333333333333333333333333333333333333333333330000000000000000000000000000000000000000
08ADC04700AD000F474BA15E000000000000010001011F00000003000000000000000000000000000000000000000000102700004A0000004A000000890300004A0000004C000000FFFFFFFFFFFFFFFFFFFFFFFFFFFFFFFFFFFFFFFFFFFFFFFFFFFFFFFFFFFFFFFFFFFFFFFFFFFFFFFFFFFFFFFFFFFFFFFFFFFFFFFFFFFFFFFFFFFFFFFFFFFFFFFFFFFFFFFFFFFFFFFFFFFFFFFFFFFFFFFFFFFFFFFFFFFFFFFFFFFFFFFFFFFFFFFFFFFFFFFFFFFFFFFFFFFFFFFF
0887C049005D000F474BA19B00000000000000000000000000000000000000000000000000000000000000000000000000000000000000000000000000000000000000000000000000000000000000000000000000000000000000000000000000000000
0897C04B003D000F474BFAF00000000000000101362D000000000000797000002900260633000000020000003E010000290000000A010000220000006200630063000100
08A4C0470045000F474D07BF0000000001000101010101010100000000000000000000000000000000000000000000000000000018340000000000000000000000000000000000000D000000
088AC0490013000F474D21650000000001000002000000000000
0890C048003D000F474D548B0000000000000000000000000000000000000000000000000000000000000000000000000000000000000000000000000100010001000100
08AAC04A0049000F474D6E26000000000002000007000000000000000200000000000000060000000000000000000000000000000000000000000000803E0000803E0000FFFFFFFFFFFFFFFF00000C00
08ADC04800AD000F474E2D31000000000000010001011F00000003000000000000000000000000000000000000000000102700004A0000004A000000910300004A0000004C000000FFFFFFFFFFFFFFFFFFFFFFFFFFFFFFFFFFFFFFFFFFFFFFFFFFFFFFFFFFFFFFFFFFFFFFFFFFFFFFFFFFFFFFFFFFFFFFFFFFFFFFFFFFFFFFFFFFFFFFFFFFFFFFFFFFFFFFFFFFFFFFFFFFFFFFFFFFFFFFFFFFFFFFFFFFFFFFFFFFFFFFFFFFFFFFFFFFFFFFFFFFFFFFFFFFFFFFFF
08B8C0490069000F474E35D7000000000000010001000100000000000000000000000000000000007E030000000000002F63662F64735F66696C7465725F74626C2E74626C00000000000000000000000000000000000000000000000000000000000000000000000000000000000000
089BC04A0015000F474E3AF800000000000000000000000003001400
08A7C04A00A5000F474E47C20000000000000300FFFFFFFFFFFFFFFFFFFFFFFFFFFFFFFFFFFFFFFFFFFFFFFFFFFFFFFFFFFFFFFFFFFFFFFFFFFFFFFFFFFFFFFF333333333333333333333333333333333333333333333333333333333333333333333333333333333333333333333333333333333333333333333333333333333333333333333333333333333333333333333333333333330000000000000000000000000000000000000000
0887C04A005D000F474E615900000000000000000000000000000000000000000000000000000000000000000000000000000000000000000000000000000000000000000000000000000000000000000000000000000000000000000000000000000000
0897C04C003D000F474EFAF10000000000000101AC2D000000000000A77100002A003B06330000000200000042010000290000000D010000230000006200630063000100
09BAC0500043000F4750C02200000000280000000000D7A3E441F68874441F4594437B141342A470F7C1295CBFC085EBD9410AD7233C0AD723BC3333933F000000000000000000000000
09CAC0460027000F4750C05F000000000000020000003108304292B3D941B8AE050000F0030028390000410C0000
09AAC0460058000F4750C1C700000000000000C74B5740DF4F2D407D3F5540000080BF986E5240C74B37409A995940F0A7863F9A99193FCDCC4CBECDAC1044000080BF000000009A9999BE0000C03FCDCCCCBD010101000101010107000000
09DAC03D0099000F4750C2E100000000000301000100012F7661722F70697361742F646174612F636170747572655F312E6A7067000000000000000000000000000000000000000000000000000000000000000000000000000000000000000000000000000000000000000000000000000000000000000000000000000000000000000000000000000000000000000000000000000000B48202008690676A00
08A4C0480045000F47510CCF0000000001000101010101010100000000000000000000000000000000000000000000000000000018340000000000000000000000000000000000000E000000
088AC04A0013000F475126750000000001000002000000000000
0890C049003D000F4751599B0000000000000000000000000000000000000000000000000000000000000000000000000000000000000000000000000100010001000100
08AAC04B0049000F47517336000000000002000007000000000000000200000000000000060000000000000000000000000000000000000000000000803E0000803E0000FFFFFFFFFFFFFFFF00000C00
08ADC04900AD000F47520164000000000000010001011F00000003000000000000000000000000000000000000000000102700004B0000004B0000009C0300004B0000004D000000FFFFFFFFFFFFFFFFFFFFFFFFFFFFFFFFFFFFFFFFFFFFFFFFFFFFFFFFFFFFFFFFFFFFFFFFFFFFFFFFFFFFFFFFFFFFFFFFFFFFFFFFFFFFFFFFFFFFFFFFFFFFFFFFFFFFFFFFFFFFFFFFFFFFFFFFFFFFFFFFFFFFFFFFFFFFFFFFFFFFFFFFFFFFFFFFFFFFFFFFFFFFFFFFFFFFFFFF
08B8C04A0069000F475218310000000000000100010001000000000000000000000000000000000089030000000000002F63662F64735F66696C7465725F74626C2E74626C00000000000000000000000000000000000000000000000000000000000000000000000000000000000000
089BC04B0015000F475231C900000000000000000000000003001400
08A7C04B00A5000F47524B650000000000000300FFFFFFFFFFFFFFFFFFFFFFFFFFFFFFFFFFFFFFFFFFFFFFFFFFFFFFFFFFFFFFFFFFFFFFFFFFFFFFFFFFFFFFFF333333333333333333333333333333333333333333333333333333333333333333333333333333333333333333333333333333333333333333333333333333333333333333333333333333333333333333333333333333330000000000000000000000000000000000000000
0887C04B005D000F475264FC00000000000000000000000000000000000000000000000000000000000000000000000000000000000000000000000000000000000000000000000000000000000000000000000000000000000000000000000000000000
0897C04D003D000F475369380000000000000101492E0000000000002A7300002B0050063500000002000000470100002900000012010000240000002900560000000101
08A4C0490045000F475407C00000000001000101010101010100000000000000000000000000000000000000000000000000000018340000000000000000000000000000000000000E000000
088AC04B0013000F475421660000000001000002000000000000
0890C04A003D000F4754548C0000000000000000000000000000000000000000000000000000000000000000000000000000000000000000000000000100010001000100
08AAC04C0049000F47546E27000000000002000007000000000000000200000000000000060000000000000000000000000000000000000000000000803E0000803E0000FFFFFFFFFFFFFFFF00000C00
09BAC0510043000F47548A820000000028000101010052B8E4413D8A74445C2F9443C3F51242C3F5FCC114AE1BC16666D8410AD723BC0AD7A3BC8FC2953F000000000000000000000000
09CAC0470027000F47548AB70000000000000200000031083042BEF7BE41B8AE05000CF0030028390000410C0000
09AAC0470058000F47548C1F000000000000000681554091ED3C407D3F5540000080BF21B052408FC2554023DB5940CBA1853FCDCCCC3D9A9999BE33331044000080BFCDCCCC3DCDCCCCBD3333B33FCDCCCCBD010101000101010107000000
09DAC03E0099000F47548D3500000000000301000100012F7661722F70697361742F646174612F636170747572655F312E6A7067000000000000000000000000000000000000000000000000000000000000000000000000000000000000000000000000000000000000000000000000000000000000000000000000000000000000000000000000000000000000000000000000000000B48202008690676A00
08ADC04A00AD000F4754F984000000000000010001011F00000003000000000000000000000000000000000000000000102700004C0000004B000000A60300004B0000004D000000FFFFFFFFFFFFFFFFFFFFFFFFFFFFFFFFFFFFFFFFFFFFFFFFFFFFFFFFFFFFFFFFFFFFFFFFFFFFFFFFFFFFFFFFFFFFFFFFFFFFFFFFFFFFFFFFFFFFFFFFFFFFFFFFFFFFFFFFFFFFFFFFFFFFFFFFFFFFFFFFFFFFFFFFFFFFFFFFFFFFFFFFFFFFFFFFFFFFFFFFFFFFFFFFFFFFFFFF
08B8C04B0069000F4755199F0000000000000100010001000000000000000000000000000000000091030000000000002F63662F64735F66696C7465725F74626C2E74626C00000000000000000000000000000000000000000000000000000000000000000000000000000000000000
089BC04C0015000F4755333500000000000000000000000003001400
08A7C04C00A5000F47554CD10000000000000300FFFFFFFFFFFFFFFFFFFFFFFFFFFFFFFFFFFFFFFFFFFFFFFFFFFFFFFFFFFFFFFFFFFFFFFFFFFFFFFFFFFFFFFF333333333333333333333333333333333333333333333333333333333333333333333333333333333333333333333333333333333333333333333333333333333333333333333333333333333333333333333333333333330000000000000000000000000000000000000000
0887C04C005D000F4755666800000000000000000000000000000000000000000000000000000000000000000000000000000000000000000000000000000000000000000000000000000000000000000000000000000000000000000000000000000000
0897C04E003D000F47563F890000000000000101D42E000000000000907400002B00600636000000020000004A0100002900000016010000250000001800630000000101
08A4C04A0045000F475807C00000000001000101010101010100000000000000000000000000000000000000000000000000000018340000000000000000000000000000000000000E000000
088AC04C0013000F475821650000000001000002000000000000
0890C04B003D000F4758548B0000000000000000000000000000000000000000000000000000000000000000000000000000000000000000000000000100010001000100
08AAC04D0049000F47586E26000000000002000007000000000000000200000000000000060000000000000000000000000000000000000000000000803E0000803E0000FFFFFFFFFFFFFFFF00000C00
08ADC04B00AD000F475910C2000000000000010001011F00000003000000000000000000000000000000000000000000102700004D0000004C000000B10300004C0000004E000000FFFFFFFFFFFFFFFFFFFFFFFFFFFFFFFFFFFFFFFFFFFFFFFFFFFFFFFFFFFFFFFFFFFFFFFFFFFFFFFFFFFFFFFFFFFFFFFFFFFFFFFFFFFFFFFFFFFFFFFFFFFFFFFFFFFFFFFFFFFFFFFFFFFFFFFFFFFFFFFFFFFFFFFFFFFFFFFFFFFFFFFFFFFFFFFFFFFFFFFFFFFFFFFFFFFFFFFF
08B8C04C0069000F47591C3D000000000000010001000100000000000000000000000000000000009B030000000000002F63662F64735F66696C7465725F74626C2E74626C00000000000000000000000000000000000000000000000000000000000000000000000000000000000000
089BC04D0015000F47592E2500000000000000000000000003001400
08A7C04D00A5000F475947C30000000000000300FFFFFFFFFFFFFFFFFFFFFFFFFFFFFFFFFFFFFFFFFFFFFFFFFFFFFFFFFFFFFFFFFFFFFFFFFFFFFFFFFFFFFFFF333333333333333333333333333333333333333333333333333333333333333333333333333333333333333333333333333333333333333333333333333333333333333333333333333333333333333333333333333333330000000000000000000000000000000000000000
0887C04D005D000F4759615900000000000000000000000000000000000000000000000000000000000000000000000000000000000000000000000000000000000000000000000000000000000000000000000000000000000000000000000000000000
09BAC0520043000F47598A5E0000000029000000000052B8E4413D8A74445C2F9443C3F51242C3F5FCC114AE1BC16666D8410AD723BC0AD7A3BC8FC2953F000000000000000000000000
09CAC0480027000F47598AA90000000000000200000048E12D428B9FEA41B8AE05001CF0030028390000410C0000
09AAC0480058000F47598C0500000000000000A4703D4077BE3F4006815540000080BF21B05240355E5A40D9CE5740F0A7863FCDCCCCBECDCCCCBECD0C1144000080BFCDCCCC3D67662640000000009A9999BE010101000101010107000000
09DAC03F0099000F47598D0C00000000000301000100012F7661722F70697361742F646174612F636170747572655F312E6A7067000000000000000000000000000000000000000000000000000000000000000000000000000000000000000000000000000000000000000000000000000000000000000000000000000000000000000000000000000000000000000000000000000000B48202008690676A00
0897C04F003D000F4759FAEF0000000000000101622F000000000000E97500002C006E0637000000020000004E0100002900000019010000250000006200630063000101
08A4C04B0045000F475C0CD00000000001000101010101010100000000000000000000000000000000000000000000000000000018340000000000000000000000000000000000000E000000
088AC04D0013000F475C26750000000001000002000000000000
0890C04C003D000F475C599B0000000000000000000000000000000000000000000000000000000000000000000000000000000000000000000000000100010001000100
08AAC04E0049000F475C7335000000000002000007000000000000000200000000000000060000000000000000000000000000000000000000000000803E0000803E0000FFFFFFFFFFFFFFFF00000C00
08ADC04C00AD000F475D29E7000000000000010001011F00000003000000000000000000000000000000000000000000102700004E0000004D000000BC0300004D0000004F000000FFFFFFFFFFFFFFFFFFFFFFFFFFFFFFFFFFFFFFFFFFFFFFFFFFFFFFFFFFFFFFFFFFFFFFFFFFFFFFFFFFFFFFFFFFFFFFFFFFFFFFFFFFFFFFFFFFFFFFFFFFFFFFFFFFFFFFFFFFFFFFFFFFFFFFFFFFFFFFFFFFFFFFFFFFFFFFFFFFFFFFFFFFFFFFFFFFFFFFFFFFFFFFFFFFFFFFFF
089BC04E0015000F475D333800000000000000000000000003001400
08A7C04E00A5000F475D4CD20000000000000300FFFFFFFFFFFFFFFFFFFFFFFFFFFFFFFFFFFFFFFFFFFFFFFFFFFFFFFFFFFFFFFFFFFFFFFFFFFFFFFFFFFFFFFF333333333333333333333333333333333333333333333333333333333333333333333333333333333333333333333333333333333333333333333333333333333333333333333333333333333333333333333333333333330000000000000000000000000000000000000000
0887C04E005D000F475D666800000000000000000000000000000000000000000000000000000000000000000000000000000000000000000000000000000000000000000000000000000000000000000000000000000000000000000000000000000000
0897C050003D000F475E003D0000000000000101E92F000000000000397700002E007C063A0000000200000053010000290000001E0100002500000011005A0011000100
08A4C04C0045000F475F511C0000000001000101010101010100000000000000000000000000000000000000000000000000000018340000000000000000000000000000000000000E000000
088AC04E0013000F475F564A0000000001000002000000000000
0890C04D003D000F475F844E0000000000000000000000000000000000000000000000000000000000000000000000000000000000000000000000000100010001000100
08AAC04F0049000F475F9DE9000000000002000007000000000000000200000000000000060000000000000000000000000000000000000000000000803E0000803E0000FFFFFFFFFFFFFFFF00000C00
089BC04F0015000F475F02A100000000000000000000000003001400
08A7C04F00A5000F475F1C3C0000000000000300FFFFFFFFFFFFFFFFFFFFFFFFFFFFFFFFFFFFFFFFFFFFFFFFFFFFFFFFFFFFFFFFFFFFFFFFFFFFFFFFFFFFFFFF333333333333333333333333333333333333333333333333333333333333333333333333333333333333333333333333333333333333333333333333333333333333333333333333333333333333333333333333333333330000000000000000000000000000000000000000
0887C04F005D000F475F35D300000000000000000000000000000000000000000000000000000000000000000000000000000000000000000000000000000000000000000000000000000000000000000000000000000000000000000000000000000000
08ADC04D00AD000F475FC2F0000000000000010001011F00000003000000000000000000000000000000000000000000102700004E0000004D000000C60300004D0000004F000000FFFFFFFFFFFFFFFFFFFFFFFFFFFFFFFFFFFFFFFFFFFFFFFFFFFFFFFFFFFFFFFFFFFFFFFFFFFFFFFFFFFFFFFFFFFFFFFFFFFFFFFFFFFFFFFFFFFFFFFFFFFFFFFFFFFFFFFFFFFFFFFFFFFFFFFFFFFFFFFFFFFFFFFFFFFFFFFFFFFFFFFFFFFFFFFFFFFFFFFFFFFFFFFFFFFFFFFF
0897C051003D000F475FCF6B00000000000001014F30000000000000407800002F008A063B00000002000000560100002900000020010000260000005100630052000101
09BAC0530043000F47608D1400000000290001010100CDCCE441E18A7444D7239443C3F512428FC2FBC152B8F6C085EBD7410AD723BC0AD7A3BC8FC2953F000000000000000000000000
09CAC0490027000F47608D4A00000000000002000000310830423CD7CC41B8AE05002CF0030028390000410C0000
09AAC0490058000F47608EA2000000000000000AD743409A9959407D3F5540000080BF21B05240EC51584025062140DD24863F9A9999BE9A99D93FCDCC1044000080BFCDCC4C3E9A99993ECDCC4CBE000000BF010101000101010107000000
09DAC0400099000F47608FD200000000000301000100012F7661722F70697361742F646174612F636170747572655F312E6A7067000000000000000000000000000000000000000000000000000000000000000000000000000000000000000000000000000000000000000000000000000000000000000000000000000000000000000000000000000000000000000000000000000000B48202008690676A00
08A4C04D0045000F47610CD70000000001000101010101010100000000000000000000000000000000000000000000000000000018340000000000000000000000000000000000000E000000
088AC04F0013000F476123EE0000000001000002000000000000
0890C04E003D000F476175CD0000000000000000000000000000000000000000000000000000000000000000000000000000000000000000000000000100010001000100
08AAC0500049000F47617AEC000000000002000007000000000000000200000000000000060000000000000000000000000000000000000000000000803E0000803E0000FFFFFFFFFFFFFFFF00000C00
08ADC04E00AD000F4762472B000000000000010001011F00000003000000000000000000000000000000000000000000102700004E0000004E000000CE0300004D00000050000000FFFFFFFFFFFFFFFFFFFFFFFFFFFFFFFFFFFFFFFFFFFFFFFFFFFFFFFFFFFFFFFFFFFFFFFFFFFFFFFFFFFFFFFFFFFFFFFFFFFFFFFFFFFFFFFFFFFFFFFFFFFFFFFFFFFFFFFFFFFFFFFFFFFFFFFFFFFFFFFFFFFFFFFFFFFFFFFFFFFFFFFFFFFFFFFFFFFFFFFFFFFFFFFFFFFFFFFF
08B8C04D0069000F476247BF00000000000001000100010000000000000000000000000000000000B1030000000000002F63662F64735F66696C7465725F74626C2E74626C00000000000000000000000000000000000000000000000000000000000000000000000000000000000000
089BC0500015000F47624CE500000000000000000000000003001400
08A7C05000A5000F476252030000000000000300FFFFFFFFFFFFFFFFFFFFFFFFFFFFFFFFFFFFFFFFFFFFFFFFFFFFFFFFFFFFFFFFFFFFFFFFFFFFFFFFFFFFFFFF333333333333333333333333333333333333333333333333333333333333333333333333333333333333333333333333333333333333333333333333333333333333333333333333333333333333333333333333333333330000000000000000000000000000000000000000
0887C050005D000F476263E100000000000000000000000000000000000000000000000000000000000000000000000000000000000000000000000000000000000000000000000000000000000000000000000000000000000000000000000000000000
0897C052003D000F4762FD790000000000000101D2300000000000007E79000030009F063B000000020000005A0100002900000023010000280000006300630000000101
08A4C04E0045000F47650CCF0000000001000101010101010100000000000000000000000000000000000000000000000000000018340000000000000000000000000000000000000F000000
088AC0500013000F476526760000000001000002000000000000
0890C04F003D000F4765599B0000000000000000000000000000000000000000000000000000000000000000000000000000000000000000000000000100010001000100
08AAC0510049000F47657336000000000002000007000000000000000200000000000000060000000000000000000000000000000000000000000000803E0000803E0000FFFFFFFFFFFFFFFF00000C00
09BAC0540043000F47658A54000000002A0000000000CDCCE441E18A7444D7239443C3F512428FC2FBC152B8F6C085EBD7410AD723BC0AD7A3BC8FC2953F000000000000000000000000
09BAC0550043000F47658A8F000000002A000101010052B8E4413D8A74443D2A944385EB1242295CF7C1713DFAC09A99C5410AD7A3BC0AD723BC8FC2953F000000000000000000000000
09CAC04A0027000F47658AC6000000000000020000003108304215BCEC41B8AE05004CF0030028390000410C0000
09AAC04A0058000F47658BF400000000000000508D5740FED45840C74B5740000080BF8FC25540508D5740FCA93140CBA1853F9A99993E6766663F6726C843000080BFCDCCCC3D00000000CDCCCCBECDCC4CBE010101000101010107000000
09BAC0560043000F47658F70000000002B000000000052B8E4413D8A74443D2A944385EB1242295CF7C1713DFAC09A99C5410AD7A3BC0AD723BC8FC2953F000000000000000000000000
09CAC04B0027000F47658F9E0000000000000200000048E12D4200004842B8AE05004CF0030028390000410C0000
09AAC04B0058000F4765911500000000000000B4C85640FED458407D3F5540000080BFFCA95140E17A5440FCA93140DD24863FCDCC4C3E6766A63F67060F44000080BFCDCCCC3D9A9999BE9A9999BECDCCCCBE010101000101010107000000
09DAC0410099000F4765920D00000000000301000100012F7661722F70697361742F646174612F636170747572655F312E6A7067000000000000000000000000000000000000000000000000000000000000000000000000000000000000000000000000000000000000000000000000000000000000000000000000000000000000000000000000000000000000000000000000000000B48202008690676A00
08ADC04F00AD000F476616E3000000000000010001011F00000003000000000000000000000000000000000000000000102700004F0000004F000000D90300004E00000051000000FFFFFFFFFFFFFFFFFFFFFFFFFFFFFFFFFFFFFFFFFFFFFFFFFFFFFFFFFFFFFFFFFFFFFFFFFFFFFFFFFFFFFFFFFFFFFFFFFFFFFFFFFFFFFFFFFFFFFFFFFFFFFFFFFFFFFFFFFFFFFFFFFFFFFFFFFFFFFFFFFFFFFFFFFFFFFFFFFFFFFFFFFFFFFFFFFFFFFFFFFFFFFFFFFFFFFFFF
08B8C04E0069000F476623DC00000000000001000100010000000000000000000000000000000000BC030000000000002F63662F64735F66696C7465725F74626C2E74626C00000000000000000000000000000000000000000000000000000000000000000000000000000000000000
089BC0510015000F4766333600000000000000000000000003001400
08A7C05100A5000F47664CD10000000000000300FFFFFFFFFFFFFFFFFFFFFFFFFFFFFFFFFFFFFFFFFFFFFFFFFFFFFFFFFFFFFFFFFFFFFFFFFFFFFFFFFFFFFFFF333333333333333333333333333333333333333333333333333333333333333333333333333333333333333333333333333333333333333333333333333333333333333333333333333333333333333333333333333333330000000000000000000000000000000000000000
0887C051005D000F4766666900000000000000000000000000000000000000000000000000000000000000000000000000000000000000000000000000000000000000000000000000000000000000000000000000000000000000000000000000000000
0897C053003D000F47670000000000000000010173310000000000000E7B00003000BC063D000000020000005E0100002900000028010000280000000000630000000100
08B8C04F0069000F4769199E00000000000001000100010000000000000000000000000000000000C8030000000000002F63662F64735F66696C7465725F74626C2E74626C00000000000000000000000000000000000000000000000000000000000000000000000000000000000000
089BC0520015000F4769333400000000000000000000000003001400
08A7C05200A5000F47694CD00000000000000300FFFFFFFFFFFFFFFFFFFFFFFFFFFFFFFFFFFFFFFFFFFFFFFFFFFFFFFFFFFFFFFFFFFFFFFFFFFFFFFFFFFFFFFF333333333333333333333333333333333333333333333333333333333333333333333333333333333333333333333333333333333333333333333333333333333333333333333333333333333333333333333333333333330000000000000000000000000000000000000000
0887C052005D000F4769666700000000000000000000000000000000000000000000000000000000000000000000000000000000000000000000000000000000000000000000000000000000000000000000000000000000000000000000000000000000
09BAC0570043000F47698F93000000002B0001010100CDCCE4413D8A7444CD2C94430000134285EBF9C1C3F578C05C8FDE418FC2F53C0AD7A3BCD7A3903F000000000000000000000000
09CAC04C0027000F47698FC900000000000002000000310830429B6CF241B8AE050058F0030028390000410C0000
09AAC04C0058000F4769911500000000000000EC5158402B8756407D3F5540000080BF85EB5140A69B2440E9263140DD24863FCDCC0C400000000000201044000080BFCDCCCCBDCDCCCCBE9A9919BFCDCC4CBE010101000101010107000000
09DAC0420099000F4769924500000000000301000100012F7661722F70697361742F646174612F636170747572655F312E6A7067000000000000000000000000000000000000000000000000000000000000000000000000000000000000000000000000000000000000000000000000000000000000000000000000000000000000000000000000000000000000000000000000000000B48202008690676A00
0897C054003D000F476A00120000000000000101EC310000000000003C7C00003100D4063E0000000200000062010000290000002B010000290000000000630063000100
08A4C04F0045000F476C0A4E0000000001000101010101010100000000000000000000000000000000000000000000000000000018340000000000000000000000000000000000000F000000
088AC0510013000F476C21660000000001000002000000000000
0890C050003D000F476C7AF90000000000000000000000000000000000000000000000000000000000000000000000000000000000000000000000000100010001000100
08AAC0520049000F476C8018000000000002000007000000000000000200000000000000060000000000000000000000000000000000000000000000803E0000803E0000FFFFFFFFFFFFFFFF00000C00
08ADC05000AD000F476DBBD1000000000000010001011F00000003000000000000000000000000000000000000000000102700005200000052000000F00300005100000054000000FFFFFFFFFFFFFFFFFFFFFFFFFFFFFFFFFFFFFFFFFFFFFFFFFFFFFFFFFFFFFFFFFFFFFFFFFFFFFFFFFFFFFFFFFFFFFFFFFFFFFFFFFFFFFFFFFFFFFFFFFFFFFFFFFFFFFFFFFFFFFFFFFFFFFFFFFFFFFFFFFFFFFFFFFFFFFFFFFFFFFFFFFFFFFFFFFFFFFFFFFFFFFFFFFFFFFFFF
09BAC0580043000F476DBD87000000002C0000000000CDCCE4413D8A7444CD2C94430000134285EBF9C1C3F578C05C8FDE418FC2F53C0AD7A3BCD7A3903F000000000000000000000000
09CAC04D0027000F476DBDBE0000000000000200000048E12D4214100D42B8AE05005CF0030028390000410C0000
09AAC04D0058000F476DBF300000000000000048E15A406ABC54406ABC5440000080BF85EB5140508D3740C74B5740F0A7863F3333F33FCDCCCCBE67E60D44000080BFCDCCCC3D9A9999BECDCCCCBDCDCC4CBE010101000101010107000000
09DAC0430099000F476DC05400000000000301000100012F7661722F70697361742F646174612F636170747572655F312E6A7067000000000000000000000000000000000000000000000000000000000000000000000000000000000000000000000000000000000000000000000000000000000000000000000000000000000000000000000000000000000000000000000000000000B48202008690676A00
08A4C0500045000F476F0B340000000001000101010101010100000000000000000000000000000000000000000000000000000018340000000000000000000000000000000000000F000000
088AC0520013000F476F24D40000000001000002000000000000
0890C051003D000F476F57FB0000000000000000000000000000000000000000000000000000000000000000000000000000000000000000000000000100010001000100
08AAC0530049000F476F7196000000000002000007000000000000000200000000000000060000000000000000000000000000000000000000000000803E0000803E0000FFFFFFFFFFFFFFFF00000C00
08ADC05100AD000F477047A3000000000000010001011F00000003000000000000000000000000000000000000000000102700005200000052000000FC0300005100000054000000FFFFFFFFFFFFFFFFFFFFFFFFFFFFFFFFFFFFFFFFFFFFFFFFFFFFFFFFFFFFFFFFFFFFFFFFFFFFFFFFFFFFFFFFFFFFFFFFFFFFFFFFFFFFFFFFFFFFFFFFFFFFFFFFFFFFFFFFFFFFFFFFFFFFFFFFFFFFFFFFFFFFFFFFFFFFFFFFFFFFFFFFFFFFFFFFFFFFFFFFFFFFFFFFFFFFFFFF
08B8C0500069000F47704A5400000000000001000100010000000000000000000000000000000000D9030000000000002F63662F64735F66696C7465725F74626C2E74626C00000000000000000000000000000000000000000000000000000000000000000000000000000000000000
089BC0530015000F47704F6D00000000000000000000000003001400
08A7C05300A5000F4770548E0000000000000300FFFFFFFFFFFFFFFFFFFFFFFFFFFFFFFFFFFFFFFFFFFFFFFFFFFFFFFFFFFFFFFFFFFFFFFFFFFFFFFFFFFFFFFF333333333333333333333333333333333333333333333333333333333333333333333333333333333333333333333333333333333333333333333333333333333333333333333333333333333333333333333333333333330000000000000000000000000000000000000000
0887C053005D000F4770615800000000000000000000000000000000000000000000000000000000000000000000000000000000000000000000000000000000000000000000000000000000000000000000000000000000000000000000000000000000
0897C055003D000F4770FAF000000000000001010233000000000000FA7E00003200FF063E000000020000006A01000029000000310100002A0000006200630063000100
09BAC0590043000F47728A81000000002C00010101005C8FE4413D8A74445C2F944333331342713DFCC19A9909C1EC51F841000000008FC2F5BC85EB913F000000000000000000000000
09CAC04E0027000F47728AB90000000000000200000048E12D421A4EC641B8AE050068F0030028390000410C0000
09AAC04E0058000F47728C0F000000000000008FC2554021B03240F4FD5440000080BF0E2D5240D1223B40355E5A40DD24863FCDCCCC3E9A9999BE00801044000080BF00000000CDCCCCBE6766E63FCDCCCCBD010101000101010107000000
09DAC0440099000F47728D3D00000000000301000100012F7661722F70697361742F646174612F636170747572655F312E6A7067000000000000000000000000000000000000000000000000000000000000000000000000000000000000000000000000000000000000000000000000000000000000000000000000000000000000000000000000000000000000000000000000000000B48202008690676A00
08B8C0510069000F4773199E00000000000001000100010000000000000000000000000000000000E5030000000000002F63662F64735F66696C7465725F74626C2E74626C00000000000000000000000000000000000000000000000000000000000000000000000000000000000000
089BC0540015000F4773333400000000000000000000000003001400
08A7C05400A5000F47734CD10000000000000300FFFFFFFFFFFFFFFFFFFFFFFFFFFFFFFFFFFFFFFFFFFFFFFFFFFFFFFFFFFFFFFFFFFFFFFFFFFFFFFFFFFFFFFF333333333333333333333333333333333333333333333333333333333333333333333333333333333333333333333333333333333333333333333333333333333333333333333333333333333333333333333333333333330000000000000000000000000000000000000000
0887C054005D000F4773666700000000000000000000000000000000000000000000000000000000000000000000000000000000000000000000000000000000000000000000000000000000000000000000000000000000000000000000000000000000
0897C056003D000F47741EB800000000000001017B3300000000000028800000330019073E000000020000006E01000029000000350100002A0000000C00630000000100
08A4C0510045000F477507BF0000000001000101010101010100000000000000000000000000000000000000000000000000000018340000000000000000000000000000000000000F000000
088AC0530013000F477521650000000001000002000000000000
08ADC05200AD000F4775D233000000000000010001011F000000030000000000000000000000000000000000000000001027000054000000540000000A0400005300000056000000FFFFFFFFFFFFFFFFFFFFFFFFFFFFFFFFFFFFFFFFFFFFFFFFFFFFFFFFFFFFFFFFFFFFFFFFFFFFFFFFFFFFFFFFFFFFFFFFFFFFFFFFFFFFFFFFFFFFFFFFFFFFFFFFFFFFFFFFFFFFFFFFFFFFFFFFFFFFFFFFFFFFFFFFFFFFFFFFFFFFFFFFFFFFFFFFFFFFFFFFFFFFFFFFFFFFFFFF
08A4C0520045000F47780CCE00000000010001010101010101000000000000000000000000000000000000000000000000000000183400000000000000000000000000000000000010000000
088AC0540013000F47785C390000000001000002000000000000
0890C052003D000F477866670000000000000000000000000000000000000000000000000000000000000000000000000000000000000000000000000100010001000100
08AAC0540049000F47787334000000000002000007000000000000000200000000000000060000000000000000000000000000000000000000000000803E0000803E0000FFFFFFFFFFFFFFFF00000C00
08B8C0520069000F4778148F00000000000001000100010000000000000000000000000000000000F7030000000000002F63662F64735F66696C7465725F74626C2E74626C00000000000000000000000000000000000000000000000000000000000000000000000000000000000000
089BC0550015000F47782E2500000000000000000000000003001400
08A7C05500A5000F477847C10000000000000300FFFFFFFFFFFFFFFFFFFFFFFFFFFFFFFFFFFFFFFFFFFFFFFFFFFFFFFFFFFFFFFFFFFFFFFFFFFFFFFFFFFFFFFF333333333333333333333333333333333333333333333333333333333333333333333333333333333333333333333333333333333333333333333333333333333333333333333333333333333333333333333333333333330000000000000000000000000000000000000000
08ADC05300AD000F4778A177000000000000010001011F00000003000000000000000000000000000000000000000000102700005500000055000000150400005400000057000000FFFFFFFFFFFFFFFFFFFFFFFFFFFFFFFFFFFFFFFFFFFFFFFFFFFFFFFFFFFFFFFFFFFFFFFFFFFFFFFFFFFFFFFFFFFFFFFFFFFFFFFFFFFFFFFFFFFFFFFFFFFFFFFFFFFFFFFFFFFFFFFFFFFFFFFFFFFFFFFFFFFFFFFFFFFFFFFFFFFFFFFFFFFFFFFFFFFFFFFFFFFFFFFFFFFFFFFF
0887C055005D000F4778A1B500000000000000000000000000000000000000000000000000000000000000000000000000000000000000000000000000000000000000000000000000000000000000000000000000000000000000000000000000000000
09BAC05A0043000F4778A919000000002D00000000005C8FE4413D8A74445C2F944333331342713DFCC19A9909C1EC51F841000000008FC2F5BC85EB913F000000000000000000000000
09CAC04F0027000F4778A9510000000000000200000031083042ABDCE541B8AE050070F0030028390000410C0000
09AAC04F0058000F4778AABF000000000000001B2F3D40000040407D3F5540000080BF986E524023DB5940C74B5740F0A7863FCDCCCC3D9A9999BE9A191144000080BF000000009A991940CDCC4C3ECDCC4CBE010101000101010107000000
09DAC0450099000F4778ABE800000000000301000100012F7661722F70697361742F646174612F636170747572655F312E6A7067000000000000000000000000000000000000000000000000000000000000000000000000000000000000000000000000000000000000000000000000000000000000000000000000000000000000000000000000000000000000000000000000000000B48202008690676A00
0897C057003D000F4778FAF000000000000001017B34000000000000AE82000035003A073E0000000200000076010000290000003B0100002B0000006200630063000101
0890C053003D000F477A599A0000000000000000000000000000000000000000000000000000000000000000000000000000000000000000000000000100010001000100
08AAC0550049000F477A7334000000000002000007000000000000000200000000000000060000000000000000000000000000000000000000000000803E0000803E0000FFFFFFFFFFFFFFFF00000C00
08B8C0530069000F477B563300000000000001000100010000000000000000000000000000000000FD030000000000002F63662F64735F66696C7465725F74626C2E74626C00000000000000000000000000000000000000000000000000000000000000000000000000000000000000
089BC0560015000F477B59C700000000000000000000000003001400
08A7C05600A5000F477B5EC10000000000000300FFFFFFFFFFFFFFFFFFFFFFFFFFFFFFFFFFFFFFFFFFFFFFFFFFFFFFFFFFFFFFFFFFFFFFFFFFFFFFFFFFFFFFFF333333333333333333333333333333333333333333333333333333333333333333333333333333333333333333333333333333333333333333333333333333333333333333333333333333333333333333333333333333330000000000000000000000000000000000000000
08ADC05400AD000F477B63A4000000000000010001011F000000030000000000000000000000000000000000000000001027000055000000550000001B0400005400000057000000FFFFFFFFFFFFFFFFFFFFFFFFFFFFFFFFFFFFFFFFFFFFFFFFFFFFFFFFFFFFFFFFFFFFFFFFFFFFFFFFFFFFFFFFFFFFFFFFFFFFFFFFFFFFFFFFFFFFFFFFFFFFFFFFFFFFFFFFFFFFFFFFFFFFFFFFFFFFFFFFFFFFFFFFFFFFFFFFFFFFFFFFFFFFFFFFFFFFFFFFFFFFFFFFFFFFFFFF
0887C056005D000F477B666700000000000000000000000000000000000000000000000000000000000000000000000000000000000000000000000000000000000000000000000000000000000000000000000000000000000000000000000000000000
0897C058003D000F477B001F0000000000000101DD34000000000000A4830000370042073F000000020000007A010000290000003F0100002C0000000000630063000101
09BAC05B0043000F477BA41E000000002D00010101006666E44152887444144E9443713D1342D7A3F8C1AE47D9C048E1D8410AD7A33C0AD7A3BCD7A3903F000000000000000000000000
09CAC0500027000F477BA453000000000000020000003108304215BCEC41B8AE05007CF0030028390000410C0000
09AAC0500058000F477BA5AF00000000000000B072484046B653406ABC5440000080BF986E52409A9959408FC25540022B873FCDCC4CBE9A9919BFCD0C0E44000080BF00000000000000409A9999BECDCC4CBE010101000101010107000000
09DAC0460099000F477BA6EE00000000000301000100012F7661722F70697361742F646174612F636170747572655F312E6A7067000000000000000000000000000000000000000000000000000000000000000000000000000000000000000000000000000000000000000000000000000000000000000000000000000000000000000000000000000000000000000000000000000000B48202008690676A00
08A4C0530045000F477D07BF00000000010001010101010101000000000000000000000000000000000000000000000000000000183400000000000000000000000000000000000010000000
088AC0550013000F477D21650000000001000002000000000000
0890C054003D000F477D548D0000000000000000000000000000000000000000000000000000000000000000000000000000000000000000000000000100010001000100
08AAC0560049000F477D6E26000000000002000007000000000000000200000000000000060000000000000000000000000000000000000000000000803E0000803E0000FFFFFFFFFFFFFFFF00000C00
08ADC05500AD000F477E27BD000000000000010001011F00000003000000000000000000000000000000000000000000102700005600000056000000280400005500000058000000FFFFFFFFFFFFFFFFFFFFFFFFFFFFFFFFFFFFFFFFFFFFFFFFFFFFFFFFFFFFFFFFFFFFFFFFFFFFFFFFFFFFFFFFFFFFFFFFFFFFFFFFFFFFFFFFFFFFFFFFFFFFFFFFFFFFFFFFFFFFFFFFFFFFFFFFFFFFFFFFFFFFFFFFFFFFFFFFFFFFFFFFFFFFFFFFFFFFFFFFFFFFFFFFFFFFFFFF
08B8C0540069000F477E2E280000000000000100010001000000000000000000000000000000000006040000000000002F63662F64735F66696C7465725F74626C2E74626C00000000000000000000000000000000000000000000000000000000000000000000000000000000000000
089BC0570015000F477E789900000000000000000000000003001400
08A7C05700A5000F477E7D8F0000000000000300FFFFFFFFFFFFFFFFFFFFFFFFFFFFFFFFFFFFFFFFFFFFFFFFFFFFFFFFFFFFFFFFFFFFFFFFFFFFFFFFFFFFFFFF333333333333333333333333333333333333333333333333333333333333333333333333333333333333333333333333333333333333333333333333333333333333333333333333333333333333333333333333333333330000000000000000000000000000000000000000
0887C057005D000F477E82A700000000000000000000000000000000000000000000000000000000000000000000000000000000000000000000000000000000000000000000000000000000000000000000000000000000000000000000000000000000
0897C059003D000F477EFAF100000000000001017E350000000000003485000037005F0741000000020000007E01000029000000420100002D0000006200630063000100
08A4C0540045000F47800CCF00000000010001010101010101000000000000000000000000000000000000000000000000000000183400000000000000000000000000000000000010000000
088AC0560013000F478026740000000001000002000000000000
0890C055003D000F4780599A0000000000000000000000000000000000000000000000000000000000000000000000000000000000000000000000000100010001000100
08ADC05600AD000F4780B35C000000000000010001011F000000030000000000000000000000000000000000000000001027000057000000570000002F0400005600000059000000FFFFFFFFFFFFFFFFFFFFFFFFFFFFFFFFFFFFFFFFFFFFFFFFFFFFFFFFFFFFFFFFFFFFFFFFFFFFFFFFFFFFFFFFFFFFFFFFFFFFFFFFFFFFFFFFFFFFFFFFFFFFFFFFFFFFFFFFFFFFFFFFFFFFFFFFFFFFFFFFFFFFFFFFFFFFFFFFFFFFFFFFFFFFFFFFFFFFFFFFFFFFFFFFFFFFFFFF
08AAC0570049000F4780B39F000000000002000007000000000000000200000000000000060000000000000000000000000000000000000000000000803E0000803E0000FFFFFFFFFFFFFFFF00000C00
08B8C0550069000F4781148E0000000000000100010001000000000000000000000000000000000012040000000000002F63662F64735F66696C7465725F74626C2E74626C00000000000000000000000000000000000000000000000000000000000000000000000000000000000000
089BC0580015000F47812E2500000000000000000000000003001400
08A7C05800A5000F478147C10000000000000300FFFFFFFFFFFFFFFFFFFFFFFFFFFFFFFFFFFFFFFFFFFFFFFFFFFFFFFFFFFFFFFFFFFFFFFFFFFFFFFFFFFFFFFF333333333333333333333333333333333333333333333333333333333333333333333333333333333333333333333333333333333333333333333333333333333333333333333333333333333333333333333333333333330000000000000000000000000000000000000000
0887C058005D000F4781615800000000000000000000000000000000000000000000000000000000000000000000000000000000000000000000000000000000000000000000000000000000000000000000000000000000000000000000000000000000
09BAC05C0043000F4781B30D000000002E00000000006666E44152887444144E9443713D1342D7A3F8C1AE47D9C048E1D8410AD7A33C0AD7A3BCD7A3903F000000000000000000000000
09BAC05D0043000F4781B34E000000002E0001010100713DE4413D8A7444F6289443EC511342E17A00C23333F3C00000DA418FC2F5BC0AD723BC3333933F000000000000000000000000
09CAC0510027000F4781F9A40000000000000200000031083042AE47E141B8AE050098F0030028390000410C0000
09AAC0510058000F4781FAE500000000000000E7FB494023DB5940BC745340000080BF986E52402B875640F2D22D40DD24863F000000000000004000E01444000080BF00000000CDCCCC3ECDCCCCBECDCC4CBE010101000101010107000000
0897C05A003D000F478205290000000000000101F935000000000000628600003800740741000000020000008201000029000000460100002E0000000200630000000101
08A4C0550045000F47840A4A00000000010001010101010101000000000000000000000000000000000000000000000000000000183400000000000000000000000000000000000010000000
088AC0570013000F478423F00000000001000002000000000000
08ADC05700AD000F47848865000000000000010001011F000000030000000000000000000000000000000000000000001027000058000000580000003A040000570000005A000000FFFFFFFFFFFFFFFFFFFFFFFFFFFFFFFFFFFFFFFFFFFFFFFFFFFFFFFFFFFFFFFFFFFFFFFFFFFFFFFFFFFFFFFFFFFFFFFFFFFFFFFFFFFFFFFFFFFFFFFFFFFFFFFFFFFFFFFFFFFFFFFFFFFFFFFFFFFFFFFFFFFFFFFFFFFFFFFFFFFFFFFFFFFFFFFFFFFFFFFFFFFFFFFFFFFFFFFF
0890C056003D000F47848A4C0000000000000000000000000000000000000000000000000000000000000000000000000000000000000000000000000100010001000100
08AAC0580049000F47848F69000000000002000007000000000000000200000000000000060000000000000000000000000000000000000000000000803E0000803E0000FFFFFFFFFFFFFFFF00000C00
09BAC05E0043000F4784949A000000002F0000000000713DE4413D8A7444F6289443EC511342E17A00C23333F3C00000DA418FC2F5BC0AD723BC3333933F000000000000000000000000
09CAC0520027000F478494CE000000000000020000003108304203FF0A42B8AE050094F0030028390000410C0000
09AAC0520058000F478496400000000000000010585940759358406ABC5440000080BF85EB51407D3F554075933840CBA1853FCDCCCC3D9A99993F00601144000080BFCDCC4C3ECDCCCC3D9A9999BECDCCCCBD010101000101010107000000
09DAC0470099000F4784975700000000000301000100012F7661722F70697361742F646174612F636170747572655F312E6A7067000000000000000000000000000000000000000000000000000000000000000000000000000000000000000000000000000000000000000000000000000000000000000000000000000000000000000000000000000000000000000000000000000000B48202008690676A00
08B8C0560069000F4785171F000000000000010001000100000000000000000000000000000000001C040000000000002F63662F64735F66696C7465725F74626C2E74626C00000000000000000000000000000000000000000000000000000000000000000000000000000000000000
089BC0590015000F478530B400000000000000000000000003001400
08A7C05900A5000F47854A510000000000000300FFFFFFFFFFFFFFFFFFFFFFFFFFFFFFFFFFFFFFFFFFFFFFFFFFFFFFFFFFFFFFFFFFFFFFFFFFFFFFFFFFFFFFFF333333333333333333333333333333333333333333333333333333333333333333333333333333333333333333333333333333333333333333333333333333333333333333333333333333333333333333333333333333330000000000000000000000000000000000000000
0887C059005D000F478563E800000000000000000000000000000000000000000000000000000000000000000000000000000000000000000000000000000000000000000000000000000000000000000000000000000000000000000000000000000000
0897C05B003D000F4785FD7F00000000000001019A36000000000000F28700003800910741000000020000008601000029000000490100002E0000006300630000000101
08A4C0560045000F47880CCD00000000010001010101010101000000000000000000000000000000000000000000000000000000183400000000000000000000000000000000000010000000
088AC0580013000F47885C3A0000000001000002000000000000
0890C057003D000F478866660000000000000000000000000000000000000000000000000000000000000000000000000000000000000000000000000100010001000100
08AAC0590049000F47887333000000000002000007000000000000000200000000000000060000000000000000000000000000000000000000000000803E0000803E0000FFFFFFFFFFFFFFFF00000C00
08B8C0570069000F47891AA00000000000000100010001000000000000000000000000000000000027040000000000002F63662F64735F66696C7465725F74626C2E74626C00000000000000000000000000000000000000000000000000000000000000000000000000000000000000
089BC05A0015000F4789343700000000000000000000000003001400
08A7C05A00A5000F47894DD40000000000000300FFFFFFFFFFFFFFFFFFFFFFFFFFFFFFFFFFFFFFFFFFFFFFFFFFFFFFFFFFFFFFFFFFFFFFFFFFFFFFFFFFFFFFFF333333333333333333333333333333333333333333333333333333333333333333333333333333333333333333333333333333333333333333333333333333333333333333333333333333333333333333333333333333330000000000000000000000000000000000000000
08ADC05800AD000F47899D2C000000000000010001011F0000000300000000000000000000000000000000000000000010270000590000005900000049040000580000005B000000FFFFFFFFFFFFFFFFFFFFFFFFFFFFFFFFFFFFFFFFFFFFFFFFFFFFFFFFFFFFFFFFFFFFFFFFFFFFFFFFFFFFFFFFFFFFFFFFFFFFFFFFFFFFFFFFFFFFFFFFFFFFFFFFFFFFFFFFFFFFFFFFFFFFFFFFFFFFFFFFFFFFFFFFFFFFFFFFFFFFFFFFFFFFFFFFFFFFFFFFFFFFFFFFFFFFFFFF
0887C05A005D000F47899FBE00000000000000000000000000000000000000000000000000000000000000000000000000000000000000000000000000000000000000000000000000000000000000000000000000000000000000000000000000000000
09BAC05F0043000F4789A7A3000000002F000101010085EBE341F68874448F429443E17A13420AD7EFC1B81ED5C014AED9410AD7A3BC8FC2F5BC85EB913F000000000000000000000000
09CAC0530027000F4789A7D600000000000002000000310830425B6BE341B8AE0500A0F0030028390000410C0000
09AAC0530058000F4789A92A000000000000005A645B40190456406ABC5440000080BF0E2D52408D972E4023DB3940DD24863F67660640CDCCCC3D00200F44000080BF9A99993ECDCC4CBECDCCCCBECDCC4CBE010101000101010107000000
09DAC0480099000F4789AA6400000000000301000100012F7661722F70697361742F646174612F636170747572655F312E6A7067000000000000000000000000000000000000000000000000000000000000000000000000000000000000000000000000000000000000000000000000000000000000000000000000000000000000000000000000000000000000000000000000000000B48202008690676A00
0897C05C003D000F478A001000000000000001013B37000000000000828900003800AD0742000000020000008A010000290000004E0100002E0000000000630062000100
08A4C0570045000F478C30B500000000010001010101010101000000000000000000000000000000000000000000000000000000183400000000000000000000000000000000000011000000
088AC0590013000F478C35E20000000001000002000000000000
0890C058003D000F478C548B0000000000000000000000000000000000000000000000000000000000000000000000000000000000000000000000000100010001000100
08AAC05A0049000F478C6E25000000000002000007000000000000000200000000000000060000000000000000000000000000000000000000000000803E0000803E0000FFFFFFFFFFFFFFFF00000C00
08B8C0580069000F478D148E000000000000010001000100000000000000000000000000000000002F040000000000002F63662F64735F66696C7465725F74626C2E74626C00000000000000000000000000000000000000000000000000000000000000000000000000000000000000
08ADC05900AD000F478D746F000000000000010001011F00000003000000000000000000000000000000000000000000102700005A0000005A00000054040000590000005C000000FFFFFFFFFFFFFFFFFFFFFFFFFFFFFFFFFFFFFFFFFFFFFFFFFFFFFFFFFFFFFFFFFFFFFFFFFFFFFFFFFFFFFFFFFFFFFFFFFFFFFFFFFFFFFFFFFFFFFFFFFFFFFFFFFFFFFFFFFFFFFFFFFFFFFFFFFFFFFFFFFFFFFFFFFFFFFFFFFFFFFFFFFFFFFFFFFFFFFFFFFFFFFFFFFFFFFFFF
089BC05B0015000F478D74B200000000000000000000000003001400
08A7C05B00A5000F478D78660000000000000300FFFFFFFFFFFFFFFFFFFFFFFFFFFFFFFFFFFFFFFFFFFFFFFFFFFFFFFFFFFFFFFFFFFFFFFFFFFFFFFFFFFFFFFF333333333333333333333333333333333333333333333333333333333333333333333333333333333333333333333333333333333333333333333333333333333333333333333333333333333333333333333333333333330000000000000000000000000000000000000000
0887C05B005D000F478D7D8100000000000000000000000000000000000000000000000000000000000000000000000000000000000000000000000000000000000000000000000000000000000000000000000000000000000000000000000000000000
0897C05D003D000F478DFAF00000000000000101D837000000000000128B00003800C20742000000020000008E01000029000000510100002F0000006200630063000101
09BAC0600043000F478EBB060000000030000000000085EBE341F68874448F429443E17A13420AD7EFC1B81ED5C014AED9410AD7A3BC8FC2F5BC85EB913F000000000000000000000000
09CAC0540027000F478EBB42000000000000020000001B2F32427111EA41B8AE0500A8F0030028390000410C0000
09AAC0540058000F478EBCA700000000000000EC51584085EB5140E17A5440000080BF0E2D52409CC44040FED45840DD24863F6766A63F333333BF00401144000080BFCDCC4C3ECDCCCCBDCDCCCC3E9A9999BE010101000101010107000000
09DAC0490099000F478EBDDB00000000000301000100012F7661722F70697361742F646174612F636170747572655F312E6A7067000000000000000000000000000000000000000000000000000000000000000000000000000000000000000000000000000000000000000000000000000000000000000000000000000000000000000000000000000000000000000000000000000000B48202008690676A00
08A4C0580045000F47900F2500000000010001010101010101000000000000000000000000000000000000000000000000000000183400000000000000000000000000000000000011000000
088AC05A0013000F4790263B0000000001000002000000000000
0890C059003D000F479059620000000000000000000000000000000000000000000000000000000000000000000000000000000000000000000000000100010001000100
08AAC05B0049000F479072FD000000000002000007000000000000000200000000000000060000000000000000000000000000000000000000000000803E0000803E0000FFFFFFFFFFFFFFFF00000C00
08ADC05A00AD000F4791461B000000000000010001011F00000003000000000000000000000000000000000000000000102700005B0000005B000000650400005A0000005D000000FFFFFFFFFFFFFFFFFFFFFFFFFFFFFFFFFFFFFFFFFFFFFFFFFFFFFFFFFFFFFFFFFFFFFFFFFFFFFFFFFFFFFFFFFFFFFFFFFFFFFFFFFFFFFFFFFFFFFFFFFFFFFFFFFFFFFFFFFFFFFFFFFFFFFFFFFFFFFFFFFFFFFFFFFFFFFFFFFFFFFFFFFFFFFFFFFFFFFFFFFFFFFFFFFFFFFFFF
08B8C0590069000F479147C3000000000000010001000100000000000000000000000000000000003A040000000000002F63662F64735F66696C7465725F74626C2E74626C00000000000000000000000000000000000000000000000000000000000000000000000000000000000000
089BC05C0015000F47914CDB00000000000000000000000003001400
08A7C05C00A5000F479152030000000000000300FFFFFFFFFFFFFFFFFFFFFFFFFFFFFFFFFFFFFFFFFFFFFFFFFFFFFFFFFFFFFFFFFFFFFFFFFFFFFFFFFFFFFFFF333333333333333333333333333333333333333333333333333333333333333333333333333333333333333333333333333333333333333333333333333333333333333333333333333333333333333333333333333333330000000000000000000000000000000000000000
0887C05C005D000F4791615600000000000000000000000000000000000000000000000000000000000000000000000000000000000000000000000000000000000000000000000000000000000000000000000000000000000000000000000000000000
0897C05E003D000F4791FAED00000000000001017938000000000000A28C00003800DF074400000002000000920100002900000055010000300000006200630063000100
08A4C0590045000F47940A4E00000000010001010101010101000000000000000000000000000000000000000000000000000000183400000000000000000000000000000000000011000000
088AC05B0013000F479423F60000000001000002000000000000
0890C05A003D000F4794571B0000000000000000000000000000000000000000000000000000000000000000000000000000000000000000000000000100010001000100
08AAC05C0049000F479470B6000000000002000007000000000000000200000000000000060000000000000000000000000000000000000000000000803E0000803E0000FFFFFFFFFFFFFFFF00000C00
08ADC05B00AD000F47951C0B000000000000010001011F00000003000000000000000000000000000000000000000000102700005C0000005C000000720400005B0000005E000000FFFFFFFFFFFFFFFFFFFFFFFFFFFFFFFFFFFFFFFFFFFFFFFFFFFFFFFFFFFFFFFFFFFFFFFFFFFFFFFFFFFFFFFFFFFFFFFFFFFFFFFFFFFFFFFFFFFFFFFFFFFFFFFFFFFFFFFFFFFFFFFFFFFFFFFFFFFFFFFFFFFFFFFFFFFFFFFFFFFFFFFFFFFFFFFFFFFFFFFFFFFFFFFFFFFFFFFF
08B8C05A0069000F479529090000000000000100010001000000000000000000000000000000000044040000000000002F63662F64735F66696C7465725F74626C2E74626C00000000000000000000000000000000000000000000000000000000000000000000000000000000000000
089BC05D0015000F479530B400000000000000000000000003001400
08A7C05D00A5000F47954A510000000000000300FFFFFFFFFFFFFFFFFFFFFFFFFFFFFFFFFFFFFFFFFFFFFFFFFFFFFFFFFFFFFFFFFFFFFFFFFFFFFFFFFFFFFFFF333333333333333333333333333333333333333333333333333333333333333333333333333333333333333333333333333333333333333333333333333333333333333333333333333333333333333333333333333333330000000000000000000000000000000000000000
0887C05D005D000F479563E700000000000000000000000000000000000000000000000000000000000000000000000000000000000000000000000000000000000000000000000000000000000000000000000000000000000000000000000000000000
0897C05F003D000F4795FD7F00000000000001010339000000000000FD8D00003900ED074500000002000000960100002900000059010000310000006300630000000100
08A4C05A0045000F479807BE00000000010001010101010101000000000000000000000000000000000000000000000000000000183400000000000000000000000000000000000011000000
088AC05C0013000F479821640000000001000002000000000000
0890C05B003D000F4798548B0000000000000000000000000000000000000000000000000000000000000000000000000000000000000000000000000100010001000100
08AAC05D0049000F47986E25000000000002000007000000000000000200000000000000060000000000000000000000000000000000000000000000803E0000803E0000FFFFFFFFFFFFFFFF00000C00
09BAC0610043000F47988A800000000030000101010085EBE341F688744400409443E17A134214AEF3C148E1CAC03333DD41000000800AD723BCD7A3903F000000000000000000000000
09CAC0550027000F47988AB80000000000000200000048E12D4226BBC041B8AE0500C4F0030028390000410C0000
09AAC0550058000F47988C090000000000000039B448405C8F4240F4FD5440000080BFAAF15240FED4584010585940DD24863F9A9999BECDCCCCBE9AF90D44000080BF9A99993E9A99993FCDCCCC3ECDCCCCBD010101000101010107000000
09DAC04A0099000F47988D2C00000000000301000100012F7661722F70697361742F646174612F636170747572655F312E6A7067000000000000000000000000000000000000000000000000000000000000000000000000000000000000000000000000000000000000000000000000000000000000000000000000000000000000000000000000000000000000000000000000000000B48202008690676A00
08ADC05C00AD000F47991C4F000000000000010001011F00000003000000000000000000000000000000000000000000102700005D0000005D0000007D0400005C0000005F000000FFFFFFFFFFFFFFFFFFFFFFFFFFFFFFFFFFFFFFFFFFFFFFFFFFFFFFFFFFFFFFFFFFFFFFFFFFFFFFFFFFFFFFFFFFFFFFFFFFFFFFFFFFFFFFFFFFFFFFFFFFFFFFFFFFFFFFFFFFFFFFFFFFFFFFFFFFFFFFFFFFFFFFFFFFFFFFFFFFFFFFFFFFFFFFFFFFFFFFFFFFFFFFFFFFFFFFFF
089BC05E0015000F47992E2500000000000000000000000003001400
08A7C05E00A5000F479947C10000000000000300FFFFFFFFFFFFFFFFFFFFFFFFFFFFFFFFFFFFFFFFFFFFFFFFFFFFFFFFFFFFFFFFFFFFFFFFFFFFFFFFFFFFFFFF333333333333333333333333333333333333333333333333333333333333333333333333333333333333333333333333333333333333333333333333333333333333333333333333333333333333333333333333333333330000000000000000000000000000000000000000
0887C05E005D000F4799615800000000000000000000000000000000000000000000000000000000000000000000000000000000000000000000000000000000000000000000000000000000000000000000000000000000000000000000000000000000
0897C060003D000F4799FAF000000000000001019339000000000000578F00003A00FC0746000000020000009A010000290000005D010000310000006200630063000100
08A4C05B0045000F479C0CCF00000000010001010101010101000000000000000000000000000000000000000000000000000000183400000000000000000000000000000000000011000000
088AC05D0013000F479C26740000000001000002000000000000
0890C05C003D000F479C599A0000000000000000000000000000000000000000000000000000000000000000000000000000000000000000000000000100010001000100
08AAC05E0049000F479C7335000000000002000007000000000000000200000000000000060000000000000000000000000000000000000000000000803E0000803E0000FFFFFFFFFFFFFFFF00000C00
08ADC05D00AD000F479CEDDB000000000000010001011F00000003000000000000000000000000000000000000000000102700005E0000005E000000880400005D00000060000000FFFFFFFFFFFFFFFFFFFFFFFFFFFFFFFFFFFFFFFFFFFFFFFFFFFFFFFFFFFFFFFFFFFFFFFFFFFFFFFFFFFFFFFFFFFFFFFFFFFFFFFFFFFFFFFFFFFFFFFFFFFFFFFFFFFFFFFFFFFFFFFFFFFFFFFFFFFFFFFFFFFFFFFFFFFFFFFFFFFFFFFFFFFFFFFFFFFFFFFFFFFFFFFFFFFFFFFF
08B8C05B0069000F479D148E000000000000010001000100000000000000000000000000000000005A040000000000002F63662F64735F66696C7465725F74626C2E74626C00000000000000000000000000000000000000000000000000000000000000000000000000000000000000
089BC05F0015000F479D2E2500000000000000000000000003001400
08A7C05F00A5000F479D47C10000000000000300FFFFFFFFFFFFFFFFFFFFFFFFFFFFFFFFFFFFFFFFFFFFFFFFFFFFFFFFFFFFFFFFFFFFFFFFFFFFFFFFFFFFFFFF333333333333333333333333333333333333333333333333333333333333333333333333333333333333333333333333333333333333333333333333333333333333333333333333333333333333333333333333333333330000000000000000000000000000000000000000
0887C05F005D000F479D615800000000000000000000000000000000000000000000000000000000000000000000000000000000000000000000000000000000000000000000000000000000000000000000000000000000000000000000000000000000
09BAC0620043000F479D8A5F0000000031000000000085EBE341F688744400409443E17A134214AEF3C148E1CAC03333DD41000000800AD723BCD7A3903F000000000000000000000000
09CAC0560027000F479D8A940000000000000200000048E12D42DECEF041B8AE0500D0F0030028390000410C0000
09AAC0560058000F479D8C0C000000000000005EBA494031084C40F4FD5440000080BFAAF1524023DB59403D0A5740F0A7863FCDCC4CBECDCCCCBE33730E44000080BF000000009A9919409A9999BE9A9999BE010101000101010107000000
09DAC04B0099000F479D8D0A00000000000301000100012F7661722F70697361742F646174612F636170747572655F312E6A7067000000000000000000000000000000000000000000000000000000000000000000000000000000000000000000000000000000000000000000000000000000000000000000000000000000000000000000000000000000000000000000000000000000B48202008690676A00
0897C061003D000F479E7A1A0000000000000101333A000000000000E29000003B00120848000000020000009F0100002900000062010000310000002F005E0063000100
08A4C05C0045000F47A00A4E00000000010001010101010101000000000000000000000000000000010000000000000000000000183400000000000000000000000000000000000011000000
088AC05E0013000F47A023F30000000001000002000000000000
0890C05D003D000F47A0571A0000000000000000000000000000000000000000000000000000000000000000000000000000000000000000000000000100010001000100
08AAC05F0049000F47A070B4000000000002000007000000000000000200000000000000060000000000000000000000000000000000000000000000803E0000803E0000FFFFFFFFFFFFFFFF00000C00
09BAC0630043000F47A09D24000000003100010101000000E4419A89744433339443E17A1342D7A3EEC1666616C1CDCCDC410AD723BD0AD723BCE17A943F000000000000000000000000
08ADC05E00AD000F47A0E338000000000000010001011F00000003000000000000000000000000000000000000000000102700005E0000005E000000920400005D00000060000000FFFFFFFFFFFFFFFFFFFFFFFFFFFFFFFFFFFFFFFFFFFFFFFFFFFFFFFFFFFFFFFFFFFFFFFFFFFFFFFFFFFFFFFFFFFFFFFFFFFFFFFFFFFFFFFFFFFFFFFFFFFFFFFFFFFFFFFFFFFFFFFFFFFFFFFFFFFFFFFFFFFFFFFFFFFFFFFFFFFFFFFFFFFFFFFFFFFFFFFFFFFFFFFFFFFFFFFF
09CAC0570027000F47A0E382000000000000020000005EBA2B427C8E0642B8AE0500D4F0030028390000410C0000
09AAC0570058000F47A0E4CE00000000000000A01A4F40621058407D3F5540000080BF190456406DE75B4087163940F0A7863FCDCCCCBDCDCC8C3F6726CC43000080BFCDCC4C3E0000803F000000BF9A9999BE010101000101010107000000
08B8C05C0069000F47A1199E000000000000010001000100000000000000000000000000000000005F040000000000002F63662F64735F66696C7465725F74626C2E74626C00000000000000000000000000000000000000000000000000000000000000000000000000000000000000
09BAC0640043000F47A11CBC000000003200000000000000E4419A89744433339443E17A1342D7A3EEC1666616C1CDCCDC410AD723BD0AD723BCE17A943F000000000000000000000000
089BC0600015000F47A1333500000000000000000000000003001400
08A7C06000A5000F47A14CD00000000000000300FFFFFFFFFFFFFFFFFFFFFFFFFFFFFFFFFFFFFFFFFFFFFFFFFFFFFFFFFFFFFFFFFFFFFFFFFFFFFFFFFFFFFFFF333333333333333333333333333333333333333333333333333333333333333333333333333333333333333333333333333333333333333333333333333333333333333333333333333333333333333333333333333333330000000000000000000000000000000000000000
0887C060005D000F47A1666800000000000000000000000000000000000000000000000000000000000000000000000000000000000000000000000000000000000000000000000000000000000000000000000000000000000000000000000000000000
0897C062003D000F47A22E140000000000000101B83A000000000000419200003B0024084B00000002000000A20100002900000066010000310000001200630000000100
09BAC0650043000F47A28F93000000003200010101000000E441F6887444B83E9443295C134248E1FAC114AEF7C0CDCCD8418FC2F5BC0AD7A3BC3333933F000000000000000000000000
09CAC0580027000F47A28FC80000000000000200000031083042FDDAA341B8AE0500D4F0030028390000410C0000
09AAC0580058000F47A2911800000000000000A01A4F40105859406ABC5440000080BFAAF15240FED45840BA492C40DD24863FCDCCCCBDCDCCCC3F67261344000080BF9A99993E9A99193F9A9919BF9A9999BE010101000101010107000000
09DAC04C0099000F47A2926100000000000301000100012F7661722F70697361742F646174612F636170747572655F312E6A7067000000000000000000000000000000000000000000000000000000000000000000000000000000000000000000000000000000000000000000000000000000000000000000000000000000000000000000000000000000000000000000000000000000B48202008690676A00
08A4C05D0045000F47A307BF00000000010001010101010101000000000000000000000000000000000000000000000000000000183400000000000000000000000000000000000012000000
088AC05F0013000F47A321640000000001000002000000000000
0890C05E003D000F47A3548A0000000000000000000000000000000000000000000000000000000000000000000000000000000000000000000000000100010001000100
08AAC0600049000F47A36E25000000000002000007000000000000000200000000000000060000000000000000000000000000000000000000000000803E0000803E0000FFFFFFFFFFFFFFFF00000C00
08ADC05F00AD000F47A3B4A9000000000000010001011F00000003000000000000000000000000000000000000000000102700005F0000005F0000009D0400005E00000061000000FFFFFFFFFFFFFFFFFFFFFFFFFFFFFFFFFFFFFFFFFFFFFFFFFFFFFFFFFFFFFFFFFFFFFFFFFFFFFFFFFFFFFFFFFFFFFFFFFFFFFFFFFFFFFFFFFFFFFFFFFFFFFFFFFFFFFFFFFFFFFFFFFFFFFFFFFFFFFFFFFFFFFFFFFFFFFFFFFFFFFFFFFFFFFFFFFFFFFFFFFFFFFFFFFFFFFFFF
09BAC0660043000F47A58CEA000000003300000000000000E441F6887444B83E9443295C134248E1FAC114AEF7C0CDCCD8418FC2F5BC0AD7A3BC3333933F000000000000000000000000
09CAC0590027000F47A58D200000000000000200000048E12D420A98EF41B8AE0500E4F0030028390000410C0000
09AAC0590058000F47A58E9200000000000000F4FD5440FED45840F4FD5440000080BFAAF15240190456403F353E40CBA1853FCDCCCCBDCDCCCC3F33D30E44000080BFCDCCCCBDCDCCCC3DCDCCCCBECDCCCCBE010101000101010107000000
09DAC04D0099000F47A58FA700000000000301000100012F7661722F70697361742F646174612F636170747572655F312E6A7067000000000000000000000000000000000000000000000000000000000000000000000000000000000000000000000000000000000000000000000000000000000000000000000000000000000000000000000000000000000000000000000000000000B48202008690676A00
08A4C05E0045000F47A6452800000000010001010101010101000000000000000000000000000000000000000000000000000000183400000000000000000000000000000000000012000000
088AC0600013000F47A64A530000000001000002000000000000
0890C05F003D000F47A657120000000000000000000000000000000000000000000000000000000000000000000000000000000000000000000000000100010001000100
08AAC0610049000F47A670AD000000000002000007000000000000000200000000000000060000000000000000000000000000000000000000000000803E0000803E0000FFFFFFFFFFFFFFFF00000C00
08B8C05D0069000F47A717150000000000000100010001000000000000000000000000000000000072040000000000002F63662F64735F66696C7465725F74626C2E74626C00000000000000000000000000000000000000000000000000000000000000000000000000000000000000
089BC0610015000F47A730AD00000000000000000000000003001400
08ADC06000AD000F47A788D3000000000000010001011F00000003000000000000000000000000000000000000000000102700006000000060000000A80400005F00000062000000FFFFFFFFFFFFFFFFFFFFFFFFFFFFFFFFFFFFFFFFFFFFFFFFFFFFFFFFFFFFFFFFFFFFFFFFFFFFFFFFFFFFFFFFFFFFFFFFFFFFFFFFFFFFFFFFFFFFFFFFFFFFFFFFFFFFFFFFFFFFFFFFFFFFFFFFFFFFFFFFFFFFFFFFFFFFFFFFFFFFFFFFFFFFFFFFFFFFFFFFFFFFFFFFFFFFFFFF
08A7C06100A5000F47A789140000000000000300FFFFFFFFFFFFFFFFFFFFFFFFFFFFFFFFFFFFFFFFFFFFFFFFFFFFFFFFFFFFFFFFFFFFFFFFFFFFFFFFFFFFFFFF333333333333333333333333333333333333333333333333333333333333333333333333333333333333333333333333333333333333333333333333333333333333333333333333333333333333333333333333333333330000000000000000000000000000000000000000
0887C061005D000F47A78CD600000000000000000000000000000000000000000000000000000000000000000000000000000000000000000000000000000000000000000000000000000000000000000000000000000000000000000000000000000000
0897C063003D000F47A80F680000000000000101D23B000000000000FF9400003C0057084B00000002000000AA010000290000006D010000330000000600630000000101
08A4C05F0045000F47AA1EC100000000010001010101010101000000000000000000000000000000000000000000000000000000183400000000000000000000000000000000000012000000
088AC0610013000F47AA23F00000000001000002000000000000
0890C060003D000F47AA57120000000000000000000000000000000000000000000000000000000000000000000000000000000000000000000000000100010001000100
08AAC0620049000F47AA70AD000000000002000007000000000000000200000000000000060000000000000000000000000000000000000000000000803E0000803E0000FFFFFFFFFFFFFFFF00000C00
09BAC0670043000F47AA8D11000000003300010101000000E4413D8A7444142E9443EC511342D7A3F0C1D7A30CC16666DA41CDCC4CBD00000080EC51983F000000000000000000000000
09CAC05A0027000F47AA8D4500000000000002000000310830427725EA41B8AE0500F0F0030028390000410C0000
09AAC05A0058000F47AA8E9800000000000000105859402B8756406ABC5440000080BF21B05240CFF73340D34D4240DD24863F6766E63FCDCC4C3E9A791144000080BFCDCCCCBDCDCC4CBE9A9999BECDCCCCBD010101000101010107000000
09DAC04E0099000F47AA8FBF00000000000301000100012F7661722F70697361742F646174612F636170747572655F312E6A7067000000000000000000000000000000000000000000000000000000000000000000000000000000000000000000000000000000000000000000000000000000000000000000000000000000000000000000000000000000000000000000000000000000B48202008690676A00
08ADC06100AD000F47AB5A87000000000000010001011F00000003000000000000000000000000000000000000000000102700006100000061000000AD0400006000000063000000FFFFFFFFFFFFFFFFFFFFFFFFFFFFFFFFFFFFFFFFFFFFFFFFFFFFFFFFFFFFFFFFFFFFFFFFFFFFFFFFFFFFFFFFFFFFFFFFFFFFFFFFFFFFFFFFFFFFFFFFFFFFFFFFFFFFFFFFFFFFFFFFFFFFFFFFFFFFFFFFFFFFFFFFFFFFFFFFFFFFFFFFFFFFFFFFFFFFFFFFFFFFFFFFFFFFFFFF
08B8C05E0069000F47AB5AC2000000000000010001000100000000000000000000000000000000007C040000000000002F63662F64735F66696C7465725F74626C2E74626C00000000000000000000000000000000000000000000000000000000000000000000000000000000000000
089BC0620015000F47AB5EC100000000000000000000000003001400
08A7C06200A5000F47AB63E30000000000000300FFFFFFFFFFFFFFFFFFFFFFFFFFFFFFFFFFFFFFFFFFFFFFFFFFFFFFFFFFFFFFFFFFFFFFFFFFFFFFFFFFFFFFFF333333333333333333333333333333333333333333333333333333333333333333333333333333333333333333333333333333333333333333333333333333333333333333333333333333333333333333333333333333330000000000000000000000000000000000000000
0887C062005D000F47AB68FE00000000000000000000000000000000000000000000000000000000000000000000000000000000000000000000000000000000000000000000000000000000000000000000000000000000000000000000000000000000
0897C064003D000F47ABFD770000000000000101733C0000000000008F9600003C006E084B00000002000000AE0100002900000070010000330000006300630000000101
08A4C0600045000F47AE0A4E00000000010001010101010101000000000000000000000000000000000000000000000000000000183400000000000000000000000000000000000012000000
088AC0620013000F47AE23F40000000001000002000000000000
0890C061003D000F47AE571F0000000000000000000000000000000000000000000000000000000000000000000000000000000000000000000000000100010001000100
08AAC0630049000F47AE70B5000000000002000007000000000000000200000000000000060000000000000000000000000000000000000000000000803E0000803E0000FFFFFFFFFFFFFFFF00000C00
08ADC06200AD000F47AF2EA1000000000000010001011F00000003000000000000000000000000000000000000000000102700006200000062000000BA0400006100000064000000FFFFFFFFFFFFFFFFFFFFFFFFFFFFFFFFFFFFFFFFFFFFFFFFFFFFFFFFFFFFFFFFFFFFFFFFFFFFFFFFFFFFFFFFFFFFFFFFFFFFFFFFFFFFFFFFFFFFFFFFFFFFFFFFFFFFFFFFFFFFFFFFFFFFFFFFFFFFFFFFFFFFFFFFFFFFFFFFFFFFFFFFFFFFFFFFFFFFFFFFFFFFFFFFFFFFFFFF
08B8C05F0069000F47AF35D60000000000000100010001000000000000000000000000000000000084040000000000002F63662F64735F66696C7465725F74626C2E74626C00000000000000000000000000000000000000000000000000000000000000000000000000000000000000
089BC0630015000F47AF3B2400000000000000000000000003001400
08A7C06300A5000F47AF4A510000000000000300FFFFFFFFFFFFFFFFFFFFFFFFFFFFFFFFFFFFFFFFFFFFFFFFFFFFFFFFFFFFFFFFFFFFFFFFFFFFFFFFFFFFFFFF333333333333333333333333333333333333333333333333333333333333333333333333333333333333333333333333333333333333333333333333333333333333333333333333333333333333333333333333333333330000000000000000000000000000000000000000
0887C063005D000F47AF63E800000000000000000000000000000000000000000000000000000000000000000000000000000000000000000000000000000000000000000000000000000000000000000000000000000000000000000000000000000000
09BAC0680043000F47AF8DFB000000003400000000000000E4413D8A7444142E9443EC511342D7A3F0C1D7A30CC16666DA41CDCC4CBD00000080EC51983F000000000000000000000000
09CAC05B0027000F47AF8E2D0000000000000200000048E12D42208AEE41B8AE0500FCF0030028390000410C0000
09AAC05B0058000F47AF8FB6000000000000007593584046B653406ABC5440000080BF0E2D52409318444062105840F0A7863F6766E63FCDCC4CBE9AF91044000080BFCDCCCC3DCDCCCCBDCDCCCCBD9A9999BE010101000101010107000000
09DAC04F0099000F47AF90A100000000000301000100012F7661722F70697361742F646174612F636170747572655F312E6A7067000000000000000000000000000000000000000000000000000000000000000000000000000000000000000000000000000000000000000000000000000000000000000000000000000000000000000000000000000000000000000000000000000000B48202008690676A00
0897C065003D000F47AFFD7F0000000000000101143D0000000000001F9800003C008A084B00000002000000B20100002900000074010000330000006300630000000100
08A4C0610045000F47B207BF00000000010001010101010101000000000000000000000000000000000000000000000000000000183400000000000000000000000000000000000012000000
088AC0630013000F47B221660000000001000002000000000000
0890C062003D000F47B2920C0000000000000000000000000000000000000000000000000000000000000000000000000000000000000000000000000100010001000100
08AAC0640049000F47B2971C000000000002000007000000000000000200000000000000060000000000000000000000000000000000000000000000803E0000803E0000FFFFFFFFFFFFFFFF00000C00
08ADC06300AD000F47B3002B000000000000010001011F00000003000000000000000000000000000000000000000000102700006300000063000000C50400006200000065000000FFFFFFFFFFFFFFFFFFFFFFFFFFFFFFFFFFFFFFFFFFFFFFFFFFFFFFFFFFFFFFFFFFFFFFFFFFFFFFFFFFFFFFFFFFFFFFFFFFFFFFFFFFFFFFFFFFFFFFFFFFFFFFFFFFFFFFFFFFFFFFFFFFFFFFFFFFFFFFFFFFFFFFFFFFFFFFFFFFFFFFFFFFFFFFFFFFFFFFFFFFFFFFFFFFFFFFFF
08B8C0600069000F47B3197F000000000000010001000100000000000000000000000000000000008F040000000000002F63662F64735F66696C7465725F74626C2E74626C00000000000000000000000000000000000000000000000000000000000000000000000000000000000000
089BC0640015000F47B3331400000000000000000000000003001400
08A7C06400A5000F47B34CB00000000000000300FFFFFFFFFFFFFFFFFFFFFFFFFFFFFFFFFFFFFFFFFFFFFFFFFFFFFFFFFFFFFFFFFFFFFFFFFFFFFFFFFFFFFFFF333333333333333333333333333333333333333333333333333333333333333333333333333333333333333333333333333333333333333333333333333333333333333333333333333333333333333333333333333333330000000000000000000000000000000000000000
0887C064005D000F47B3664800000000000000000000000000000000000000000000000000000000000000000000000000000000000000000000000000000000000000000000000000000000000000000000000000000000000000000000000000000000
0897C066003D000F47B400130000000000000101B13D000000000000AF9900003C00A8084C00000002000000B60100002900000079010000340000000000630063000100
09BAC0690043000F47B48A80000000003400010101000000E4419A89744433339443F62813426666F4C17B14F6C0E17ADA418FC2F5BC000000003333933F000000000000000000000000
09CAC05C0027000F47B48AB7000000000000020000001B2F32422A78E941B8AE050004F1030028390000410C0000
09AAC05C0058000F47B48C1F0000000000000019045640A4703D40F4FD5440000080BF21B05240F853434023DB5940CBA1853F9A99993ECDCC4CBE67A60E44000080BFCDCCCCBD9A9999BE00000040CDCCCCBD010101000101010107000000
09DAC0500099000F47B48D3300000000000301000100012F7661722F70697361742F646174612F636170747572655F312E6A7067000000000000000000000000000000000000000000000000000000000000000000000000000000000000000000000000000000000000000000000000000000000000000000000000000000000000000000000000000000000000000000000000000000B48202008690676A00
08A4C0620045000F47B60A4E00000000010001010101010101000000000000000000000000000000000000000000000000000000183400000000000000000000000000000000000013000000
088AC0640013000F47B623F30000000001000002000000000000
0890C063003D000F47B6571A0000000000000000000000000000000000000000000000000000000000000000000000000000000000000000000000000100010001000100
08AAC0650049000F47B670B5000000000002000007000000000000000200000000000000060000000000000000000000000000000000000000000000803E0000803E0000FFFFFFFFFFFFFFFF00000C00
08ADC06400AD000F47B6D45A000000000000010001011F00000003000000000000000000000000000000000000000000102700006400000064000000D60400006300000066000000FFFFFFFFFFFFFFFFFFFFFFFFFFFFFFFFFFFFFFFFFFFFFFFFFFFFFFFFFFFFFFFFFFFFFFFFFFFFFFFFFFFFFFFFFFFFFFFFFFFFFFFFFFFFFFFFFFFFFFFFFFFFFFFFFFFFFFFFFFFFFFFFFFFFFFFFFFFFFFFFFFFFFFFFFFFFFFFFFFFFFFFFFFFFFFFFFFFFFFFFFFFFFFFFFFFFFFFF
08B8C0610069000F47B7171E0000000000000100010001000000000000000000000000000000000098040000000000002F63662F64735F66696C7465725F74626C2E74626C00000000000000000000000000000000000000000000000000000000000000000000000000000000000000
089BC0650015000F47B730B400000000000000000000000003001400
08A7C06500A5000F47B74A510000000000000300FFFFFFFFFFFFFFFFFFFFFFFFFFFFFFFFFFFFFFFFFFFFFFFFFFFFFFFFFFFFFFFFFFFFFFFFFFFFFFFFFFFFFFFF333333333333333333333333333333333333333333333333333333333333333333333333333333333333333333333333333333333333333333333333333333333333333333333333333333333333333333333333333333330000000000000000000000000000000000000000
0887C065005D000F47B763E700000000000000000000000000000000000000000000000000000000000000000000000000000000000000000000000000000000000000000000000000000000000000000000000000000000000000000000000000000000
0897C067003D000F47B81E070000000000000101463E000000000000159B00003D00BD084D00000002000000BB010000290000007D010000350000000B00390000000100
09BAC06A0043000F47B98CED000000003500000000000000E4419A89744433339443F62813426666F4C17B14F6C0E17ADA418FC2F5BC000000003333933F000000000000000000000000
09CAC05D0027000F47B98D29000000000000020000001B2F32424B4BEB41B8AE050010F1030028390000410C0000
09AAC05D0058000F47B98E9500000000000000986E5240CBA145406ABC5440000080BF333353406210584087165940DD24863FCDCC4CBE9A9999BE00A00F44000080BF9A99993ECDCC8C3F9A99193FCDCCCCBD010101000101010107000000
09DAC0510099000F47B9912200000000000301000100012F7661722F70697361742F646174612F636170747572655F312E6A7067000000000000000000000000000000000000000000000000000000000000000000000000000000000000000000000000000000000000000000000000000000000000000000000000000000000000000000000000000000000000000000000000000000B48202008690676A00
08A4C0630045000F47BA0A4E00000000010001010101010101000000000000000000000000000000000000000000000000000000183400000000000000000000000000000000000013000000
088AC0650013000F47BA23F40000000001000002000000000000
0890C064003D000F47BA571A0000000000000000000000000000000000000000000000000000000000000000000000000000000000000000000000000100010001000100
08ADC06500AD000F47BAA9A9000000000000010001011F00000003000000000000000000000000000000000000000000102700006500000064000000E10400006400000067000000FFFFFFFFFFFFFFFFFFFFFFFFFFFFFFFFFFFFFFFFFFFFFFFFFFFFFFFFFFFFFFFFFFFFFFFFFFFFFFFFFFFFFFFFFFFFFFFFFFFFFFFFFFFFFFFFFFFFFFFFFFFFFFFFFFFFFFFFFFFFFFFFFFFFFFFFFFFFFFFFFFFFFFFFFFFFFFFFFFFFFFFFFFFFFFFFFFFFFFFFFFFFFFFFFFFFFFFF
08AAC0660049000F47BAAB9A000000000002000007000000000000000200000000000000060000000000000000000000000000000000000000000000803E0000803E0000FFFFFFFFFFFFFFFF00000C00
08B8C0620069000F47BB199F00000000000001000100010000000000000000000000000000000000A3040000000000002F63662F64735F66696C7465725F74626C2E74626C00000000000000000000000000000000000000000000000000000000000000000000000000000000000000
089BC0660015000F47BB333400000000000000000000000003001400
08A7C06600A5000F47BB4CD10000000000000300FFFFFFFFFFFFFFFFFFFFFFFFFFFFFFFFFFFFFFFFFFFFFFFFFFFFFFFFFFFFFFFFFFFFFFFFFFFFFFFFFFFFFFFF333333333333333333333333333333333333333333333333333333333333333333333333333333333333333333333333333333333333333333333333333333333333333333333333333333333333333333333333333333330000000000000000000000000000000000000000
0887C066005D000F47BB666700000000000000000000000000000000000000000000000000000000000000000000000000000000000000000000000000000000000000000000000000000000000000000000000000000000000000000000000000000000
0897C068003D000F47BC00130000000000000101E33E000000000000999C00003D00D3084E00000002000000BE0100002900000081010000350000000000630063000100
08A4C0640045000F47BE07C000000000010001010101010101000000000000000000000000000000000000000000000000000000183400000000000000000000000000000000000013000000
088AC0660013000F47BE21660000000001000002000000000000
0890C065003D000F47BE548D0000000000000000000000000000000000000000000000000000000000000000000000000000000000000000000000000100010001000100
08ADC06600AD000F47BEB05A000000000000010001011F00000003000000000000000000000000000000000000000000102700006600000065000000EC0400006500000068000000FFFFFFFFFFFFFFFFFFFFFFFFFFFFFFFFFFFFFFFFFFFFFFFFFFFFFFFFFFFFFFFFFFFFFFFFFFFFFFFFFFFFFFFFFFFFFFFFFFFFFFFFFFFFFFFFFFFFFFFFFFFFFFFFFFFFFFFFFFFFFFFFFFFFFFFFFFFFFFFFFFFFFFFFFFFFFFFFFFFFFFFFFFFFFFFFFFFFFFFFFFFFFFFFFFFFFFFF
08AAC0670049000F47BEB0AB000000000002000007000000000000000200000000000000060000000000000000000000000000000000000000000000803E0000803E0000FFFFFFFFFFFFFFFF00000C00
09BAC06B0043000F47BEB388000000003500010101007B14E441F68874448F429443AE4713426666EEC1D7A3F8C08FC2DB418FC2F5BC000000003333933F000000000000000000000000
09CAC05E0027000F47BEB3B800000000000002000000310830426A1EE441B8AE050020F1030028390000410C0000
09AAC05E0058000F47BEB50C00000000000000713D4A40931844406ABC5440000080BF0E2D5240FED45840B4C85640F0A7863FCDCCCCBD000000BFCDCC1144000080BFCDCCCC3E33333340000000009A9999BE010101000101010107000000
09DAC0520099000F47BEB63D00000000000301000100012F7661722F70697361742F646174612F636170747572655F312E6A7067000000000000000000000000000000000000000000000000000000000000000000000000000000000000000000000000000000000000000000000000000000000000000000000000000000000000000000000000000000000000000000000000000000B48202008690676A00
09BAC06C0043000F47BEE886000000003600000000007B14E441F68874448F429443AE4713426666EEC1D7A3F8C08FC2DB418FC2F5BC000000003333933F000000000000000000000000
09BAC06D0043000F47BEE8BD000000003600010101007B14E441AE877444EC519443EC5113428FC2FBC1295CF7C0E17AD2410AD723BD0AD7A33C85EB913F000000000000000000000000
09CAC05F0027000F47BEE8ED00000000000002000000310830420000A040B8AE050028F1030028390000410C0000
09AAC05F0058000F47BEEA2C0000000000000031084C40426045403D0A5740000080BFB4C856402DB25D403D0A5740F0A7863FCDCCCCBD000000BF67A6CB43000080BF9A9999BECDCC2C4000000000CDCCCCBD010101000101010107000000
08A4C0650045000F47C13D8600000000010001010101010101000000000000000000000000000000000000000000000000000000183400000000000000000000000000000000000013000000
088AC0670013000F47C142AF0000000001000002000000000000
0890C066003D000F47C1548B0000000000000000000000000000000000000000000000000000000000000000000000000000000000000000000000000100010001000100
08AAC0680049000F47C16E26000000000002000007000000000000000200000000000000060000000000000000000000000000000000000000000000803E0000803E0000FFFFFFFFFFFFFFFF00000C00
08B8C0630069000F47C2148F00000000000001000100010000000000000000000000000000000000B4040000000000002F63662F64735F66696C7465725F74626C2E74626C00000000000000000000000000000000000000000000000000000000000000000000000000000000000000
089BC0670015000F47C22E2600000000000000000000000003001400
08ADC06700AD000F47C2C969000000000000010001011F00000003000000000000000000000000000000000000000000102700006700000066000000F70400006600000069000000FFFFFFFFFFFFFFFFFFFFFFFFFFFFFFFFFFFFFFFFFFFFFFFFFFFFFFFFFFFFFFFFFFFFFFFFFFFFFFFFFFFFFFFFFFFFFFFFFFFFFFFFFFFFFFFFFFFFFFFFFFFFFFFFFFFFFFFFFFFFFFFFFFFFFFFFFFFFFFFFFFFFFFFFFFFFFFFFFFFFFFFFFFFFFFFFFFFFFFFFFFFFFFFFFFFFFFFF
08A4C0660045000F47C535C600000000010001010101010101000000000000000000000000000000000000000000000000000000183400000000000000000000000000000000000013000000
088AC0680013000F47C53AF30000000001000002000000000000
0890C067003D000F47C5599B0000000000000000000000000000000000000000000000000000000000000000000000000000000000000000000000000100010001000100
08AAC0690049000F47C57336000000000002000007000000000000000200000000000000060000000000000000000000000000000000000000000000803E0000803E0000FFFFFFFFFFFFFFFF00000C00
08B8C0640069000F47C6199E00000000000001000100010000000000000000000000000000000000BE040000000000002F63662F64735F66696C7465725F74626C2E74626C00000000000000000000000000000000000000000000000000000000000000000000000000000000000000
08ADC06800AD000F47C677BD000000000000010001011F0000000300000000000000000000000000000000000000000010270000680000006700000002050000670000006A000000FFFFFFFFFFFFFFFFFFFFFFFFFFFFFFFFFFFFFFFFFFFFFFFFFFFFFFFFFFFFFFFFFFFFFFFFFFFFFFFFFFFFFFFFFFFFFFFFFFFFFFFFFFFFFFFFFFFFFFFFFFFFFFFFFFFFFFFFFFFFFFFFFFFFFFFFFFFFFFFFFFFFFFFFFFFFFFFFFFFFFFFFFFFFFFFFFFFFFFFFFFFFFFFFFFFFFFFF
089BC0680015000F47C677FE00000000000000000000000003001400
08A7C06700A5000F47C67AE70000000000000300FFFFFFFFFFFFFFFFFFFFFFFFFFFFFFFFFFFFFFFFFFFFFFFFFFFFFFFFFFFFFFFFFFFFFFFFFFFFFFFFFFFFFFFF333333333333333333333333333333333333333333333333333333333333333333333333333333333333333333333333333333333333333333333333333333333333333333333333333333333333333333333333333333330000000000000000000000000000000000000000
0887C067005D000F47C6800200000000000000000000000000000000000000000000000000000000000000000000000000000000000000000000000000000000000000000000000000000000000000000000000000000000000000000000000000000000
0897C069003D000F47C70020000000000000010169400000000000007BA00000400000095000000002000000CA010000290000008C010000360000000000630063000100
09BAC06E0043000F47C7C024000000003700000000007B14E441AE877444EC519443EC5113428FC2FBC1295CF7C0E17AD2410AD723BD0AD7A33C85EB913F000000000000000000000000
09CAC0600027000F47C7C05C000000000000020000003108304229D1D241B8AE05002CF1030028390000410C0000
09AAC0600058000F47C7C1D1000000000000000E2D524010585940E17A5440000080BF986E5240190456402DB23D40DD24863F0000000000000040CD6C0E44000080BFCDCCCC3DCDCCCC3DCDCCCCBECDCCCCBD010101000101010107000000
09DAC0530099000F47C7C2EF00000000000301000100012F7661722F70697361742F646174612F636170747572655F312E6A7067000000000000000000000000000000000000000000000000000000000000000000000000000000000000000000000000000000000000000000000000000000000000000000000000000000000000000000000000000000000000000000000000000000B48202008690676A00
08A4C0670045000F47C90F6D00000000010001010101010101000000000000000000000000000000000000000000000000000000183400000000000000000000000000000000000013000000
088AC0690013000F47C921650000000001000002000000000000
0890C068003D000F47C9548B0000000000000000000000000000000000000000000000000000000000000000000000000000000000000000000000000100010001000100
08AAC06A0049000F47C96E25000000000002000007000000000000000200000000000000060000000000000000000000000000000000000000000000803E0000803E0000FFFFFFFFFFFFFFFF00000C00
08ADC06900AD000F47CA4952000000000000010001011F000000030000000000000000000000000000000000000000001027000069000000680000000D050000680000006B000000FFFFFFFFFFFFFFFFFFFFFFFFFFFFFFFFFFFFFFFFFFFFFFFFFFFFFFFFFFFFFFFFFFFFFFFFFFFFFFFFFFFFFFFFFFFFFFFFFFFFFFFFFFFFFFFFFFFFFFFFFFFFFFFFFFFFFFFFFFFFFFFFFFFFFFFFFFFFFFFFFFFFFFFFFFFFFFFFFFFFFFFFFFFFFFFFFFFFFFFFFFFFFFFFFFFFFFFF
09BAC06F0043000F47CB99DF00000000370001010100F628E441E18A7444D7239443EC511342A470F3C1B81EFDC0C3F5DC418FC2F5BC0AD7A33C8FC2953F000000000000000000000000
09CAC0610027000F47CB9A160000000000000200000031083042AD80F541B8AE050038F1030028390000410C0000
09AAC0610058000F47CB9B7E00000000000000EC515840C74B5740E17A5440000080BF21B05240C9763E404A0C4240DD24863F9A99993FCDCC4C3F9A190F44000080BFCDCC4C3ECDCCCC3DCDCC4CBE9A9999BE010101000101010107000000
09DAC0540099000F47CB9CA600000000000301000100012F7661722F70697361742F646174612F636170747572655F312E6A7067000000000000000000000000000000000000000000000000000000000000000000000000000000000000000000000000000000000000000000000000000000000000000000000000000000000000000000000000000000000000000000000000000000B48202008690676A00
08A4C0680045000F47CC0A4E00000000010001010101010101000000000000000000000000000000000000000000000000000000183400000000000000000000000000000000000014000000
088AC06A0013000F47CC23F50000000001000002000000000000
0890C069003D000F47CC571A0000000000000000000000000000000000000000000000000000000000000000000000000000000000000000000000000100010001000100
08AAC06B0049000F47CC70B5000000000002000007000000000000000200000000000000060000000000000000000000000000000000000000000000803E0000803E0000FFFFFFFFFFFFFFFF00000C00
08ADC06A00AD000F47CCD548000000000000010001011F00000003000000000000000000000000000000000000000000102700006A0000006900000016050000690000006C000000FFFFFFFFFFFFFFFFFFFFFFFFFFFFFFFFFFFFFFFFFFFFFFFFFFFFFFFFFFFFFFFFFFFFFFFFFFFFFFFFFFFFFFFFFFFFFFFFFFFFFFFFFFFFFFFFFFFFFFFFFFFFFFFFFFFFFFFFFFFFFFFFFFFFFFFFFFFFFFFFFFFFFFFFFFFFFFFFFFFFFFFFFFFFFFFFFFFFFFFFFFFFFFFFFFFFFFFF
08B8C0650069000F47CD582700000000000001000100010000000000000000000000000000000000D1040000000000002F63662F64735F66696C7465725F74626C2E74626C00000000000000000000000000000000000000000000000000000000000000000000000000000000000000
089BC0690015000F47CD5C6700000000000000000000000003001400
08A7C06800A5000F47CD61610000000000000300FFFFFFFFFFFFFFFFFFFFFFFFFFFFFFFFFFFFFFFFFFFFFFFFFFFFFFFFFFFFFFFFFFFFFFFFFFFFFFFFFFFFFFFF333333333333333333333333333333333333333333333333333333333333333333333333333333333333333333333333333333333333333333333333333333333333333333333333333333333333333333333333333333330000000000000000000000000000000000000000
0887C068005D000F47CD667900000000000000000000000000000000000000000000000000000000000000000000000000000000000000000000000000000000000000000000000000000000000000000000000000000000000000000000000000000000
0897C06A003D000F47CE21570000000000000101834100000000000039A30000410036095100000002000000D20100002900000093010000370000000D00630000000100
08A4C0690045000F47D00A4F00000000010001010101010101000000000000000000000000000000000000000000000000000000183400000000000000000000000000000000000014000000
088AC06B0013000F47D023F50000000001000002000000000000
0890C06A003D000F47D0571A0000000000000000000000000000000000000000000000000000000000000000000000000000000000000000000000000100010001000100
08ADC06B00AD000F47D0A6D4000000000000010001011F00000003000000000000000000000000000000000000000000102700006B0000006A000000210500006A0000006D000000FFFFFFFFFFFFFFFFFFFFFFFFFFFFFFFFFFFFFFFFFFFFFFFFFFFFFFFFFFFFFFFFFFFFFFFFFFFFFFFFFFFFFFFFFFFFFFFFFFFFFFFFFFFFFFFFFFFFFFFFFFFFFFFFFFFFFFFFFFFFFFFFFFFFFFFFFFFFFFFFFFFFFFFFFFFFFFFFFFFFFFFFFFFFFFFFFFFFFFFFFFFFFFFFFFFFFFFF
08AAC06C0049000F47D0A909000000000002000007000000000000000200000000000000060000000000000000000000000000000000000000000000803E0000803E0000FFFFFFFFFFFFFFFF00000C00
09BAC0700043000F47D0AE3900000000380000000000F628E441E18A7444D7239443EC511342A470F3C1B81EFDC0C3F5DC418FC2F5BC0AD7A33C8FC2953F000000000000000000000000
09CAC0620027000F47D0AE8300000000000002000000310830423F63EB41B8AE05004CF1030028390000410C0000
09AAC0620058000F47D0AFDF00000000000000871659407D3F5540E17A5440000080BF986E5240C1CA414033335340F0A7863F67660640CDCCCCBD67660F44000080BFCDCCCC3D9A9999BE000000BFCDCCCCBD010101000101010107000000
09DAC0550099000F47D0B10800000000000301000100012F7661722F70697361742F646174612F636170747572655F312E6A7067000000000000000000000000000000000000000000000000000000000000000000000000000000000000000000000000000000000000000000000000000000000000000000000000000000000000000000000000000000000000000000000000000000B48202008690676A00
08B8C0660069000F47D1199F00000000000001000100010000000000000000000000000000000000DC040000000000002F63662F64735F66696C7465725F74626C2E74626C00000000000000000000000000000000000000000000000000000000000000000000000000000000000000
089BC06A0015000F47D1333500000000000000000000000003001400
08A7C06900A5000F47D14CD10000000000000300FFFFFFFFFFFFFFFFFFFFFFFFFFFFFFFFFFFFFFFFFFFFFFFFFFFFFFFFFFFFFFFFFFFFFFFFFFFFFFFFFFFFFFFF333333333333333333333333333333333333333333333333333333333333333333333333333333333333333333333333333333333333333333333333333333333333333333333333333333333333333333333333333333330000000000000000000000000000000000000000
0887C069005D000F47D1666800000000000000000000000000000000000000000000000000000000000000000000000000000000000000000000000000000000000000000000000000000000000000000000000000000000000000000000000000000000
0897C06B003D000F47D2001200000000000001012442000000000000C9A4000041004F095200000002000000D60100002900000097010000370000000000630063000100
08A4C06A0045000F47D407BE00000000010001010101010101000000000000000000000000000000000000000000000000000000183400000000000000000000000000000000000014000000
088AC06C0013000F47D421650000000001000002000000000000
0890C06B003D000F47D47D810000000000000000000000000000000000000000000000000000000000000000000000000000000000000000000000000100010001000100
08AAC06D0049000F47D482A0000000000002000007000000000000000200000000000000060000000000000000000000000000000000000000000000803E0000803E0000FFFFFFFFFFFFFFFF00000C00
08B8C0670069000F47D5171F00000000000001000100010000000000000000000000000000000000E6040000000000002F63662F64735F66696C7465725F74626C2E74626C00000000000000000000000000000000000000000000000000000000000000000000000000000000000000
089BC06B0015000F47D530B500000000000000000000000003001400
08A7C06A00A5000F47D54A510000000000000300FFFFFFFFFFFFFFFFFFFFFFFFFFFFFFFFFFFFFFFFFFFFFFFFFFFFFFFFFFFFFFFFFFFFFFFFFFFFFFFFFFFFFFFF333333333333333333333333333333333333333333333333333333333333333333333333333333333333333333333333333333333333333333333333333333333333333333333333333333333333333333333333333333330000000000000000000000000000000000000000
0887C06A005D000F47D563E700000000000000000000000000000000000000000000000000000000000000000000000000000000000000000000000000000000000000000000000000000000000000000000000000000000000000000000000000000000
08ADC06C00AD000F47D5BE2B000000000000010001011F00000003000000000000000000000000000000000000000000102700006C0000006B000000300500006B0000006E000000FFFFFFFFFFFFFFFFFFFFFFFFFFFFFFFFFFFFFFFFFFFFFFFFFFFFFFFFFFFFFFFFFFFFFFFFFFFFFFFFFFFFFFFFFFFFFFFFFFFFFFFFFFFFFFFFFFFFFFFFFFFFFFFFFFFFFFFFFFFFFFFFFFFFFFFFFFFFFFFFFFFFFFFFFFFFFFFFFFFFFFFFFFFFFFFFFFFFFFFFFFFFFFFFFFFFFFFF
09BAC0710043000F47D5C04C00000000380001010100F628E441AE877444E15A9443EC511342F628EEC17B14FEC05C8FBE418FC2F5BC0AD7233D3333933F000000000000000000000000
09CAC0630027000F47D5C07F00000000000002000000310830424753E741B8AE05005CF1030028390000410C0000
09AAC0630058000F47D5C1D500000000000000A245564023DB3940E17A5440000080BF986E52400AD7434023DB5940CBA1853F9A99193F000000BF33931144000080BFCDCC4C3ECDCC4CBE9A99D93F9A9999BE010101000101010107000000
09DAC0560099000F47D5C31500000000000301000100012F7661722F70697361742F646174612F636170747572655F312E6A7067000000000000000000000000000000000000000000000000000000000000000000000000000000000000000000000000000000000000000000000000000000000000000000000000000000000000000000000000000000000000000000000000000000B48202008690676A00
0897C06C003D000F47D5FD7F0000000000000101C54200000000000059A6000041006B095300000002000000DA010000290000009A010000370000006300630000000100
08A4C06B0045000F47D849F200000000010001010101010101000000000000000000000000000000000000000000000000000000183400000000000000000000000000000000000014000000
088AC06D0013000F47D84CEA0000000001000002000000000000
0890C06C003D000F47D857190000000000000000000000000000000000000000000000000000000000000000000000000000000000000000000000000100010001000100
08AAC06E0049000F47D86B95000000000002000007000000000000000200000000000000060000000000000000000000000000000000000000000000803E0000803E0000FFFFFFFFFFFFFFFF00000C00
08ADC06D00AD000F47D98FB8000000000000010001011F00000003000000000000000000000000000000000000000000102700006D0000006D000000420500006C00000070000000FFFFFFFFFFFFFFFFFFFFFFFFFFFFFFFFFFFFFFFFFFFFFFFFFFFFFFFFFFFFFFFFFFFFFFFFFFFFFFFFFFFFFFFFFFFFFFFFFFFFFFFFFFFFFFFFFFFFFFFFFFFFFFFFFFFFFFFFFFFFFFFFFFFFFFFFFFFFFFFFFFFFFFFFFFFFFFFFFFFFFFFFFFFFFFFFFFFFFFFFFFFFFFFFFFFFFFFF
09BAC0720043000F47D99C4A00000000390000000000F628E441AE877444E15A9443EC511342F628EEC17B14FEC05C8FBE418FC2F5BC0AD7233D3333933F000000000000000000000000
09CAC0640027000F47D99C83000000000000020000001B2F3242DFC4F741B8AE05006CF1030028390000410C0000
09AAC0640058000F47D99DF600000000000000068155404A0C42406ABC5440000080BF21B05240E9265140AC1C5A40CBA1853F0000003F9A9999BECD6C0E44000080BFCDCC4C3ECDCCCCBD9A99D93F9A9999BE010101000101010107000000
09DAC0570099000F47D99F1700000000000301000100012F7661722F70697361742F646174612F636170747572655F312E6A7067000000000000000000000000000000000000000000000000000000000000000000000000000000000000000000000000000000000000000000000000000000000000000000000000000000000000000000000000000000000000000000000000000000B48202008690676A00
08A4C06C0045000F47DB0A4E00000000010001010101010101000000000000000000000000000000000000000000000000000000183400000000000000000000000000000000000014000000
088AC06E0013000F47DB23F50000000001000002000000000000
0890C06D003D000F47DB571B0000000000000000000000000000000000000000000000000000000000000000000000000000000000000000000000000100010001000100
08AAC06F0049000F47DB70B6000000000002000007000000000000000200000000000000060000000000000000000000000000000000000000000000803E0000803E0000FFFFFFFFFFFFFFFF00000C00
08ADC06E00AD000F47DC1B74000000000000010001011F00000003000000000000000000000000000000000000000000102700006E0000006D0000004A0500006D00000070000000FFFFFFFFFFFFFFFFFFFFFFFFFFFFFFFFFFFFFFFFFFFFFFFFFFFFFFFFFFFFFFFFFFFFFFFFFFFFFFFFFFFFFFFFFFFFFFFFFFFFFFFFFFFFFFFFFFFFFFFFFFFFFFFFFFFFFFFFFFFFFFFFFFFFFFFFFFFFFFFFFFFFFFFFFFFFFFFFFFFFFFFFFFFFFFFFFFFFFFFFFFFFFFFFFFFFFFFF
08B8C0680069000F47DC267A00000000000001000100010000000000000000000000000000000000F6040000000000002F63662F64735F66696C7465725F74626C2E74626C00000000000000000000000000000000000000000000000000000000000000000000000000000000000000
089BC06C0015000F47DC30B400000000000000000000000003001400
08A7C06B00A5000F47DC4A500000000000000300FFFFFFFFFFFFFFFFFFFFFFFFFFFFFFFFFFFFFFFFFFFFFFFFFFFFFFFFFFFFFFFFFFFFFFFFFFFFFFFFFFFFFFFF333333333333333333333333333333333333333333333333333333333333333333333333333333333333333333333333333333333333333333333333333333333333333333333333333333333333333333333333333333330000000000000000000000000000000000000000
0887C06B005D000F47DC63E800000000000000000000000000000000000000000000000000000000000000000000000000000000000000000000000000000000000000000000000000000000000000000000000000000000000000000000000000000000
0897C06D003D000F47DD718B0000000000000101D7430000000000000EA90000430096095400000002000000E301000029000000A2010000390000002C005A0000000100
09BAC0730043000F47DDF16A00000000390001010100713DE441F6887444B83E94439A991342295CEBC114AE17C1EC51CE410AD723BD000000008FC2953F000000000000000000000000
09BAC0740043000F47DDF17F000000003A0000000000713DE441F6887444B83E94439A991342295CEBC114AE17C1EC51CE410AD723BD000000008FC2953F000000000000000000000000
09CAC0650027000F47DDF1B00000000000000200000031083042549AD741B8AE05007CF1030028390000410C0000
09AAC0650058000F47DDF30C000000000000002FDD4440F0A74640C74B5740000080BF3D0A5740A4705D40BE9F5A40F0A7863F9A9999BE9A9999BE0040C843000080BFCDCCCC3D00000040CDCC4C3ECDCCCCBD010101000101010107000000
09BAC0750043000F47DEBB2A000000003A0001010100EC51E441F68874448F429443EC51134285EBF1C148E1F2C0AE47CD410AD723BC00000000E17A943F000000000000000000000000
09CAC0660027000F47DEBB5B0000000000000200000031083042CBB71442B8AE05007CF1030028390000410C0000
09AAC0660058000F47DEBCAA000000000000004260454066664640E17A5440000080BFAAF15240355E5A40C74B5740F0A7863FCDCC4CBECDCCCCBE00800E44000080BFCDCCCC3D3333134000000000CDCC4CBE010101000101010107000000
09DAC0580099000F47DEBDDA00000000000301000100012F7661722F70697361742F646174612F636170747572655F312E6A7067000000000000000000000000000000000000000000000000000000000000000000000000000000000000000000000000000000000000000000000000000000000000000000000000000000000000000000000000000000000000000000000000000000B48202008690676A00
08A4C06D0045000F47DF0A4F00000000010001010101010101000000000000000000000000000000000000000000000000000000183400000000000000000000000000000000000014000000
088AC06F0013000F47DF23F40000000001000002000000000000
0890C06E003D000F47DF571A0000000000000000000000000000000000000000000000000000000000000000000000000000000000000000000000000100010001000100
08AAC0700049000F47DF70B5000000000002000007000000000000000200000000000000060000000000000000000000000000000000000000000000803E0000803E0000FFFFFFFFFFFFFFFF00000C00
08ADC06F00AD000F47DFFD15000000000000010001011F00000003000000000000000000000000000000000000000000102700006E0000006D000000510500006D00000070000000FFFFFFFFFFFFFFFFFFFFFFFFFFFFFFFFFFFFFFFFFFFFFFFFFFFFFFFFFFFFFFFFFFFFFFFFFFFFFFFFFFFFFFFFFFFFFFFFFFFFFFFFFFFFFFFFFFFFFFFFFFFFFFFFFFFFFFFFFFFFFFFFFFFFFFFFFFFFFFFFFFFFFFFFFFFFFFFFFFFFFFFFFFFFFFFFFFFFFFFFFFFFFFFFFFFFFFFF
08B8C0690069000F47E0171D00000000000001000100010000000000000000000000000000000000FC040000000000002F63662F64735F66696C7465725F74626C2E74626C00000000000000000000000000000000000000000000000000000000000000000000000000000000000000
089BC06D0015000F47E030B500000000000000000000000003001400
08A7C06C00A5000F47E04A5D0000000000000300FFFFFFFFFFFFFFFFFFFFFFFFFFFFFFFFFFFFFFFFFFFFFFFFFFFFFFFFFFFFFFFFFFFFFFFFFFFFFFFFFFFFFFFF333333333333333333333333333333333333333333333333333333333333333333333333333333333333333333333333333333333333333333333333333333333333333333333333333333333333333333333333333333330000000000000000000000000000000000000000
0887C06C005D000F47E063E700000000000000000000000000000000000000000000000000000000000000000000000000000000000000000000000000000000000000000000000000000000000000000000000000000000000000000000000000000000
0897C06E003D000F47E145AC0000000000000101614400000000000071AA00004300A5095400000002000000E601000029000000A60100003A0000001B00630000000101
08A4C06E0045000F47E30A4F00000000010001010101010101000000000000000000000000000000000000000000000000000000183400000000000000000000000000000000000015000000
088AC0700013000F47E323F40000000001000002000000000000
0890C06F003D000F47E3571B0000000000000000000000000000000000000000000000000000000000000000000000000000000000000000000000000100010001000100
08AAC0710049000F47E370B5000000000002000007000000000000000200000000000000060000000000000000000000000000000000000000000000803E0000803E0000FFFFFFFFFFFFFFFF00000C00
09BAC0760043000F47E38CEE000000003B0000000000EC51E441F68874448F429443EC51134285EBF1C148E1F2C0AE47CD410AD723BC00000000E17A943F000000000000000000000000
09CAC0670027000F47E38D250000000000000200000048E12D425DEFCA41B8AE050088F1030028390000410C0000
09AAC0670058000F47E38EA400000000000000295C4F40B4C85640E17A5440000080BF3333534010585940BC745340F0A7863FCDCCCCBDCDCCCC3D9A190C44000080BF000000006766E63FCDCC4CBE9A9999BE010101000101010107000000
09DAC0590099000F47E38F9D00000000000301000100012F7661722F70697361742F646174612F636170747572655F312E6A7067000000000000000000000000000000000000000000000000000000000000000000000000000000000000000000000000000000000000000000000000000000000000000000000000000000000000000000000000000000000000000000000000000000B48202008690676A00
08ADC07000AD000F47E413C0000000000000010001011F00000003000000000000000000000000000000000000000000102700006F0000006E0000005C0500006E00000071000000FFFFFFFFFFFFFFFFFFFFFFFFFFFFFFFFFFFFFFFFFFFFFFFFFFFFFFFFFFFFFFFFFFFFFFFFFFFFFFFFFFFFFFFFFFFFFFFFFFFFFFFFFFFFFFFFFFFFFFFFFFFFFFFFFFFFFFFFFFFFFFFFFFFFFFFFFFFFFFFFFFFFFFFFFFFFFFFFFFFFFFFFFFFFFFFFFFFFFFFFFFFFFFFFFFFFFFFF
08B8C06A0069000F47E41ECC0000000000000100010001000000000000000000000000000000000008050000000000002F63662F64735F66696C7465725F74626C2E74626C00000000000000000000000000000000000000000000000000000000000000000000000000000000000000
089BC06E0015000F47E430B500000000000000000000000003001400
08A7C06D00A5000F47E44A510000000000000300FFFFFFFFFFFFFFFFFFFFFFFFFFFFFFFFFFFFFFFFFFFFFFFFFFFFFFFFFFFFFFFFFFFFFFFFFFFFFFFFFFFFFFFF333333333333333333333333333333333333333333333333333333333333333333333333333333333333333333333333333333333333333333333333333333333333333333333333333333333333333333333333333333330000000000000000000000000000000000000000
0887C06D005D000F47E463E800000000000000000000000000000000000000000000000000000000000000000000000000000000000000000000000000000000000000000000000000000000000000000000000000000000000000000000000000000000
0897C06F003D000F47E4FD7F0000000000000101F044000000000000CBAB00004400B2095400000002000000EA01000029000000A90100003A0000006300630000000101
08A4C06F0045000F47E707BF00000000010001010101010101000000000000000000000000000000000000000000000000000000183400000000000000000000000000000000000015000000
088AC0710013000F47E721660000000001000002000000000000
0890C070003D000F47E7548C0000000000000000000000000000000000000000000000000000000000000000000000000000000000000000000000000100010001000100
08AAC0720049000F47E76E26000000000002000007000000000000000200000000000000060000000000000000000000000000000000000000000000803E0000803E0000FFFFFFFFFFFFFFFF00000C00
08ADC07100AD000F47E82C23000000000000010001011F0000000300000000000000000000000000000000000000000010270000700000006F000000670500006F00000072000000FFFFFFFFFFFFFFFFFFFFFFFFFFFFFFFFFFFFFFFFFFFFFFFFFFFFFFFFFFFFFFFFFFFFFFFFFFFFFFFFFFFFFFFFFFFFFFFFFFFFFFFFFFFFFFFFFFFFFFFFFFFFFFFFFFFFFFFFFFFFFFFFFFFFFFFFFFFFFFFFFFFFFFFFFFFFFFFFFFFFFFFFFFFFFFFFFFFFFFFFFFFFFFFFFFFFFFFF
089BC06F0015000F47E82E2900000000000000000000000003001400
08A7C06E00A5000F47E847C10000000000000300FFFFFFFFFFFFFFFFFFFFFFFFFFFFFFFFFFFFFFFFFFFFFFFFFFFFFFFFFFFFFFFFFFFFFFFFFFFFFFFFFFFFFFFF333333333333333333333333333333333333333333333333333333333333333333333333333333333333333333333333333333333333333333333333333333333333333333333333333333333333333333333333333333330000000000000000000000000000000000000000
0887C06E005D000F47E8615900000000000000000000000000000000000000000000000000000000000000000000000000000000000000000000000000000000000000000000000000000000000000000000000000000000000000000000000000000000
09BAC0770043000F47E88A80000000003B00010101006666E441AE877444EC519443713D1342713DF0C19A992DC1B81EE741CDCC4CBD0AD7233D9A99993F000000000000000000000000
09CAC0680027000F47E88AB90000000000000200000031083042FC65ED41B8AE050088F1030028390000410C0000
09AAC0680058000F47E88C0E00000000000000B29D4F4010585940E17A5440000080BF21B052402B875640CFF73340DD24863F00000000676606409AB91044000080BFCDCCCC3DCDCCCC3DCDCCCCBECDCC4CBE010101000101010107000000
09DAC05A0099000F47E88D3800000000000301000100012F7661722F70697361742F646174612F636170747572655F312E6A7067000000000000000000000000000000000000000000000000000000000000000000000000000000000000000000000000000000000000000000000000000000000000000000000000000000000000000000000000000000000000000000000000000000B48202008690676A00
0897C070003D000F47E8FAF000000000000001017E4500000000000025AD00004500C1095500000002000000EE01000029000000AD0100003A0000006200630063000100
08A4C0700045000F47EB0A5000000000010001010101010101000000000000000000000000000000000000000000000000000000183400000000000000000000000000000000000015000000
088AC0720013000F47EB23F40000000001000002000000000000
0890C071003D000F47EB571A0000000000000000000000000000000000000000000000000000000000000000000000000000000000000000000000000100010001000100
08AAC0730049000F47EB70B5000000000002000007000000000000000200000000000000060000000000000000000000000000000000000000000000803E0000803E0000FFFFFFFFFFFFFFFF00000C00
08ADC07200AD000F47EBD455000000000000010001011F000000030000000000000000000000000000000000000000001027000071000000700000006F0500007000000073000000FFFFFFFFFFFFFFFFFFFFFFFFFFFFFFFFFFFFFFFFFFFFFFFFFFFFFFFFFFFFFFFFFFFFFFFFFFFFFFFFFFFFFFFFFFFFFFFFFFFFFFFFFFFFFFFFFFFFFFFFFFFFFFFFFFFFFFFFFFFFFFFFFFFFFFFFFFFFFFFFFFFFFFFFFFFFFFFFFFFFFFFFFFFFFFFFFFFFFFFFFFFFFFFFFFFFFFFF
08B8C06B0069000F47EC171E000000000000010001000100000000000000000000000000000000001E050000000000002F63662F64735F66696C7465725F74626C2E74626C00000000000000000000000000000000000000000000000000000000000000000000000000000000000000
089BC0700015000F47EC30B400000000000000000000000003001400
08A7C06F00A5000F47EC4A510000000000000300FFFFFFFFFFFFFFFFFFFFFFFFFFFFFFFFFFFFFFFFFFFFFFFFFFFFFFFFFFFFFFFFFFFFFFFFFFFFFFFFFFFFFFFF333333333333333333333333333333333333333333333333333333333333333333333333333333333333333333333333333333333333333333333333333333333333333333333333333333333333333333333333333333330000000000000000000000000000000000000000
0887C06F005D000F47EC63E700000000000000000000000000000000000000000000000000000000000000000000000000000000000000000000000000000000000000000000000000000000000000000000000000000000000000000000000000000000
0897C071003D000F47ED1EC700000000000001011B46000000000000B5AE00004500DA095600000002000000F201000029000000B20100003A0000000C00630000000100
09BAC0780043000F47ED8CEE000000003C00000000006666E441AE877444EC519443713D1342713DF0C19A992DC1B81EE741CDCC4CBD0AD7233D9A99993F000000000000000000000000
09CAC0690027000F47ED8D2A0000000000000200000031083042EF6FEC41B8AE0500A8F1030028390000410C0000
09AAC0690058000F47ED8E8E00000000000000D9CE5740C74B5740E17A5440000080BF986E524004564E404A0C4240CBA1853F9A99993F6766663F33F30D44000080BFCDCCCC3DCDCCCCBDCDCC4CBECDCC4CBE010101000101010107000000
09DAC05B0099000F47ED8FB500000000000301000100012F7661722F70697361742F646174612F636170747572655F312E6A7067000000000000000000000000000000000000000000000000000000000000000000000000000000000000000000000000000000000000000000000000000000000000000000000000000000000000000000000000000000000000000000000000000000B48202008690676A00
08A4C0710045000F47EF0A4E00000000010001010101010101000000000000000000000000000000000000000000000000000000183400000000000000000000000000000000000015000000
088AC0730013000F47EF23F40000000001000002000000000000
0890C072003D000F47EF571A0000000000000000000000000000000000000000000000000000000000000000000000000000000000000000000000000100010001000100
08ADC07300AD000F47EFA490000000000000010001011F000000030000000000000000000000000000000000000000001027000072000000710000007A0500007100000074000000FFFFFFFFFFFFFFFFFFFFFFFFFFFFFFFFFFFFFFFFFFFFFFFFFFFFFFFFFFFFFFFFFFFFFFFFFFFFFFFFFFFFFFFFFFFFFFFFFFFFFFFFFFFFFFFFFFFFFFFFFFFFFFFFFFFFFFFFFFFFFFFFFFFFFFFFFFFFFFFFFFFFFFFFFFFFFFFFFFFFFFFFFFFFFFFFFFFFFFFFFFFFFFFFFFFFFFFF
08AAC0740049000F47EFA679000000000002000007000000000000000200000000000000060000000000000000000000000000000000000000000000803E0000803E0000FFFFFFFFFFFFFFFF00000C00
08B8C06C0069000F47F0199F0000000000000100010001000000000000000000000000000000000027050000000000002F63662F64735F66696C7465725F74626C2E74626C00000000000000000000000000000000000000000000000000000000000000000000000000000000000000
089BC0710015000F47F0333500000000000000000000000003001400
08A7C07000A5000F47F04CD10000000000000300FFFFFFFFFFFFFFFFFFFFFFFFFFFFFFFFFFFFFFFFFFFFFFFFFFFFFFFFFFFFFFFFFFFFFFFFFFFFFFFFFFFFFFFF333333333333333333333333333333333333333333333333333333333333333333333333333333333333333333333333333333333333333333333333333333333333333333333333333333333333333333333333333333330000000000000000000000000000000000000000
0887C070005D000F47F0666900000000000000000000000000000000000000000000000000000000000000000000000000000000000000000000000000000000000000000000000000000000000000000000000000000000000000000000000000000000
0897C072003D000F47F100120000000000000101BC4600000000000045B000004500FA095700000002000000F601000029000000B60100003A0000000000630063000100
09BAC0790043000F47F2B89E000000003C00010101006666E441AE8774447B549443333313428FC2FBC1CDCC00C19A99DB41000000000AD7233CE17A943F000000000000000000000000
09CAC06A0027000F47F2B8D40000000000000200000031083042D9E5E341B8AE0500A8F1030028390000410C0000
09AAC06A0058000F47F2BA2900000000000000AC1C5A400681554058395440000080BFFCA95140EE7C3F402FDD4440DD24863F9A991940CDCCCCBD33B30D44000080BF00000000CDCCCCBE9A9919BFCDCCCCBD010101000101010107000000
09DAC05C0099000F47F2BB6C00000000000301000100012F7661722F70697361742F646174612F636170747572655F312E6A7067000000000000000000000000000000000000000000000000000000000000000000000000000000000000000000000000000000000000000000000000000000000000000000000000000000000000000000000000000000000000000000000000000000B48202008690676A00
08A4C0720045000F47F307BF00000000010001010101010101000000000000000000000000000000000000000000000000000000183400000000000000000000000000000000000015000000
088AC0740013000F47F321650000000001000002000000000000
09BAC07A0043000F47F37837000000003D00000000006666E441AE8774447B549443333313428FC2FBC1CDCC00C19A99DB41000000000AD7233CE17A943F000000000000000000000000
09BAC07B0043000F47F37888000000003D00010101005C8FE4413D8A7444CD2C9443713D1342713DE4C1B81EF5C07B14CE410AD7233C0AD7233C85EB913F000000000000000000000000
09CAC06B0027000F47F378B8000000000000020000003108304274E71E42B8AE0500B0F1030028390000410C0000
09AAC06B0058000F47F379E800000000000000D9CE57406ABC5440B4C85640000080BF190456406F1243406ABC5440F0A7863F67660640CDCC4CBE9A19CB43000080BF00000000CDCC4CBECDCCCCBDCDCC4CBE010101000101010107000000
0890C073003D000F47F37AF50000000000000000000000000000000000000000000000000000000000000000000000000000000000000000000000000100010001000100
08AAC0750049000F47F38011000000000002000007000000000000000200000000000000060000000000000000000000000000000000000000000000803E0000803E0000FFFFFFFFFFFFFFFF00000C00
19DAC00000010200
08B8C06D0069000F47F4171B0000000000000100010001000000000000000000000000000000000032050000000000002F63662F64735F66696C7465725F74626C2E74626C00000000000000000000000000000000000000000000000000000000000000000000000000000000000000
089BC0720015000F47F430AD00000000000000000000000003001400
08A7C07100A5000F47F44A490000000000000300FFFFFFFFFFFFFFFFFFFFFFFFFFFFFFFFFFFFFFFFFFFFFFFFFFFFFFFFFFFFFFFFFFFFFFFFFFFFFFFFFFFFFFFF333333333333333333333333333333333333333333333333333333333333333333333333333333333333333333333333333333333333333333333333333333333333333333333333333333333333333333333333333333330000000000000000000000000000000000000000
0887C071005D000F47F463E000000000000000000000000000000000000000000000000000000000000000000000000000000000000000000000000000000000000000000000000000000000000000000000000000000000000000000000000000000000
08ADC07400AD000F47F4BE48000000000000010001011F00000003000000000000000000000000000000000000000000102700007300000072000000890500007200000075000000FFFFFFFFFFFFFFFFFFFFFFFFFFFFFFFFFFFFFFFFFFFFFFFFFFFFFFFFFFFFFFFFFFFFFFFFFFFFFFFFFFFFFFFFFFFFFFFFFFFFFFFFFFFFFFFFFFFFFFFFFFFFFFFFFFFFFFFFFFFFFFFFFFFFFFFFFFFFFFFFFFFFFFFFFFFFFFFFFFFFFFFFFFFFFFFFFFFFFFFFFFFFFFFFFFFFFFFF
0897C073003D000F47F4FD7800000000000001015D47000000000000D5B100004500160A5800000002000000FA01000029000000B90100003A0000006300630000000100
09BAC07C0043000F47F70501000000003E00000000005C8FE4413D8A7444CD2C9443713D1342713DE4C1B81EF5C07B14CE410AD7233C0AD7233C85EB913F000000000000000000000000
08A4C0730045000F47F74B9800000000010001010101010101000000000000000000000000000000000000000000000000000000183400000000000000000000000000000000000016000000
088AC0750013000F47F74F6B0000000001000002000000000000
0890C074003D000F47F759990000000000000000000000000000000000000000000000000000000000000000000000000000000000000000000000000100010001000100
08AAC0760049000F47F77334000000000002000007000000000000000200000000000000060000000000000000000000000000000000000000000000803E0000803E0000FFFFFFFFFFFFFFFF00000C00
09BAC07D0043000F47F78F8F000000003E00010101005C8FE441528874445C4F9443713D1342B81EFFC1295CBFC08FC2FB410AD7233C0AD7233DD7A3903F000000000000000000000000
09CAC06C0027000F47F78FC60000000000000200000031083042898AB741B8AE0500B0F1030028390000410C0000
09AAC06C0058000F47F791190000000000000023DB5940FED43840E17A5440000080BF986E52401D5A4440FED45840DD24863FCDCC4C3FCDCCCCBE9AB90D44000080BF00000000CDCCCCBECDCC8C3F000000BF010101000101010107000000
09DAC05D0099000F47F7923C00000000000502000100012F7661722F70697361742F646174612F636170747572655F322E6A7067000000000000000000000000000000000000000000000000000000000000000000000000000000000000000000000000000000000000000000000000000000000000000000000000000000000000000000000000000000000000000000000000000000741402005A91676A00
08B8C06E0069000F47F819A0000000000000010001000100000000000000000000000000000000003F050000000000002F63662F64735F66696C7465725F74626C2E74626C00000000000000000000000000000000000000000000000000000000000000000000000000000000000000
089BC0730015000F47F8333700000000000000000000000003001400
08ADC07500AD000F47F89135000000000000010001011F00000003000000000000000000000000000000000000000000102700007400000073000000940500007300000076000000FFFFFFFFFFFFFFFFFFFFFFFFFFFFFFFFFFFFFFFFFFFFFFFFFFFFFFFFFFFFFFFFFFFFFFFFFFFFFFFFFFFFFFFFFFFFFFFFFFFFFFFFFFFFFFFFFFFFFFFFFFFFFFFFFFFFFFFFFFFFFFFFFFFFFFFFFFFFFFFFFFFFFFFFFFFFFFFFFFFFFFFFFFFFFFFFFFFFFFFFFFFFFFFFFFFFFFFF
08A7C07200A5000F47F891740000000000000300FFFFFFFFFFFFFFFFFFFFFFFFFFFFFFFFFFFFFFFFFFFFFFFFFFFFFFFFFFFFFFFFFFFFFFFFFFFFFFFFFFFFFFFF333333333333333333333333333333333333333333333333333333333333333333333333333333333333333333333333333333333333333333333333333333333333333333333333333333333333333333333333333333330000000000000000000000000000000000000000
0887C072005D000F47F8947D00000000000000000000000000000000000000000000000000000000000000000000000000000000000000000000000000000000000000000000000000000000000000000000000000000000000000000000000000000000
0897C074003D000F47F900100000000000000101FE4700000000000065B300004500320A5900000002000000FE01000029000000BE0100003A0000000000630000000100
08A4C0740045000F47FB23ED00000000010001010101010101000000000000000000000000000000000000000000000000000000183400000000000000000000000000000000000016000000
088AC0760013000F47FB291F0000000001000002000000000000
0890C075003D000F47FB548B0000000000000000000000000000000000000000000000000000000000000000000000000000000000000000000000000100010001000100
08AAC0770049000F47FB6E26000000000002000007000000000000000200000000000000060000000000000000000000000000000000000000000000803E0000803E0000FFFFFFFFFFFFFFFF00000C00
08B8C06F0069000F47FC148E0000000000000100010001000000000000000000000000000000000049050000000000002F63662F64735F66696C7465725F74626C2E74626C00000000000000000000000000000000000000000000000000000000000000000000000000000000000000
08ADC07600AD000F47FC63F8000000000000010001011F000000030000000000000000000000000000000000000000001027000075000000740000009F0500007400000077000000FFFFFFFFFFFFFFFFFFFFFFFFFFFFFFFFFFFFFFFFFFFFFFFFFFFFFFFFFFFFFFFFFFFFFFFFFFFFFFFFFFFFFFFFFFFFFFFFFFFFFFFFFFFFFFFFFFFFFFFFFFFFFFFFFFFFFFFFFFFFFFFFFFFFFFFFFFFFFFFFFFFFFFFFFFFFFFFFFFFFFFFFFFFFFFFFFFFFFFFFFFFFFFFFFFFFFFFF
089BC0740015000F47FC667C00000000000000000000000003001400
08A7C07300A5000F47FC6B990000000000000300FFFFFFFFFFFFFFFFFFFFFFFFFFFFFFFFFFFFFFFFFFFFFFFFFFFFFFFFFFFFFFFFFFFFFFFFFFFFFFFFFFFFFFFF333333333333333333333333333333333333333333333333333333333333333333333333333333333333333333333333333333333333333333333333333333333333333333333333333333333333333333333333333333330000000000000000000000000000000000000000
0887C073005D000F47FC70B500000000000000000000000000000000000000000000000000000000000000000000000000000000000000000000000000000000000000000000000000000000000000000000000000000000000000000000000000000000
09BAC07E0043000F47FC8A5E000000003F00000000005C8FE441528874445C4F9443713D1342B81EFFC1295CBFC08FC2FB410AD7233C0AD7233DD7A3903F000000000000000000000000
09CAC06D0027000F47FC8A9500000000000002000000310830420A5EEE41B8AE0500C0F1030028390000410C0000
09AAC06D0058000F47FC8C0F000000000000007D3F5540C1CA414058395440000080BF0E2D524019045640AC1C5A40DD24863F9A99993ECDCCCCBECD4C0C44000080BF00000000CDCCCC3D3333B33F00000000010101000101010107000000
09DAC05E0099000F47FC8D1B00000000000502000100012F7661722F70697361742F646174612F636170747572655F322E6A7067000000000000000000000000000000000000000000000000000000000000000000000000000000000000000000000000000000000000000000000000000000000000000000000000000000000000000000000000000000000000000000000000000000741402005A91676A00
0897C075003D000F47FCFAF000000000000001019F48000000000000F5B400004500480A59000000020000000202000029000000C10100003A0000006200630063000100
08A4C0750045000F47FF0A4F00000000010001010101010101000000000000000000000000000000000000000000000000000000183400000000000000000000000000000000000016000000
088AC0770013000F47FF23F50000000001000002000000000000
0890C076003D000F47FF571B0000000000000000000000000000000000000000000000000000000000000000000000000000000000000000000000000100010001000100
08AAC0780049000F47FF70B6000000000002000007000000000000000200000000000000060000000000000000000000000000000000000000000000803E0000803E0000FFFFFFFFFFFFFFFF00000C00
08ADC07700AD000F480036E7000000000000010001011F00000003000000000000000000000000000000000000000000102700007600000075000000A60500007500000078000000FFFFFFFFFFFFFFFFFFFFFFFFFFFFFFFFFFFFFFFFFFFFFFFFFFFFFFFFFFFFFFFFFFFFFFFFFFFFFFFFFFFFFFFFFFFFFFFFFFFFFFFFFFFFFFFFFFFFFFFFFFFFFFFFFFFFFFFFFFFFFFFFFFFFFFFFFFFFFFFFFFFFFFFFFFFFFFFFFFFFFFFFFFFFFFFFFFFFFFFFFFFFFFFFFFFFFFFF
08B8C0700069000F48003D850000000000000100010001000000000000000000000000000000000054050000000000002F63662F64735F66696C7465725F74626C2E74626C00000000000000000000000000000000000000000000000000000000000000000000000000000000000000
089BC0750015000F480042A000000000000000000000000003001400
08A7C07400A5000F48004A500000000000000300FFFFFFFFFFFFFFFFFFFFFFFFFFFFFFFFFFFFFFFFFFFFFFFFFFFFFFFFFFFFFFFFFFFFFFFFFFFFFFFFFFFFFFFF333333333333333333333333333333333333333333333333333333333333333333333333333333333333333333333333333333333333333333333333333333333333333333333333333333333333333333333333333333330000000000000000000000000000000000000000
0887C074005D000F480063E700000000000000000000000000000000000000000000000000000000000000000000000000000000000000000000000000000000000000000000000000000000000000000000000000000000000000000000000000000000
0897C076003D000F4800FD7F00000000000001013C4900000000000085B600004500640A5A000000020000000602000029000000C50100003A0000006300630000000100
09BAC07F0043000F48018D12000000003F000101010052B8E441F6887444D74394433333134252B8FCC1295C03C1C3F5C641000000800AD7A33C8FC2953F000000000000000000000000
09CAC06E0027000F48018D4900000000000002000000310830423485E841B8AE0500CCF1030028390000410C0000
09AAC06E0058000F48018E9F000000000000006F1243402FDD4440E17A5440000080BF21B0524048E15A40508D5740F0A7863FCDCC4CBE9A9999BE9A391144000080BFCDCC4C3ECDCC2C40CDCCCC3D000000BF010101000101010107000000
09DAC05F0099000F48018FCA00000000000502000100012F7661722F70697361742F646174612F636170747572655F322E6A7067000000000000000000000000000000000000000000000000000000000000000000000000000000000000000000000000000000000000000000000000000000000000000000000000000000000000000000000000000000000000000000000000000000741402005A91676A00
08A4C0760045000F480307BF00000000010001010101010101000000000000000000000000000000000000000000000000000000183400000000000000000000000000000000000016000000
088AC0780013000F480321650000000001000002000000000000
0890C077003D000F4803548B0000000000000000000000000000000000000000000000000000000000000000000000000000000000000000000000000100010001000100
08AAC0790049000F48036E25000000000002000007000000000000000200000000000000060000000000000000000000000000000000000000000000803E0000803E0000FFFFFFFFFFFFFFFF00000C00
08ADC07800AD000F48041591000000000000010001011F00000003000000000000000000000000000000000000000000102700007700000076000000B10500007600000079000000FFFFFFFFFFFFFFFFFFFFFFFFFFFFFFFFFFFFFFFFFFFFFFFFFFFFFFFFFFFFFFFFFFFFFFFFFFFFFFFFFFFFFFFFFFFFFFFFFFFFFFFFFFFFFFFFFFFFFFFFFFFFFFFFFFFFFFFFFFFFFFFFFFFFFFFFFFFFFFFFFFFFFFFFFFFFFFFFFFFFFFFFFFFFFFFFFFFFFFFFFFFFFFFFFFFFFFFF
08B8C0710069000F4804215B000000000000010001000100000000000000000000000000000000005E050000000000002F63662F64735F66696C7465725F74626C2E74626C00000000000000000000000000000000000000000000000000000000000000000000000000000000000000
089BC0760015000F48042E2500000000000000000000000003001400
08A7C07500A5000F480447C10000000000000300FFFFFFFFFFFFFFFFFFFFFFFFFFFFFFFFFFFFFFFFFFFFFFFFFFFFFFFFFFFFFFFFFFFFFFFFFFFFFFFFFFFFFFFF333333333333333333333333333333333333333333333333333333333333333333333333333333333333333333333333333333333333333333333333333333333333333333333333333333333333333333333333333333330000000000000000000000000000000000000000
0887C075005D000F4804644C00000000000000000000000000000000000000000000000000000000000000000000000000000000000000000000000000000000000000000000000000000000000000000000000000000000000000000000000000000000
0897C077003D000F4804FAF00000000000000101C949000000000000DEB700004600740A5C000000020000000A02000029000000C90100003A0000006200630063000100
08A4C0770045000F48060CCE00000000010001010101010101000000000000000000000000000000000000000000000000000000183400000000000000000000000000000000000016000000
088AC0790013000F480626740000000001000002000000000000
0890C078003D000F4806599A0000000000000000000000000000000000000000000000000000000000000000000000000000000000000000000000000100010001000100
08ADC07900AD000F4806A266000000000000010001011F00000003000000000000000000000000000000000000000000102700007800000077000000B8050000770000007A000000FFFFFFFFFFFFFFFFFFFFFFFFFFFFFFFFFFFFFFFFFFFFFFFFFFFFFFFFFFFFFFFFFFFFFFFFFFFFFFFFFFFFFFFFFFFFFFFFFFFFFFFFFFFFFFFFFFFFFFFFFFFFFFFFFFFFFFFFFFFFFFFFFFFFFFFFFFFFFFFFFFFFFFFFFFFFFFFFFFFFFFFFFFFFFFFFFFFFFFFFFFFFFFFFFFFFFFFF
08AAC07A0049000F4806A3DB000000000002000007000000000000000200000000000000060000000000000000000000000000000000000000000000803E0000803E0000FFFFFFFFFFFFFFFF00000C00
08B8C0720069000F4807148E000000000000010001000100000000000000000000000000000000006A050000000000002F63662F64735F66696C7465725F74626C2E74626C00000000000000000000000000000000000000000000000000000000000000000000000000000000000000
089BC0770015000F48072E2500000000000000000000000003001400
08A7C07600A5000F480747C10000000000000300FFFFFFFFFFFFFFFFFFFFFFFFFFFFFFFFFFFFFFFFFFFFFFFFFFFFFFFFFFFFFFFFFFFFFFFFFFFFFFFFFFFFFFFF333333333333333333333333333333333333333333333333333333333333333333333333333333333333333333333333333333333333333333333333333333333333333333333333333333333333333333333333333333330000000000000000000000000000000000000000
0887C076005D000F4807615800000000000000000000000000000000000000000000000000000000000000000000000000000000000000000000000000000000000000000000000000000000000000000000000000000000000000000000000000000000
0897C078003D000F480822670000000000000101384A000000000000E5B800004800830A5C000000020000000F02000029000000CD0100003A0000000D003C0063000100
08B8C0730069000F480A199E0000000000000100010001000000000000000000000000000000000072050000000000002F63662F64735F66696C7465725F74626C2E74626C00000000000000000000000000000000000000000000000000000000000000000000000000000000000000
089BC0780015000F480A333700000000000000000000000003001400
08A7C07700A5000F480A4CD00000000000000300FFFFFFFFFFFFFFFFFFFFFFFFFFFFFFFFFFFFFFFFFFFFFFFFFFFFFFFFFFFFFFFFFFFFFFFFFFFFFFFFFFFFFFFF333333333333333333333333333333333333333333333333333333333333333333333333333333333333333333333333333333333333333333333333333333333333333333333333333333333333333333333333333333330000000000000000000000000000000000000000
0887C077005D000F480A666700000000000000000000000000000000000000000000000000000000000000000000000000000000000000000000000000000000000000000000000000000000000000000000000000000000000000000000000000000000
0897C079003D000F480B00120000000000000101A64A00000000000004BA00004900920A5C000000020000001202000029000000D00100003A0000000000630063000100
08B8C0740069000F480E171E000000000000010001000100000000000000000000000000000000007C050000000000002F63662F64735F66696C7465725F74626C2E74626C00000000000000000000000000000000000000000000000000000000000000000000000000000000000000
089BC0790015000F480E30B400000000000000000000000003001400
08A7C07800A5000F480E4A500000000000000300FFFFFFFFFFFFFFFFFFFFFFFFFFFFFFFFFFFFFFFFFFFFFFFFFFFFFFFFFFFFFFFFFFFFFFFFFFFFFFFFFFFFFFFF333333333333333333333333333333333333333333333333333333333333333333333333333333333333333333333333333333333333333333333333333333333333333333333333333333333333333333333333333333330000000000000000000000000000000000000000
0887C078005D000F480E99AC00000000000000000000000000000000000000000000000000000000000000000000000000000000000000000000000000000000000000000000000000000000000000000000000000000000000000000000000000000000
09BAC0800043000F480EA16B0000000040000000000052B8E441F6887444D74394433333134252B8FCC1295C03C1C3F5C641000000800AD7A33C8FC2953F000000000000000000000000
09CAC06F0027000F480EA1A20000000000000200000048E12D42E543E641B8AE0500E0F1030028390000410C0000
09AAC06F0058000F480EA31400000000000000B4C85640D9CE574058395440000080BF85EB5140E17A5440F6283C40DD24863F0000003F9A99993F9A390E44000080BFCDCC4C3ECDCCCCBD000000BFCDCC4CBE010101000101010107000000
09DAC0600099000F480EA43A00000000000502000100012F7661722F70697361742F646174612F636170747572655F322E6A7067000000000000000000000000000000000000000000000000000000000000000000000000000000000000000000000000000000000000000000000000000000000000000000000000000000000000000000000000000000000000000000000000000000741402005A91676A00
0897C07A003D000F480EFD7F00000000000001012F4B0000000000005FBB00004A00A00A5C000000020000001602000029000000D30100003B0000006300630000000101
08A4C0780045000F48112B8600000000010001010101010101000000000000000000000000000000000000000000000000000000183400000000000000000000000000000000000017000000
088AC07A0013000F481130B30000000001000002000000000000
0890C079003D000F4811599A0000000000000000000000000000000000000000000000000000000000000000000000000000000000000000000000000100010001000100
08AAC07B0049000F48117335000000000002000007000000000000000200000000000000060000000000000000000000000000000000000000000000803E0000803E0000FFFFFFFFFFFFFFFF00000C00
08B8C0750069000F4812199D0000000000000100010001000000000000000000000000000000000087050000000000002F63662F64735F66696C7465725F74626C2E74626C00000000000000000000000000000000000000000000000000000000000000000000000000000000000000
08ADC07A00AD000F48126A73000000000000010001011F00000003000000000000000000000000000000000000000000102700007B00000079000000D90500007A0000007C000000FFFFFFFFFFFFFFFFFFFFFFFFFFFFFFFFFFFFFFFFFFFFFFFFFFFFFFFFFFFFFFFFFFFFFFFFFFFFFFFFFFFFFFFFFFFFFFFFFFFFFFFFFFFFFFFFFFFFFFFFFFFFFFFFFFFFFFFFFFFFFFFFFFFFFFFFFFFFFFFFFFFFFFFFFFFFFFFFFFFFFFFFFFFFFFFFFFFFFFFFFFFFFFFFFFFFFFFF
089BC07A0015000F48126B8800000000000000000000000003001400
08A7C07900A5000F481270A70000000000000300FFFFFFFFFFFFFFFFFFFFFFFFFFFFFFFFFFFFFFFFFFFFFFFFFFFFFFFFFFFFFFFFFFFFFFFFFFFFFFFFFFFFFFFF333333333333333333333333333333333333333333333333333333333333333333333333333333333333333333333333333333333333333333333333333333333333333333333333333333333333333333333333333333330000000000000000000000000000000000000000
0887C079005D000F481276EA00000000000000000000000000000000000000000000000000000000000000000000000000000000000000000000000000000000000000000000000000000000000000000000000000000000000000000000000000000000
0897C07B003D000F4813001F0000000000000101CC4B000000000000EFBC00004A00BD0A5D000000020000001A02000029000000D80100003B0000000000630063000100
09BAC0810043000F4813B37A0000000040000101010052B8E4410A87744400609443F62813429A99F7C16666EEC0EC51E8410AD7A33C8FC2F53CE17A943F000000000000000000000000
09CAC0700027000F4813B3AB00000000000002000000310830426218EE41B8AE0500E8F1030028390000410C0000
09AAC0700058000F4813B4FE000000000000005A645B408FC2554058395440000080BFE92651408D972E4062103840F0A7863F9A991940CDCCCC3DCD2C1344000080BFCDCC4CBE000000BF000000BF9A9999BE010101000101010107000000
09DAC0610099000F4813B63200000000000502000100012F7661722F70697361742F646174612F636170747572655F322E6A7067000000000000000000000000000000000000000000000000000000000000000000000000000000000000000000000000000000000000000000000000000000000000000000000000000000000000000000000000000000000000000000000000000000741402005A91676A00
08A4C0790045000F48140CCD00000000010001010101010101000000000000000000000000000000000000000000000000000000183400000000000000000000000000000000000017000000
088AC07B0013000F481426720000000001000002000000000000
0890C07A003D000F481459980000000000000000000000000000000000000000000000000000000000000000000000000000000000000000000000000100010001000100
08AAC07C0049000F48147333000000000002000007000000000000000200000000000000060000000000000000000000000000000000000000000000803E0000803E0000FFFFFFFFFFFFFFFF00000C00
08ADC07B00AD000F4814F5B2000000000000010001011F00000003000000000000000000000000000000000000000000102700007C0000007A000000E20500007B0000007D000000FFFFFFFFFFFFFFFFFFFFFFFFFFFFFFFFFFFFFFFFFFFFFFFFFFFFFFFFFFFFFFFFFFFFFFFFFFFFFFFFFFFFFFFFFFFFFFFFFFFFFFFFFFFFFFFFFFFFFFFFFFFFFFFFFFFFFFFFFFFFFFFFFFFFFFFFFFFFFFFFFFFFFFFFFFFFFFFFFFFFFFFFFFFFFFFFFFFFFFFFFFFFFFFFFFFFFFFF
08B8C0760069000F4815148E0000000000000100010001000000000000000000000000000000000093050000000000002F63662F64735F66696C7465725F74626C2E74626C00000000000000000000000000000000000000000000000000000000000000000000000000000000000000
089BC07B0015000F48152E2400000000000000000000000003001400
08A7C07A00A5000F481547C00000000000000300FFFFFFFFFFFFFFFFFFFFFFFFFFFFFFFFFFFFFFFFFFFFFFFFFFFFFFFFFFFFFFFFFFFFFFFFFFFFFFFFFFFFFFFF333333333333333333333333333333333333333333333333333333333333333333333333333333333333333333333333333333333333333333333333333333333333333333333333333333333333333333333333333333330000000000000000000000000000000000000000
0887C07A005D000F4815615700000000000000000000000000000000000000000000000000000000000000000000000000000000000000000000000000000000000000000000000000000000000000000000000000000000000000000000000000000000
0897C07C003D000F48163B9C00000000000001014B4C0000000000001DBE00004B00CD0A5D000000020000001E02000029000000DB0100003D0000001700630063000101
09BAC0820043000F48178F7C0000000041000000000052B8E4410A87744400609443F62813429A99F7C16666EEC0EC51E8410AD7A33C8FC2F53CE17A943F000000000000000000000000
09CAC0710027000F48178FB500000000000002000000310830425E43B941B8AE0500E8F1030028390000410C0000
09AAC0710058000F4817912000000000000000EC51584021B05240CFF75340000080BF736851403F353E40D9CE5740DD24863F0000C03FCDCCCCBECDCC0D44000080BFCDCCCC3DCDCCCCBDCDCCCC3DCDCCCCBE010101000101010107000000
09DAC0620099000F4817923C00000000000502000100012F7661722F70697361742F646174612F636170747572655F322E6A7067000000000000000000000000000000000000000000000000000000000000000000000000000000000000000000000000000000000000000000000000000000000000000000000000000000000000000000000000000000000000000000000000000000741402005A91676A00
09BAC0830043000F48180DD300000000410001010100CDCCE441F688744400409443000013421F85FDC185EBD9C00000CC410AD7A33C0AD7233C85EB913F000000000000000000000000
09BAC0840043000F48180DEA00000000420000000000CDCCE441F688744400409443000013421F85FDC185EBD9C00000CC410AD7A33C0AD7233C85EB913F000000000000000000000000
09CAC0720027000F48180E170000000000000200000031083042ABAA7142B8AE0500F4F1030028390000410C0000
09AAC0720058000F48180F7300000000000000D9CE5740AAF1524046B65340000080BFBC745340EE7C3F40D9CE5740CBA1853F0000C03FCDCCCCBD33932644000080BFCDCCCC3DCDCC4CBE9A99993ECDCCCCBD010101000101010107000000
08A4C07A0045000F481819AC00000000010001010101010101000000000000000000000000000000000000000000000000000000183400000000000000000000000000000000000017000000
088AC07C0013000F481821630000000001000002000000000000
0890C07B003D000F4818548A0000000000000000000000000000000000000000000000000000000000000000000000000000000000000000000000000100010001000100
08AAC07D0049000F48186E24000000000002000007000000000000000200000000000000060000000000000000000000000000000000000000000000803E0000803E0000FFFFFFFFFFFFFFFF00000C00
08ADC07C00AD000F4818CA05000000000000010001011F00000003000000000000000000000000000000000000000000102700007D0000007B000000EA0500007C0000007E000000FFFFFFFFFFFFFFFFFFFFFFFFFFFFFFFFFFFFFFFFFFFFFFFFFFFFFFFFFFFFFFFFFFFFFFFFFFFFFFFFFFFFFFFFFFFFFFFFFFFFFFFFFFFFFFFFFFFFFFFFFFFFFFFFFFFFFFFFFFFFFFFFFFFFFFFFFFFFFFFFFFFFFFFFFFFFFFFFFFFFFFFFFFFFFFFFFFFFFFFFFFFFFFFFFFFFFFFF
08B8C0770069000F4819148D000000000000010001000100000000000000000000000000000000009B050000000000002F63662F64735F66696C7465725F74626C2E74626C00000000000000000000000000000000000000000000000000000000000000000000000000000000000000
089BC07C0015000F48192E2400000000000000000000000003001400
08A7C07B00A5000F481947C00000000000000300FFFFFFFFFFFFFFFFFFFFFFFFFFFFFFFFFFFFFFFFFFFFFFFFFFFFFFFFFFFFFFFFFFFFFFFFFFFFFFFFFFFFFFFF333333333333333333333333333333333333333333333333333333333333333333333333333333333333333333333333333333333333333333333333333333333333333333333333333333333333333333333333333333330000000000000000000000000000000000000000
0887C07B005D000F4819615700000000000000000000000000000000000000000000000000000000000000000000000000000000000000000000000000000000000000000000000000000000000000000000000000000000000000000000000000000000
0897C07D003D000F481A171D0000000000000101EC4C000000000000ADBF00004B00EC0A5D000000020000002202000029000000DF0100003D0000000900630063000101
08A4C07B0045000F481C0A5000000000010001010101010101000000000000000000000000000000000000000000000000000000183400000000000000000000000000000000000017000000
088AC07D0013000F481C23F50000000001000002000000000000
08ADC07D00AD000F481C9D0D000000000000010001011F00000003000000000000000000000000000000000000000000102700007E0000007C000000F20500007D0000007F000000FFFFFFFFFFFFFFFFFFFFFFFFFFFFFFFFFFFFFFFFFFFFFFFFFFFFFFFFFFFFFFFFFFFFFFFFFFFFFFFFFFFFFFFFFFFFFFFFFFFFFFFFFFFFFFFFFFFFFFFFFFFFFFFFFFFFFFFFFFFFFFFFFFFFFFFFFFFFFFFFFFFFFFFFFFFFFFFFFFFFFFFFFFFFFFFFFFFFFFFFFFFFFFFFFFFFFFFF
0890C07C003D000F481C9D4A0000000000000000000000000000000000000000000000000000000000000000000000000000000000000000000000000100010001000100
08AAC07E0049000F481CA159000000000002000007000000000000000200000000000000060000000000000000000000000000000000000000000000803E0000803E0000FFFFFFFFFFFFFFFF00000C00
09BAC0850043000F481CA6AF0000000042000101010048E1E4419A8974443333944385EB124252B8F2C1333303C1CDCCE2410AD7233C0AD7A33CE17A943F000000000000000000000000
09CAC0730027000F481CA6E10000000000000200000048E12D420FB1D141B8AE0500F8F1030028390000410C0000
09AAC0730058000F481CA83800000000000000D9CE5740BE9F3A4058395440000080BF0E2D52409CC44040355E5A40DD24863F9A99993ECDCCCCBE9AB91044000080BF9A99993ECDCC4CBE00000040CDCCCCBD010101000101010107000000
09DAC0630099000F481CA97300000000000502000100012F7661722F70697361742F646174612F636170747572655F322E6A7067000000000000000000000000000000000000000000000000000000000000000000000000000000000000000000000000000000000000000000000000000000000000000000000000000000000000000000000000000000000000000000000000000000741402005A91676A00
08B8C0780069000F481D537C00000000000001000100010000000000000000000000000000000000A5050000000000002F63662F64735F66696C7465725F74626C2E74626C00000000000000000000000000000000000000000000000000000000000000000000000000000000000000
089BC07D0015000F481D578700000000000000000000000003001400
08A7C07C00A5000F481D5C410000000000000300FFFFFFFFFFFFFFFFFFFFFFFFFFFFFFFFFFFFFFFFFFFFFFFFFFFFFFFFFFFFFFFFFFFFFFFFFFFFFFFFFFFFFFFF333333333333333333333333333333333333333333333333333333333333333333333333333333333333333333333333333333333333333333333333333333333333333333333333333333333333333333333333333333330000000000000000000000000000000000000000
0887C07C005D000F481D63E700000000000000000000000000000000000000000000000000000000000000000000000000000000000000000000000000000000000000000000000000000000000000000000000000000000000000000000000000000000
0897C07E003D000F481DFD8000000000000001018D4D0000000000003DC100004B000B0B5E000000020000002602000029000000E20100003D0000006300630000000100
08A4C07C0045000F48200A4D00000000010001010101010101000000000000000000000000000000000000000000000000000000183400000000000000000000000000000000000017000000
088AC07E0013000F482023F30000000001000002000000000000
0890C07D003D000F482075D20000000000000000000000000000000000000000000000000000000000000000000000000000000000000000000000000100010001000100
08AAC07F0049000F48207AF2000000000002000007000000000000000200000000000000060000000000000000000000000000000000000000000000803E0000803E0000FFFFFFFFFFFFFFFF00000C00
08B8C0790069000F4821171F00000000000001000100010000000000000000000000000000000000AF050000000000002F63662F64735F66696C7465725F74626C2E74626C00000000000000000000000000000000000000000000000000000000000000000000000000000000000000
089BC07E0015000F482130B400000000000000000000000003001400
08A7C07D00A5000F48214A500000000000000300FFFFFFFFFFFFFFFFFFFFFFFFFFFFFFFFFFFFFFFFFFFFFFFFFFFFFFFFFFFFFFFFFFFFFFFFFFFFFFFFFFFFFFFF333333333333333333333333333333333333333333333333333333333333333333333333333333333333333333333333333333333333333333333333333333333333333333333333333333333333333333333333333333330000000000000000000000000000000000000000
0887C07D005D000F482163E800000000000000000000000000000000000000000000000000000000000000000000000000000000000000000000000000000000000000000000000000000000000000000000000000000000000000000000000000000000
08ADC07E00AD000F4821B3D2000000000000010001011F00000003000000000000000000000000000000000000000000102700007F0000007D000000010600007E00000080000000FFFFFFFFFFFFFFFFFFFFFFFFFFFFFFFFFFFFFFFFFFFFFFFFFFFFFFFFFFFFFFFFFFFFFFFFFFFFFFFFFFFFFFFFFFFFFFFFFFFFFFFFFFFFFFFFFFFFFFFFFFFFFFFFFFFFFFFFFFFFFFFFFFFFFFFFFFFFFFFFFFFFFFFFFFFFFFFFFFFFFFFFFFFFFFFFFFFFFFFFFFFFFFFFFFFFFFFF
09BAC0860043000F4821B8750000000043000000000048E1E4419A8974443333944385EB124252B8F2C1333303C1CDCCE2410AD7233C0AD7A33CE17A943F000000000000000000000000
09CAC0740027000F4821B8AF00000000000002000000310830429ADCE641B8AE050004F2030028390000410C0000
09AAC0740058000F4821BA1E00000000000000F4FD54404A0C424058395440000080BF986E5240D9CE5740FED45840DD24863FCDCCCCBD9A9999BE33330E44000080BF0000003F3333333F3333333F9A9999BE010101000101010107000000
09DAC0640099000F4821BB3700000000000502000100012F7661722F70697361742F646174612F636170747572655F322E6A7067000000000000000000000000000000000000000000000000000000000000000000000000000000000000000000000000000000000000000000000000000000000000000000000000000000000000000000000000000000000000000000000000000000741402005A91676A00
0897C07F003D000F4821FD7F00000000000001012E4E000000000000CDC200004B00200B5E000000020000002A02000029000000E60100003D0000006300630000000100
08A4C07D0045000F4824401100000000010001010101010101000000000000000000000000000000000000000000000000000000183400000000000000000000000000000000000018000000
088AC07F0013000F4824453B0000000001000002000000000000
0890C07E003D000F4824548A0000000000000000000000000000000000000000000000000000000000000000000000000000000000000000000000000100010001000100
08AAC0800049000F48246E25000000000002000007000000000000000200000000000000060000000000000000000000000000000000000000000000803E0000803E0000FFFFFFFFFFFFFFFF00000C00
08B8C07A0069000F4825148E00000000000001000100010000000000000000000000000000000000B9050000000000002F63662F64735F66696C7465725F74626C2E74626C00000000000000000000000000000000000000000000000000000000000000000000000000000000000000
089BC07F0015000F48252E2500000000000000000000000003001400
08ADC07F00AD000F48258567000000000000010001011F0000000300000000000000000000000000000000000000000010270000800000007E0000000C0600007F00000081000000FFFFFFFFFFFFFFFFFFFFFFFFFFFFFFFFFFFFFFFFFFFFFFFFFFFFFFFFFFFFFFFFFFFFFFFFFFFFFFFFFFFFFFFFFFFFFFFFFFFFFFFFFFFFFFFFFFFFFFFFFFFFFFFFFFFFFFFFFFFFFFFFFFFFFFFFFFFFFFFFFFFFFFFFFFFFFFFFFFFFFFFFFFFFFFFFFFFFFFFFFFFFFFFFFFFFFFFF
08A7C07E00A5000F482585A70000000000000300FFFFFFFFFFFFFFFFFFFFFFFFFFFFFFFFFFFFFFFFFFFFFFFFFFFFFFFFFFFFFFFFFFFFFFFFFFFFFFFFFFFFFFFF333333333333333333333333333333333333333333333333333333333333333333333333333333333333333333333333333333333333333333333333333333333333333333333333333333333333333333333333333333330000000000000000000000000000000000000000
0887C07E005D000F48258A5000000000000000000000000000000000000000000000000000000000000000000000000000000000000000000000000000000000000000000000000000000000000000000000000000000000000000000000000000000000
0897C080003D000F4825FAEF0000000000000101CB4E0000000000005DC400004B003C0B5F000000020000002E02000029000000EA0100003E0000006200630063000101
09BAC0870043000F4826CC6E00000000430001010100C3F5E441F6887444D74394430AD71242CDCCF4C19A990DC19A99CF410AD7233C8FC2F53CE17A943F000000000000000000000000
09CAC0750027000F4826CCA300000000000002000000310830426ECAE741B8AE050010F2030028390000410C0000
09AAC0750058000F4826CE160000000000000014AE4740F853434058395440000080BF85EB5140105859402B875640F0A7863FCDCCCCBD9A9999BE33331044000080BFCDCCCC3D000040400000000000000000010101000101010107000000
09DAC0650099000F4826CF3000000000000502000100012F7661722F70697361742F646174612F636170747572655F322E6A7067000000000000000000000000000000000000000000000000000000000000000000000000000000000000000000000000000000000000000000000000000000000000000000000000000000000000000000000000000000000000000000000000000000741402005A91676A00
088AC0800013000F482825140000000001000002000000000000
0890C07F003D000F482859990000000000000000000000000000000000000000000000000000000000000000000000000000000000000000000000000100010001000100
08AAC0810049000F48287334000000000002000007000000000000000200000000000000060000000000000000000000000000000000000000000000803E0000803E0000FFFFFFFFFFFFFFFF00000C00
08B8C07B0069000F4829199C00000000000001000100010000000000000000000000000000000000C5050000000000002F63662F64735F66696C7465725F74626C2E74626C00000000000000000000000000000000000000000000000000000000000000000000000000000000000000
08ADC08000AD000F48296A90000000000000010001011F0000000300000000000000000000000000000000000000000010270000810000007F000000170600008000000082000000FFFFFFFFFFFFFFFFFFFFFFFFFFFFFFFFFFFFFFFFFFFFFFFFFFFFFFFFFFFFFFFFFFFFFFFFFFFFFFFFFFFFFFFFFFFFFFFFFFFFFFFFFFFFFFFFFFFFFFFFFFFFFFFFFFFFFFFFFFFFFFFFFFFFFFFFFFFFFFFFFFFFFFFFFFFFFFFFFFFFFFFFFFFFFFFFFFFFFFFFFFFFFFFFFFFFFFFF
089BC0800015000F48296B8700000000000000000000000003001400
08A7C07F00A5000F482970A60000000000000300FFFFFFFFFFFFFFFFFFFFFFFFFFFFFFFFFFFFFFFFFFFFFFFFFFFFFFFFFFFFFFFFFFFFFFFFFFFFFFFFFFFFFFFF333333333333333333333333333333333333333333333333333333333333333333333333333333333333333333333333333333333333333333333333333333333333333333333333333333333333333333333333333333330000000000000000000000000000000000000000
0887C07F005D000F482975C300000000000000000000000000000000000000000000000000000000000000000000000000000000000000000000000000000000000000000000000000000000000000000000000000000000000000000000000000000000
0897C081003D000F4829002100000000000001015A4F000000000000B6C500004C004B0B62000000020000003202000029000000EF0100003E0000000000630063000100
08A4C07E0045000F482A0CCE00000000010001010101010101000000000000000000000000000000000000000000000000000000183400000000000000000000000000000000000018000000
088AC0810013000F482A26740000000001000002000000000000
0890C080003D000F482A599A0000000000000000000000000000000000000000000000000000000000000000000000000000000000000000000000000100010001000100
08AAC0820049000F482A7335000000000002000007000000000000000200000000000000060000000000000000000000000000000000000000000000803E0000803E0000FFFFFFFFFFFFFFFF00000C00
08ADC08100AD000F482AF5F0000000000000010001011F00000003000000000000000000000000000000000000000000102700008200000080000000200600008100000083000000FFFFFFFFFFFFFFFFFFFFFFFFFFFFFFFFFFFFFFFFFFFFFFFFFFFFFFFFFFFFFFFFFFFFFFFFFFFFFFFFFFFFFFFFFFFFFFFFFFFFFFFFFFFFFFFFFFFFFFFFFFFFFFFFFFFFFFFFFFFFFFFFFFFFFFFFFFFFFFFFFFFFFFFFFFFFFFFFFFFFFFFFFFFFFFFFFFFFFFFFFFFFFFFFFFFFFFFF
08B8C07C0069000F482B148E00000000000001000100010000000000000000000000000000000000CF050000000000002F63662F64735F66696C7465725F74626C2E74626C00000000000000000000000000000000000000000000000000000000000000000000000000000000000000
089BC0810015000F482B2E2600000000000000000000000003001400
08A7C08000A5000F482B47C10000000000000300FFFFFFFFFFFFFFFFFFFFFFFFFFFFFFFFFFFFFFFFFFFFFFFFFFFFFFFFFFFFFFFFFFFFFFFFFFFFFFFFFFFFFFFF333333333333333333333333333333333333333333333333333333333333333333333333333333333333333333333333333333333333333333333333333333333333333333333333333333333333333333333333333333330000000000000000000000000000000000000000
0887C080005D000F482B615900000000000000000000000000000000000000000000000000000000000000000000000000000000000000000000000000000000000000000000000000000000000000000000000000000000000000000000000000000000
0897C082003D000F482C742F0000000000000101D34F000000000000DDC600004E005A0B62000000020000003702000029000000F2010000400000002D005C0063000101
08A4C07F0045000F482E0A5000000000010001010101010101000000000000000000000000000000000000000000000000000000183400000000000000000000000000000000000018000000
088AC0820013000F482E23F50000000001000002000000000000
0890C081003D000F482E571B0000000000000000000000000000000000000000000000000000000000000000000000000000000000000000000000000100010001000100
08AAC0830049000F482E70B6000000000002000007000000000000000200000000000000060000000000000000000000000000000000000000000000803E0000803E0000FFFFFFFFFFFFFFFF00000C00
09BAC0880043000F482E8CEF00000000440000000000C3F5E441F6887444D74394430AD71242CDCCF4C19A990DC19A99CF410AD7233C8FC2F53CE17A943F000000000000000000000000
09CAC0760027000F482E8D27000000000000020000005EBA2B423050D741B8AE050028F2030028390000410C0000
09AAC0760058000F482E8E9B0000000000000073685140EC515840E17A5440000080BF986E524019045640BE9F3A40DD24863F9A9999BE3333F33FCD8C0F44000080BF9A99993E0000003FCDCC4CBECDCC4CBE010101000101010107000000
09DAC0660099000F482E8F9F00000000000502000100012F7661722F70697361742F646174612F636170747572655F322E6A7067000000000000000000000000000000000000000000000000000000000000000000000000000000000000000000000000000000000000000000000000000000000000000000000000000000000000000000000000000000000000000000000000000000741402005A91676A00
08ADC08200AD000F482EFF6A000000000000010001011F000000030000000000000000000000000000000000000000001027000082000000800000002A0600008100000083000000FFFFFFFFFFFFFFFFFFFFFFFFFFFFFFFFFFFFFFFFFFFFFFFFFFFFFFFFFFFFFFFFFFFFFFFFFFFFFFFFFFFFFFFFFFFFFFFFFFFFFFFFFFFFFFFFFFFFFFFFFFFFFFFFFFFFFFFFFFFFFFFFFFFFFFFFFFFFFFFFFFFFFFFFFFFFFFFFFFFFFFFFFFFFFFFFFFFFFFFFFFFFFFFFFFFFFFFF
08B8C07D0069000F482F199900000000000001000100010000000000000000000000000000000000D5050000000000002F63662F64735F66696C7465725F74626C2E74626C00000000000000000000000000000000000000000000000000000000000000000000000000000000000000
089BC0820015000F482F333000000000000000000000000003001400
08A7C08100A5000F482F4CCD0000000000000300FFFFFFFFFFFFFFFFFFFFFFFFFFFFFFFFFFFFFFFFFFFFFFFFFFFFFFFFFFFFFFFFFFFFFFFFFFFFFFFFFFFFFFFF333333333333333333333333333333333333333333333333333333333333333333333333333333333333333333333333333333333333333333333333333333333333333333333333333333333333333333333333333333330000000000000000000000000000000000000000
0887C081005D000F482F666400000000000000000000000000000000000000000000000000000000000000000000000000000000000000000000000000000000000000000000000000000000000000000000000000000000000000000000000000000000
0897C083003D000F4830454E00000000000001015C500000000000003EC800004E00690B63000000020000003A02000029000000F6010000410000001B00630000000101
08A4C0800045000F483107C100000000010001010101010101000000000000000000000000000000000000000000000000000000183400000000000000000000000000000000000018000000
088AC0830013000F483121660000000001000002000000000000
0890C082003D000F4831548D0000000000000000000000000000000000000000000000000000000000000000000000000000000000000000000000000100010001000100
08AAC0840049000F48316E27000000000002000007000000000000000200000000000000060000000000000000000000000000000000000000000000803E0000803E0000FFFFFFFFFFFFFFFF00000C00
08ADC08300AD000F4832054F000000000000010001011F00000003000000000000000000000000000000000000000000102700008300000081000000390600008200000084000000FFFFFFFFFFFFFFFFFFFFFFFFFFFFFFFFFFFFFFFFFFFFFFFFFFFFFFFFFFFFFFFFFFFFFFFFFFFFFFFFFFFFFFFFFFFFFFFFFFFFFFFFFFFFFFFFFFFFFFFFFFFFFFFFFFFFFFFFFFFFFFFFFFFFFFFFFFFFFFFFFFFFFFFFFFFFFFFFFFFFFFFFFFFFFFFFFFFFFFFFFFFFFFFFFFFFFFFF
08B8C07E0069000F4832199C00000000000001000100010000000000000000000000000000000000E1050000000000002F63662F64735F66696C7465725F74626C2E74626C00000000000000000000000000000000000000000000000000000000000000000000000000000000000000
089BC0830015000F4832333300000000000000000000000003001400
08A7C08200A5000F48324CD00000000000000300FFFFFFFFFFFFFFFFFFFFFFFFFFFFFFFFFFFFFFFFFFFFFFFFFFFFFFFFFFFFFFFFFFFFFFFFFFFFFFFFFFFFFFFF333333333333333333333333333333333333333333333333333333333333333333333333333333333333333333333333333333333333333333333333333333333333333333333333333333333333333333333333333333330000000000000000000000000000000000000000
0887C082005D000F4832666800000000000000000000000000000000000000000000000000000000000000000000000000000000000000000000000000000000000000000000000000000000000000000000000000000000000000000000000000000000
09BAC0890043000F48328F8D000000004400010101003D0AE5419A897444333394438FC212420000F4C1B81EBDC014AECD410AD7233C0AD7233CE17A943F000000000000000000000000
09CAC0770027000F48328FC20000000000000200000048E12D426593ED41B8AE050034F2030028390000410C0000
09AAC0770058000F4832912100000000000000759358402B87564058395440000080BFFCA9514060E5304077BE3F40CBA1853F6766E63FCDCCCC3E9AB90C44000080BFCDCCCC3DCDCCCCBD9A9919BF9A9999BE010101000101010107000000
09DAC0670099000F4832923D00000000000502000100012F7661722F70697361742F646174612F636170747572655F322E6A7067000000000000000000000000000000000000000000000000000000000000000000000000000000000000000000000000000000000000000000000000000000000000000000000000000000000000000000000000000000000000000000000000000000741402005A91676A00
0897C084003D000F483343AD0000000000000101E95000000000000096C900004F00780B64000000020000003E02000029000000FA010000420000001A00630000000101
08A4C0810045000F483407C000000000010001010101010101000000000000000000000000000000010000000000000000000000183400000000000000000000000000000000000018000000
09BAC08A0043000F4834090D000000004500000000003D0AE5419A897444333394438FC212420000F4C1B81EBDC014AECD410AD7233C0AD7233CE17A943F000000000000000000000000
09BAC08B0043000F4834093E00000000450001010100B81EE5419A897444C3359443D7A31242295C00C214AE0BC13333D7410AD7A33C0AD7A33C85EB913F000000000000000000000000
09CAC0780027000F4834096F0000000000000200000048E12D42F887C041B8AE05003CF2030028390000410C0000
09AAC0780058000F48340ACD000000000000009A9959408FC25540B4C85640000080BF3BDF4F4060E5304087163940B81E853F000020400000000033D30B44000080BFCDCCCC3DCDCC4CBECDCCCCBECDCCCCBD010101000101010107000000
088AC0840013000F483421650000000001000002000000000000
0890C083003D000F4834548B0000000000000000000000000000000000000000000000000000000000000000000000000000000000000000000000000100010001000100
08AAC0850049000F48346E27000000000002000007000000000000000200000000000000060000000000000000000000000000000000000000000000803E0000803E0000FFFFFFFFFFFFFFFF00000C00
08ADC08400AD000F4834CEE3000000000000010001011F00000003000000000000000000000000000000000000000000102700008400000082000000400600008300000085000000FFFFFFFFFFFFFFFFFFFFFFFFFFFFFFFFFFFFFFFFFFFFFFFFFFFFFFFFFFFFFFFFFFFFFFFFFFFFFFFFFFFFFFFFFFFFFFFFFFFFFFFFFFFFFFFFFFFFFFFFFFFFFFFFFFFFFFFFFFFFFFFFFFFFFFFFFFFFFFFFFFFFFFFFFFFFFFFFFFFFFFFFFFFFFFFFFFFFFFFFFFFFFFFFFFFFFFFF
08B8C07F0069000F4835290A00000000000001000100010000000000000000000000000000000000EC050000000000002F63662F64735F66696C7465725F74626C2E74626C00000000000000000000000000000000000000000000000000000000000000000000000000000000000000
089BC0840015000F48352E5900000000000000000000000003001400
08A7C08300A5000F483547C20000000000000300FFFFFFFFFFFFFFFFFFFFFFFFFFFFFFFFFFFFFFFFFFFFFFFFFFFFFFFFFFFFFFFFFFFFFFFFFFFFFFFFFFFFFFFF333333333333333333333333333333333333333333333333333333333333333333333333333333333333333333333333333333333333333333333333333333333333333333333333333333333333333333333333333333330000000000000000000000000000000000000000
0887C083005D000F4835615800000000000000000000000000000000000000000000000000000000000000000000000000000000000000000000000000000000000000000000000000000000000000000000000000000000000000000000000000000000
0897C085003D000F483614610000000000000101865100000000000026CB00004F00960B64000000020000004202000029000000FE010000420000001000630008000101
09BAC08C0043000F4836A3D000000000460000000000B81EE5419A897444C3359443D7A31242295C00C214AE0BC13333D7410AD7A33C0AD7A33C85EB913F000000000000000000000000
09CAC0790027000F4836A41D0000000000000200000048E12D42B3CF0142B8AE05003CF2030028390000410C0000
09AAC0790058000F4836A5710000000000000010585940E17A544058395440000080BFFCA95140BE9F3A40F4FD5440DD24863F3333F33F9A9999BE67460E44000080BFCDCCCC3D9A9999BE00000000CDCCCCBD010101000101010107000000
09DAC0680099000F4836A69600000000000502000100012F7661722F70697361742F646174612F636170747572655F322E6A7067000000000000000000000000000000000000000000000000000000000000000000000000000000000000000000000000000000000000000000000000000000000000000000000000000000000000000000000000000000000000000000000000000000741402005A91676A00
08A4C0820045000F48370A4E00000000010001010101010101000000000000000000000000000000000000000000000000000000183400000000000000000000000000000000000019000000
088AC0850013000F48370F7E0000000001000002000000000000
0890C084003D000F483740100000000000000000000000000000000000000000000000000000000000000000000000000000000000000000000000000100010001000100
08AAC0860049000F483759AA000000000002000007000000000000000200000000000000060000000000000000000000000000000000000000000000803E0000803E0000FFFFFFFFFFFFFFFF00000C00
08ADC08500AD000F4837A2A6000000000000010001011F000000030000000000000000000000000000000000000000001027000085000000830000004B0600008400000086000000FFFFFFFFFFFFFFFFFFFFFFFFFFFFFFFFFFFFFFFFFFFFFFFFFFFFFFFFFFFFFFFFFFFFFFFFFFFFFFFFFFFFFFFFFFFFFFFFFFFFFFFFFFFFFFFFFFFFFFFFFFFFFFFFFFFFFFFFFFFFFFFFFFFFFFFFFFFFFFFFFFFFFFFFFFFFFFFFFFFFFFFFFFFFFFFFFFFFFFFFFFFFFFFFFFFFFFFF
09BAC08D0043000F48398D1200000000460001010100B81EE541F6887444293C94435C8F1242713DF6C13333CBC048E1E0410AD7233D0AD7233C3333933F000000000000000000000000
09CAC07A0027000F48398D4C00000000000002000000310830420881F441B8AE050054F2030028390000410C0000
09AAC07A0058000F48398EA7000000000000001904564068912D4058395440000080BFE9265140A245364023DB5940DD24863F3333333FCDCCCCBE9AB91144000080BF00000000000000009A99993FCDCC4CBE010101000101010107000000
09DAC0690099000F48398FD300000000000502000100012F7661722F70697361742F646174612F636170747572655F322E6A7067000000000000000000000000000000000000000000000000000000000000000000000000000000000000000000000000000000000000000000000000000000000000000000000000000000000000000000000000000000000000000000000000000000741402005A91676A00
08A4C0830045000F483A30B500000000010001010101010101000000000000000000000000000000000000000000000000000000183400000000000000000000000000000000000019000000
088AC0860013000F483A35E50000000001000002000000000000
0890C085003D000F483A571A0000000000000000000000000000000000000000000000000000000000000000000000000000000000000000000000000100010001000100
08AAC0870049000F483A70B5000000000002000007000000000000000200000000000000060000000000000000000000000000000000000000000000803E0000803E0000FFFFFFFFFFFFFFFF00000C00
08B8C0800069000F483B171D00000000000001000100010000000000000000000000000000000000FD050000000000002F63662F64735F66696C7465725F74626C2E74626C00000000000000000000000000000000000000000000000000000000000000000000000000000000000000
08ADC08600AD000F483B7396000000000000010001011F00000003000000000000000000000000000000000000000000102700008600000084000000560600008500000087000000FFFFFFFFFFFFFFFFFFFFFFFFFFFFFFFFFFFFFFFFFFFFFFFFFFFFFFFFFFFFFFFFFFFFFFFFFFFFFFFFFFFFFFFFFFFFFFFFFFFFFFFFFFFFFFFFFFFFFFFFFFFFFFFFFFFFFFFFFFFFFFFFFFFFFFFFFFFFFFFFFFFFFFFFFFFFFFFFFFFFFFFFFFFFFFFFFFFFFFFFFFFFFFFFFFFFFFFF
089BC0850015000F483B73D700000000000000000000000003001400
08A7C08400A5000F483B78660000000000000300FFFFFFFFFFFFFFFFFFFFFFFFFFFFFFFFFFFFFFFFFFFFFFFFFFFFFFFFFFFFFFFFFFFFFFFFFFFFFFFFFFFFFFFF333333333333333333333333333333333333333333333333333333333333333333333333333333333333333333333333333333333333333333333333333333333333333333333333333333333333333333333333333333330000000000000000000000000000000000000000
0887C084005D000F483B7D8100000000000000000000000000000000000000000000000000000000000000000000000000000000000000000000000000000000000000000000000000000000000000000000000000000000000000000000000000000000
0897C086003D000F483BFD7F0000000000000101A052000000000000EBCD00005000C70B64000000020000004A0200002900000004020000440000006300630000000100
08A4C0840045000F483E0D1900000000010001010101010101000000000000000000000000000000000000000000000000000000183400000000000000000000000000000000000019000000
088AC0870013000F483E24310000000001000002000000000000
0890C086003D000F483E57560000000000000000000000000000000000000000000000000000000000000000000000000000000000000000000000000100010001000100
08AAC0880049000F483EA42B000000000002000007000000000000000200000000000000060000000000000000000000000000000000000000000000803E0000803E0000FFFFFFFFFFFFFFFF00000C00
09BAC08E0043000F483EA95700000000470000000000B81EE541F6887444293C94435C8F1242713DF6C13333CBC048E1E0410AD7233D0AD7233C3333933F000000000000000000000000
09CAC07B0027000F483EA98F00000000000002000000310830429E06E541B8AE050054F2030028390000410C0000
09AAC07B0058000F483EAAFB000000000000006ABC5440E17A3440CFF75340000080BF60E55040AAF15240FED45840CBA1853FCDCCCC3DCDCCCCBE9A590E44000080BFCDCCCC3DCDCC4CBE3333B33FCDCCCCBE010101000101010107000000
09DAC06A0099000F483EAC2600000000000502000100012F7661722F70697361742F646174612F636170747572655F322E6A7067000000000000000000000000000000000000000000000000000000000000000000000000000000000000000000000000000000000000000000000000000000000000000000000000000000000000000000000000000000000000000000000000000000741402005A91676A00
08ADC08700AD000F483F4802000000000000010001011F00000003000000000000000000000000000000000000000000102700008700000085000000670600008600000088000000FFFFFFFFFFFFFFFFFFFFFFFFFFFFFFFFFFFFFFFFFFFFFFFFFFFFFFFFFFFFFFFFFFFFFFFFFFFFFFFFFFFFFFFFFFFFFFFFFFFFFFFFFFFFFFFFFFFFFFFFFFFFFFFFFFFFFFFFFFFFFFFFFFFFFFFFFFFFFFFFFFFFFFFFFFFFFFFFFFFFFFFFFFFFFFFFFFFFFFFFFFFFFFFFFFFFFFFF
08B8C0810069000F483F4A570000000000000100010001000000000000000000000000000000000008060000000000002F63662F64735F66696C7465725F74626C2E74626C00000000000000000000000000000000000000000000000000000000000000000000000000000000000000
089BC0860015000F483F4F6D00000000000000000000000003001400
08A7C08500A5000F483F548F0000000000000300FFFFFFFFFFFFFFFFFFFFFFFFFFFFFFFFFFFFFFFFFFFFFFFFFFFFFFFFFFFFFFFFFFFFFFFFFFFFFFFFFFFFFFFF333333333333333333333333333333333333333333333333333333333333333333333333333333333333333333333333333333333333333333333333333333333333333333333333333333333333333333333333333333330000000000000000000000000000000000000000
0887C085005D000F483F615800000000000000000000000000000000000000000000000000000000000000000000000000000000000000000000000000000000000000000000000000000000000000000000000000000000000000000000000000000000
0897C087003D000F483FFAF0000000000000010141530000000000007BCF00005000E40B65000000020000004E0200002900000008020000450000006200630063000100
08A4C0850045000F48420A4E00000000010001010101010101000000000000000000000000000000000000000000000000000000183400000000000000000000000000000000000019000000
088AC0880013000F484223F50000000001000002000000000000
0890C087003D000F4842571B0000000000000000000000000000000000000000000000000000000000000000000000000000000000000000000000000100010001000100
08AAC0890049000F484270B5000000000002000007000000000000000200000000000000060000000000000000000000000000000000000000000000803E0000803E0000FFFFFFFFFFFFFFFF00000C00
08ADC08800AD000F48431911000000000000010001011F00000003000000000000000000000000000000000000000000102700008800000086000000740600008700000089000000FFFFFFFFFFFFFFFFFFFFFFFFFFFFFFFFFFFFFFFFFFFFFFFFFFFFFFFFFFFFFFFFFFFFFFFFFFFFFFFFFFFFFFFFFFFFFFFFFFFFFFFFFFFFFFFFFFFFFFFFFFFFFFFFFFFFFFFFFFFFFFFFFFFFFFFFFFFFFFFFFFFFFFFFFFFFFFFFFFFFFFFFFFFFFFFFFFFFFFFFFFFFFFFFFFFFFFFF
08B8C0820069000F484323EB0000000000000100010001000000000000000000000000000000000011060000000000002F63662F64735F66696C7465725F74626C2E74626C00000000000000000000000000000000000000000000000000000000000000000000000000000000000000
089BC0870015000F484330B400000000000000000000000003001400
08A7C08600A5000F48434A510000000000000300FFFFFFFFFFFFFFFFFFFFFFFFFFFFFFFFFFFFFFFFFFFFFFFFFFFFFFFFFFFFFFFFFFFFFFFFFFFFFFFFFFFFFFFF333333333333333333333333333333333333333333333333333333333333333333333333333333333333333333333333333333333333333333333333333333333333333333333333333333333333333333333333333333330000000000000000000000000000000000000000
0887C086005D000F484363E700000000000000000000000000000000000000000000000000000000000000000000000000000000000000000000000000000000000000000000000000000000000000000000000000000000000000000000000000000000
09BAC08F0043000F48438D1100000000470001010100B81EE5419A8974447B3494435C8F1242F628F4C16666C6C0A470D9410AD7233C000000803333933F000000000000000000000000
09CAC07C0027000F48438D4300000000000002000000310830420000C341B8AE05005CF2030028390000410C0000
09AAC07C0058000F48438EA500000000000000FCA93140AAF1324058395440000080BFE92651401058594006815540DD24863FCDCC4CBECDCCCCBE67A60E44000080BF000000009A991940CDCCCCBD00000000010101000101010107000000
09DAC06B0099000F48438FB600000000000502000100012F7661722F70697361742F646174612F636170747572655F322E6A7067000000000000000000000000000000000000000000000000000000000000000000000000000000000000000000000000000000000000000000000000000000000000000000000000000000000000000000000000000000000000000000000000000000741402005A91676A00
0897C088003D000F4843FD7F0000000000000101E2530000000000000BD100005000000C660000000200000052020000290000000C020000460000006300630000000100
08A4C0860045000F484607BF00000000010001010101010101000000000000000000000000000000000000000000000000000000183400000000000000000000000000000000000019000000
088AC0890013000F484621660000000001000002000000000000
0890C088003D000F4846548B0000000000000000000000000000000000000000000000000000000000000000000000000000000000000000000000000100010001000100
08AAC08A0049000F48466E25000000000002000007000000000000000200000000000000060000000000000000000000000000000000000000000000803E0000803E0000FFFFFFFFFFFFFFFF00000C00
08ADC08900AD000F4846EDAC000000000000010001011F000000030000000000000000000000000000000000000000001027000089000000870000007F060000880000008A000000FFFFFFFFFFFFFFFFFFFFFFFFFFFFFFFFFFFFFFFFFFFFFFFFFFFFFFFFFFFFFFFFFFFFFFFFFFFFFFFFFFFFFFFFFFFFFFFFFFFFFFFFFFFFFFFFFFFFFFFFFFFFFFFFFFFFFFFFFFFFFFFFFFFFFFFFFFFFFFFFFFFFFFFFFFFFFFFFFFFFFFFFFFFFFFFFFFFFFFFFFFFFFFFFFFFFFFFF
08B8C0830069000F4847171D000000000000010001000100000000000000000000000000000000001A060000000000002F63662F64735F66696C7465725F74626C2E74626C00000000000000000000000000000000000000000000000000000000000000000000000000000000000000
089BC0880015000F484730B400000000000000000000000003001400
08A7C08700A5000F48474A500000000000000300FFFFFFFFFFFFFFFFFFFFFFFFFFFFFFFFFFFFFFFFFFFFFFFFFFFFFFFFFFFFFFFFFFFFFFFFFFFFFFFFFFFFFFFF333333333333333333333333333333333333333333333333333333333333333333333333333333333333333333333333333333333333333333333333333333333333333333333333333333333333333333333333333333330000000000000000000000000000000000000000
0887C087005D000F484763E800000000000000000000000000000000000000000000000000000000000000000000000000000000000000000000000000000000000000000000000000000000000000000000000000000000000000000000000000000000
0897C089003D000F484835D200000000000001017F540000000000009BD200005000180C6800000002000000560200002900000011020000470000001500630000000101
09BAC0900043000F48488CEF00000000480000000000B81EE5419A8974447B3494435C8F1242F628F4C16666C6C0A470D9410AD7233C000000803333933F000000000000000000000000
09CAC07D0027000F48488D290000000000000200000048E12D42EF6FEC41B8AE05006CF2030028390000410C0000
09AAC07D0058000F48488E8F000000000000009CC4404019045640E17A5440000080BFD7A35040759358400C024B40DD24863F0000000000000000CDAC0F44000080BFCDCCCCBD0000C03FCDCC4CBFCDCC4CBE010101000101010107000000
09DAC06C0099000F48488FB200000000000502000100012F7661722F70697361742F646174612F636170747572655F322E6A7067000000000000000000000000000000000000000000000000000000000000000000000000000000000000000000000000000000000000000000000000000000000000000000000000000000000000000000000000000000000000000000000000000000741402005A91676A00
08A4C0870045000F484952D80000000001000101010101010100000000000000000000000000000000000000000000000000000018340000000000000000000000000000000000001A000000
088AC08A0013000F484958040000000001000002000000000000
0890C089003D000F4849860B0000000000000000000000000000000000000000000000000000000000000000000000000000000000000000000000000100010001000100
08AAC08B0049000F48499FA5000000000002000007000000000000000200000000000000060000000000000000000000000000000000000000000000803E0000803E0000FFFFFFFFFFFFFFFF00000C00
08B8C0840069000F484A460E0000000000000100010001000000000000000000000000000000000026060000000000002F63662F64735F66696C7465725F74626C2E74626C00000000000000000000000000000000000000000000000000000000000000000000000000000000000000
08ADC08A00AD000F484A90E5000000000000010001011F00000003000000000000000000000000000000000000000000102700008A000000880000008A060000890000008B000000FFFFFFFFFFFFFFFFFFFFFFFFFFFFFFFFFFFFFFFFFFFFFFFFFFFFFFFFFFFFFFFFFFFFFFFFFFFFFFFFFFFFFFFFFFFFFFFFFFFFFFFFFFFFFFFFFFFFFFFFFFFFFFFFFFFFFFFFFFFFFFFFFFFFFFFFFFFFFFFFFFFFFFFFFFFFFFFFFFFFFFFFFFFFFFFFFFFFFFFFFFFFFFFFFFFFFFFF
089BC0890015000F484A930800000000000000000000000003001400
08A7C08800A5000F484A97FF0000000000000300FFFFFFFFFFFFFFFFFFFFFFFFFFFFFFFFFFFFFFFFFFFFFFFFFFFFFFFFFFFFFFFFFFFFFFFFFFFFFFFFFFFFFFFF333333333333333333333333333333333333333333333333333333333333333333333333333333333333333333333333333333333333333333333333333333333333333333333333333333333333333333333333333333330000000000000000000000000000000000000000
0887C088005D000F484A9D1800000000000000000000000000000000000000000000000000000000000000000000000000000000000000000000000000000000000000000000000000000000000000000000000000000000000000000000000000000000
0897C08A003D000F484A00130000000000000101F554000000000000ADD3000052002B0C69000000020000005B02000029000000140200004800000000003F0051000101
09BAC0910043000F484B5C6F000000004800010101003333E541AE877444A45094431F8512423D0AF5C1C3F5D0C0295CDF410AD7A33C0000008085EB913F000000000000000000000000
09CAC07E0027000F484B5CA50000000000000200000031083042A9EFF841B8AE05006CF2030028390000410C0000
09AAC07E0058000F484B5DFF00000000000000EE7C3F406210584058395440000080BF4E625040A245564062101840DD24863FCDCC4CBE9A99D93F9A990D44000080BFCDCCCCBDCDCCCCBD9A9999BE9A9999BE010101000101010107000000
09DAC06D0099000F484B5F3400000000000502000100012F7661722F70697361742F646174612F636170747572655F322E6A7067000000000000000000000000000000000000000000000000000000000000000000000000000000000000000000000000000000000000000000000000000000000000000000000000000000000000000000000000000000000000000000000000000000741402005A91676A00
08A4C0880045000F484BD9AA0000000001000101010101010100000000000000000000000000000000000000000000000000000018340000000000000000000000000000000000001A000000
088AC08B0013000F484BF3500000000001000002000000000000
0890C08A003D000F484C4F6D0000000000000000000000000000000000000000000000000000000000000000000000000000000000000000000000000100010001000100
08AAC08C0049000F484C548C000000000002000007000000000000000200000000000000060000000000000000000000000000000000000000000000803E0000803E0000FFFFFFFFFFFFFFFF00000C00
08B8C0850069000F484CE67A000000000000010001000100000000000000000000000000000000002D060000000000002F63662F64735F66696C7465725F74626C2E74626C00000000000000000000000000000000000000000000000000000000000000000000000000000000000000
08ADC08B00AD000F484DBB72000000000000010001011F00000003000000000000000000000000000000000000000000102700008B00000089000000950600008A0000008C000000FFFFFFFFFFFFFFFFFFFFFFFFFFFFFFFFFFFFFFFFFFFFFFFFFFFFFFFFFFFFFFFFFFFFFFFFFFFFFFFFFFFFFFFFFFFFFFFFFFFFFFFFFFFFFFFFFFFFFFFFFFFFFFFFFFFFFFFFFFFFFFFFFFFFFFFFFFFFFFFFFFFFFFFFFFFFFFFFFFFFFFFFFFFFFFFFFFFFFFFFFFFFFFFFFFFFFFFF
08A4C0890045000F484F0E1D0000000001000101010101010100000000000000000000000000000000000000000000000000000018340000000000000000000000000000000000001A000000
088AC08C0013000F484F25330000000001000002000000000000
0890C08B003D000F484F585A0000000000000000000000000000000000000000000000000000000000000000000000000000000000000000000000000100010001000100
08AAC08D0049000F484F71F5000000000002000007000000000000000200000000000000060000000000000000000000000000000000000000000000803E0000803E0000FFFFFFFFFFFFFFFF00000C00
09BAC0920043000F484F8E2D000000004900000000003333E541AE877444A45094431F8512423D0AF5C1C3F5D0C0295CDF410AD7A33C0000008085EB913F000000000000000000000000
09CAC07F0027000F484F8E650000000000000200000031083042F65BDD41B8AE050080F2030028390000410C0000
09AAC07F0058000F484F8FE00000000000000006815540D9CE5740CFF75340000080BFC520504033335340B0722840B81E853F9A99193F0000803F00600C44000080BF00000000CDCC4CBE9A9919BF9A9999BE010101000101010107000000
09DAC06E0099000F484F90D800000000000502000100012F7661722F70697361742F646174612F636170747572655F322E6A7067000000000000000000000000000000000000000000000000000000000000000000000000000000000000000000000000000000000000000000000000000000000000000000000000000000000000000000000000000000000000000000000000000000741402005A91676A00
08ADC08C00AD000F48504716000000000000010001011F00000003000000000000000000000000000000000000000000102700008B00000089000000A10600008A0000008C000000FFFFFFFFFFFFFFFFFFFFFFFFFFFFFFFFFFFFFFFFFFFFFFFFFFFFFFFFFFFFFFFFFFFFFFFFFFFFFFFFFFFFFFFFFFFFFFFFFFFFFFFFFFFFFFFFFFFFFFFFFFFFFFFFFFFFFFFFFFFFFFFFFFFFFFFFFFFFFFFFFFFFFFFFFFFFFFFFFFFFFFFFFFFFFFFFFFFFFFFFFFFFFFFFFFFFFFFF
08B8C0860069000F485047C50000000000000100010001000000000000000000000000000000000033060000000000002F63662F64735F66696C7465725F74626C2E74626C00000000000000000000000000000000000000000000000000000000000000000000000000000000000000
089BC08A0015000F48504CDE00000000000000000000000003001400
08A7C08900A5000F485051FF0000000000000300FFFFFFFFFFFFFFFFFFFFFFFFFFFFFFFFFFFFFFFFFFFFFFFFFFFFFFFFFFFFFFFFFFFFFFFFFFFFFFFFFFFFFFFF333333333333333333333333333333333333333333333333333333333333333333333333333333333333333333333333333333333333333333333333333333333333333333333333333333333333333333333333333333330000000000000000000000000000000000000000
0887C089005D000F4850615900000000000000000000000000000000000000000000000000000000000000000000000000000000000000000000000000000000000000000000000000000000000000000000000000000000000000000000000000000000
09BAC0930043000F4850C710000000004900010101003333E541F6887444B83E9443E17A124214AEF7C1713DE2C01F85D941000000000AD7A3BC3333933F000000000000000000000000
09CAC0800027000F4850C7440000000000000200000031083042642BD241B8AE050084F2030028390000410C0000
09AAC0800058000F4850C8C20000000000000019045640D9CE5740A2455640000080BF21B052407B144E40D5782940B81E853F3333333F3333333FCD8CC643000080BFCDCCCCBECDCCCCBDCDCCCCBE9A9999BE010101000101010107000000
0897C08B003D000F4850FAF00000000000000101F65500000000000032D600005400480C6A0000000200000062020000290000001A020000490000006200630063000100
09BAC0940043000F485146B9000000004A00000000003333E541F6887444B83E9443E17A124214AEF7C1713DE2C01F85D941000000000AD7A3BC3333933F000000000000000000000000
088AC08D0013000F485323F40000000001000002000000000000
0890C08C003D000F4853571A0000000000000000000000000000000000000000000000000000000000000000000000000000000000000000000000000100010001000100
08AAC08E0049000F485370B5000000000002000007000000000000000200000000000000060000000000000000000000000000000000000000000000803E0000803E0000FFFFFFFFFFFFFFFF00000C00
08B8C0870069000F48544532000000000000010001000100000000000000000000000000000000003D060000000000002F63662F64735F66696C7465725F74626C2E74626C00000000000000000000000000000000000000000000000000000000000000000000000000000000000000
089BC08B0015000F48544A4F00000000000000000000000003001400
08ADC08D00AD000F48544B5E000000000000010001011F00000003000000000000000000000000000000000000000000102700008C0000008A000000AC0600008B0000008D000000FFFFFFFFFFFFFFFFFFFFFFFFFFFFFFFFFFFFFFFFFFFFFFFFFFFFFFFFFFFFFFFFFFFFFFFFFFFFFFFFFFFFFFFFFFFFFFFFFFFFFFFFFFFFFFFFFFFFFFFFFFFFFFFFFFFFFFFFFFFFFFFFFFFFFFFFFFFFFFFFFFFFFFFFFFFFFFFFFFFFFFFFFFFFFFFFFFFFFFFFFFFFFFFFFFFFFFFF
08A7C08A00A5000F48544F6F0000000000000300FFFFFFFFFFFFFFFFFFFFFFFFFFFFFFFFFFFFFFFFFFFFFFFFFFFFFFFFFFFFFFFFFFFFFFFFFFFFFFFFFFFFFFFF333333333333333333333333333333333333333333333333333333333333333333333333333333333333333333333333333333333333333333333333333333333333333333333333333333333333333333333333333333330000000000000000000000000000000000000000
0887C08A005D000F485463E800000000000000000000000000000000000000000000000000000000000000000000000000000000000000000000000000000000000000000000000000000000000000000000000000000000000000000000000000000000
09BAC0950043000F48548D12000000004A00010101003333E5419A897444C3359443E17A1242C3F5F2C13D0AEFC085EBE9410AD7A33C8FC2F5BC3333933F000000000000000000000000
09CAC0810027000F48548D46000000000000020000001B2F32420531FD41B8AE050088F2030028390000410C0000
09AAC0810058000F48548EB600000000000000355E5A40F4FD544058395440000080BF3BDF4F40A4701D4066662640DD24863F33331340CDCC4CBE67061244000080BF000000009A9999BE9A9999BECDCC4CBE010101000101010107000000
09DAC06F0099000F48548FE000000000000502000100012F7661722F70697361742F646174612F636170747572655F322E6A7067000000000000000000000000000000000000000000000000000000000000000000000000000000000000000000000000000000000000000000000000000000000000000000000000000000000000000000000000000000000000000000000000000000741402005A91676A00
0897C08C003D000F4854FD7F000000000000010188560000000000008CD700005500560C6B0000000200000066020000290000001E0200004A0000006300630000000100
08A4C08A0045000F48570A4E0000000001000101010101010100000000000000000000000000000000000000000000000000000018340000000000000000000000000000000000001A000000
088AC08E0013000F485723F40000000001000002000000000000
0890C08D003D000F4857571A0000000000000000000000000000000000000000000000000000000000000000000000000000000000000000000000000100010001000100
08AAC08F0049000F485770B5000000000002000007000000000000000200000000000000060000000000000000000000000000000000000000000000803E0000803E0000FFFFFFFFFFFFFFFF00000C00
08ADC08E00AD000F485812B1000000000000010001011F00000003000000000000000000000000000000000000000000102700008D0000008B000000B60600008C0000008E000000FFFFFFFFFFFFFFFFFFFFFFFFFFFFFFFFFFFFFFFFFFFFFFFFFFFFFFFFFFFFFFFFFFFFFFFFFFFFFFFFFFFFFFFFFFFFFFFFFFFFFFFFFFFFFFFFFFFFFFFFFFFFFFFFFFFFFFFFFFFFFFFFFFFFFFFFFFFFFFFFFFFFFFFFFFFFFFFFFFFFFFFFFFFFFFFFFFFFFFFFFFFFFFFFFFFFFFFF
08B8C0880069000F4858615F0000000000000100010001000000000000000000000000000000000048060000000000002F63662F64735F66696C7465725F74626C2E74626C00000000000000000000000000000000000000000000000000000000000000000000000000000000000000
089BC08C0015000F485866A600000000000000000000000003001400
08A7C08B00A5000F48586B9F0000000000000300FFFFFFFFFFFFFFFFFFFFFFFFFFFFFFFFFFFFFFFFFFFFFFFFFFFFFFFFFFFFFFFFFFFFFFFFFFFFFFFFFFFFFFFF333333333333333333333333333333333333333333333333333333333333333333333333333333333333333333333333333333333333333333333333333333333333333333333333333333333333333333333333333333330000000000000000000000000000000000000000
0887C08B005D000F485870B700000000000000000000000000000000000000000000000000000000000000000000000000000000000000000000000000000000000000000000000000000000000000000000000000000000000000000000000000000000
0897C08D003D000F4858FD7F000000000000010125570000000000001CD900005500710C6B000000020000006A02000029000000220200004A0000006300630000000100
09BAC0960043000F48598CEE000000004B00000000003333E5419A897444C3359443E17A1242C3F5F2C13D0AEFC085EBE9410AD7A33C8FC2F5BC3333933F000000000000000000000000
09CAC0820027000F48598D2A00000000000002000000310830424B4BEB41B8AE050098F2030028390000410C0000
09AAC0820058000F48598E9600000000000000D9CE574004564E40CFF75340000080BFA01A4F40BA492C40EC515840DD24863F6766663FCDCCCCBECDCC1644000080BF00000000CDCCCCBDCDCCCC3D000000BF010101000101010107000000
09DAC0700099000F48598FB200000000000502000100012F7661722F70697361742F646174612F636170747572655F322E6A7067000000000000000000000000000000000000000000000000000000000000000000000000000000000000000000000000000000000000000000000000000000000000000000000000000000000000000000000000000000000000000000000000000000741402005A91676A00
08A4C08B0045000F485B07BF0000000001000101010101010100000000000000000000000000000000000000000000000000000018340000000000000000000000000000000000001A000000
088AC08F0013000F485B21660000000001000002000000000000
0890C08E003D000F485B548C0000000000000000000000000000000000000000000000000000000000000000000000000000000000000000000000000100010001000100
08AAC0900049000F485B6E27000000000002000007000000000000000200000000000000060000000000000000000000000000000000000000000000803E0000803E0000FFFFFFFFFFFFFFFF00000C00
08ADC08F00AD000F485BE3F2000000000000010001011F00000003000000000000000000000000000000000000000000102700008E0000008C000000C10600008D0000008F000000FFFFFFFFFFFFFFFFFFFFFFFFFFFFFFFFFFFFFFFFFFFFFFFFFFFFFFFFFFFFFFFFFFFFFFFFFFFFFFFFFFFFFFFFFFFFFFFFFFFFFFFFFFFFFFFFFFFFFFFFFFFFFFFFFFFFFFFFFFFFFFFFFFFFFFFFFFFFFFFFFFFFFFFFFFFFFFFFFFFFFFFFFFFFFFFFFFFFFFFFFFFFFFFFFFFFFFFF
08B8C0890069000F485C171C0000000000000100010001000000000000000000000000000000000053060000000000002F63662F64735F66696C7465725F74626C2E74626C00000000000000000000000000000000000000000000000000000000000000000000000000000000000000
089BC08D0015000F485C30B300000000000000000000000003001400
08A7C08C00A5000F485C4A500000000000000300FFFFFFFFFFFFFFFFFFFFFFFFFFFFFFFFFFFFFFFFFFFFFFFFFFFFFFFFFFFFFFFFFFFFFFFFFFFFFFFFFFFFFFFF333333333333333333333333333333333333333333333333333333333333333333333333333333333333333333333333333333333333333333333333333333333333333333333333333333333333333333333333333333330000000000000000000000000000000000000000
0887C08C005D000F485C63E600000000000000000000000000000000000000000000000000000000000000000000000000000000000000000000000000000000000000000000000000000000000000000000000000000000000000000000000000000000
0897C08E003D000F485D2E230000000000000101C657000000000000ACDA000055008B0C6D000000020000006E02000029000000270200004B0000001200630000000101
09BAC0970043000F485E8D13000000004B0001010100B81EE541528874443D4A9443E17A12423333F1C1F628D4C05C8FC2410AD7233C0AD723BC85EB913F000000000000000000000000
09CAC0830027000F485E8D490000000000000200000031083042B9C5EB41B8AE0500A4F2030028390000410C0000
09AAC0830058000F485E8E910000000000000058395440E7FB2940CFF75340000080BFC5205040C3F52840AC1C5A40CBA1853FCDCC4C3E9A9999BE00801044000080BFCDCCCCBDCDCCCCBE00000040CDCC4CBE010101000101010107000000
09DAC0710099000F485E8FC900000000000502000100012F7661722F70697361742F646174612F636170747572655F322E6A7067000000000000000000000000000000000000000000000000000000000000000000000000000000000000000000000000000000000000000000000000000000000000000000000000000000000000000000000000000000000000000000000000000000741402005A91676A00
08A4C08C0045000F485F0A4E0000000001000101010101010100000000000000000000000000000000000000000000000000000018340000000000000000000000000000000000001B000000
088AC0900013000F485F23F40000000001000002000000000000
0890C08F003D000F485F571A0000000000000000000000000000000000000000000000000000000000000000000000000000000000000000000000000100010001000100
08AAC0910049000F485F70B5000000000002000007000000000000000200000000000000060000000000000000000000000000000000000000000000803E0000803E0000FFFFFFFFFFFFFFFF00000C00
08ADC09000AD000F485FB942000000000000010001011F00000003000000000000000000000000000000000000000000102700008F0000008D000000CC0600008E00000090000000FFFFFFFFFFFFFFFFFFFFFFFFFFFFFFFFFFFFFFFFFFFFFFFFFFFFFFFFFFFFFFFFFFFFFFFFFFFFFFFFFFFFFFFFFFFFFFFFFFFFFFFFFFFFFFFFFFFFFFFFFFFFFFFFFFFFFFFFFFFFFFFFFFFFFFFFFFFFFFFFFFFFFFFFFFFFFFFFFFFFFFFFFFFFFFFFFFFFFFFFFFFFFFFFFFFFFFFF
08B8C08A0069000F4860199E000000000000010001000100000000000000000000000000000000005E060000000000002F63662F64735F66696C7465725F74626C2E74626C00000000000000000000000000000000000000000000000000000000000000000000000000000000000000
089BC08E0015000F4860333400000000000000000000000003001400
08A7C08D00A5000F48604CD00000000000000300FFFFFFFFFFFFFFFFFFFFFFFFFFFFFFFFFFFFFFFFFFFFFFFFFFFFFFFFFFFFFFFFFFFFFFFFFFFFFFFFFFFFFFFF333333333333333333333333333333333333333333333333333333333333333333333333333333333333333333333333333333333333333333333333333333333333333333333333333333333333333333333333333333330000000000000000000000000000000000000000
0887C08D005D000F4860666700000000000000000000000000000000000000000000000000000000000000000000000000000000000000000000000000000000000000000000000000000000000000000000000000000000000000000000000000000000
0897C08F003D000F48610A4B000000000000010167580000000000003CDC00005500AA0C6E0000000200000072020000290000002B0200004C0000000400630063000101
08A4C08D0045000F486307BD0000000001000101010101010100000000000000000000000000000000000000000000000000000018340000000000000000000000000000000000001B000000
088AC0910013000F486321640000000001000002000000000000
08ADC09100AD000F48638A7A000000000000010001011F0000000300000000000000000000000000000000000000000010270000900000008E000000D70600008F00000091000000FFFFFFFFFFFFFFFFFFFFFFFFFFFFFFFFFFFFFFFFFFFFFFFFFFFFFFFFFFFFFFFFFFFFFFFFFFFFFFFFFFFFFFFFFFFFFFFFFFFFFFFFFFFFFFFFFFFFFFFFFFFFFFFFFFFFFFFFFFFFFFFFFFFFFFFFFFFFFFFFFFFFFFFFFFFFFFFFFFFFFFFFFFFFFFFFFFFFFFFFFFFFFFFFFFFFFFFF
0890C090003D000F48638CDF0000000000000000000000000000000000000000000000000000000000000000000000000000000000000000000000000100010001000100
08AAC0920049000F486391FC000000000002000007000000000000000200000000000000060000000000000000000000000000000000000000000000803E0000803E0000FFFFFFFFFFFFFFFF00000C00
09BAC0980043000F4863972C000000004C0000000000B81EE541528874443D4A9443E17A12423333F1C1F628D4C05C8FC2410AD7233C0AD723BC85EB913F000000000000000000000000
09CAC0840027000F4863976200000000000002000000310830426CA4E341B8AE0500B4F2030028390000410C0000
09AAC0840058000F486398D50000000000000008AC3C40AAF1324058395440000080BFC520504062105840D9CE5740DD24863F9A9999BECDCCCCBD33931144000080BFCDCCCCBD3333B33FCDCCCC3E00000000010101000101010107000000
09DAC0720099000F486399F600000000000502000100012F7661722F70697361742F646174612F636170747572655F322E6A7067000000000000000000000000000000000000000000000000000000000000000000000000000000000000000000000000000000000000000000000000000000000000000000000000000000000000000000000000000000000000000000000000000000741402005A91676A00
08B8C08B0069000F4864171F0000000000000100010001000000000000000000000000000000000066060000000000002F63662F64735F66696C7465725F74626C2E74626C00000000000000000000000000000000000000000000000000000000000000000000000000000000000000
089BC08F0015000F486430B400000000000000000000000003001400
08A7C08E00A5000F48644A500000000000000300FFFFFFFFFFFFFFFFFFFFFFFFFFFFFFFFFFFFFFFFFFFFFFFFFFFFFFFFFFFFFFFFFFFFFFFFFFFFFFFFFFFFFFFF333333333333333333333333333333333333333333333333333333333333333333333333333333333333333333333333333333333333333333333333333333333333333333333333333333333333333333333333333333330000000000000000000000000000000000000000
0887C08E005D000F486463E700000000000000000000000000000000000000000000000000000000000000000000000000000000000000000000000000000000000000000000000000000000000000000000000000000000000000000000000000000000
0897C090003D000F4864FD7F00000000000001010859000000000000CCDD00005500C70C6F0000000200000076020000290000002E0200004C0000006300630000000101
08A4C08E0045000F48670CCD0000000001000101010101010100000000000000000000000000000000000000000000000000000018340000000000000000000000000000000000001B000000
088AC0920013000F48675EC60000000001000002000000000000
0890C091003D000F486768F70000000000000000000000000000000000000000000000000000000000000000000000000000000000000000000000000100010001000100
08AAC0930049000F48677334000000000002000007000000000000000200000000000000060000000000000000000000000000000000000000000000803E0000803E0000FFFFFFFFFFFFFFFF00000C00
08B8C08C0069000F486835C70000000000000100010001000000000000000000000000000000000070060000000000002F63662F64735F66696C7465725F74626C2E74626C00000000000000000000000000000000000000000000000000000000000000000000000000000000000000
089BC0900015000F48683B0E00000000000000000000000003001400
08A7C08F00A5000F48684CCF0000000000000300FFFFFFFFFFFFFFFFFFFFFFFFFFFFFFFFFFFFFFFFFFFFFFFFFFFFFFFFFFFFFFFFFFFFFFFFFFFFFFFFFFFFFFFF333333333333333333333333333333333333333333333333333333333333333333333333333333333333333333333333333333333333333333333333333333333333333333333333333333333333333333333333333333330000000000000000000000000000000000000000
08ADC09200AD000F4868A562000000000000010001011F0000000300000000000000000000000000000000000000000010270000910000008F000000E30600009000000092000000FFFFFFFFFFFFFFFFFFFFFFFFFFFFFFFFFFFFFFFFFFFFFFFFFFFFFFFFFFFFFFFFFFFFFFFFFFFFFFFFFFFFFFFFFFFFFFFFFFFFFFFFFFFFFFFFFFFFFFFFFFFFFFFFFFFFFFFFFFFFFFFFFFFFFFFFFFFFFFFFFFFFFFFFFFFFFFFFFFFFFFFFFFFFFFFFFFFFFFFFFFFFFFFFFFFFFFFF
0887C08F005D000F4868A5A000000000000000000000000000000000000000000000000000000000000000000000000000000000000000000000000000000000000000000000000000000000000000000000000000000000000000000000000000000000
09BAC0990043000F4868ABBE000000004C00010101003333E54152887444F648944366661242000000C2E17ADCC08FC2D5410AD723BC0AD7A3BCE17A943F000000000000000000000000
09CAC0850027000F4868ABF2000000000000020000003108304205BBEA41B8AE0500B4F2030028390000410C0000
09AAC0850058000F4868AD4600000000000000B6F33D400AD7434046B65340000080BF4E625040AC1C5A406ABC5440DD24863FCDCCCCBE000000BFCDCC0D44000080BFCDCCCC3D9A991940CDCCCCBE00000000010101000101010107000000
09DAC0730099000F4868AE8700000000000502000100012F7661722F70697361742F646174612F636170747572655F322E6A7067000000000000000000000000000000000000000000000000000000000000000000000000000000000000000000000000000000000000000000000000000000000000000000000000000000000000000000000000000000000000000000000000000000741402005A91676A00
0897C091003D000F486900030000000000000101A9590000000000005CDF00005500E30C70000000020000007A02000029000000330200004C0000000000630000000100
08A4C08F0045000F486A35D30000000001000101010101010100000000000000000000000000000000000000000000000000000018340000000000000000000000000000000000001B000000
088AC0930013000F486A3AFF0000000001000002000000000000
0890C092003D000F486A548B0000000000000000000000000000000000000000000000000000000000000000000000000000000000000000000000000100010001000100
08AAC0940049000F486A6E26000000000002000007000000000000000200000000000000060000000000000000000000000000000000000000000000803E0000803E0000FFFFFFFFFFFFFFFF00000C00
08B8C08D0069000F486B148E000000000000010001000100000000000000000000000000000000007B060000000000002F63662F64735F66696C7465725F74626C2E74626C00000000000000000000000000000000000000000000000000000000000000000000000000000000000000
089BC0910015000F486B2E2500000000000000000000000003001400
08ADC09300AD000F486B782E000000000000010001011F00000003000000000000000000000000000000000000000000102700009200000090000000EB0600009100000093000000FFFFFFFFFFFFFFFFFFFFFFFFFFFFFFFFFFFFFFFFFFFFFFFFFFFFFFFFFFFFFFFFFFFFFFFFFFFFFFFFFFFFFFFFFFFFFFFFFFFFFFFFFFFFFFFFFFFFFFFFFFFFFFFFFFFFFFFFFFFFFFFFFFFFFFFFFFFFFFFFFFFFFFFFFFFFFFFFFFFFFFFFFFFFFFFFFFFFFFFFFFFFFFFFFFFFFFFF
08A7C09000A5000F486B7AFB0000000000000300FFFFFFFFFFFFFFFFFFFFFFFFFFFFFFFFFFFFFFFFFFFFFFFFFFFFFFFFFFFFFFFFFFFFFFFFFFFFFFFFFFFFFFFF333333333333333333333333333333333333333333333333333333333333333333333333333333333333333333333333333333333333333333333333333333333333333333333333333333333333333333333333333333330000000000000000000000000000000000000000
0887C090005D000F486B801300000000000000000000000000000000000000000000000000000000000000000000000000000000000000000000000000000000000000000000000000000000000000000000000000000000000000000000000000000000
0897C092003D000F486BFAF10000000000000101465A000000000000ECE000005500F90C70000000020000007E02000029000000360200004C0000006200630063000100
08A4C0900045000F486D07BF0000000001000101010101010100000000000000000000000000000000000000000000000000000018340000000000000000000000000000000000001B000000
088AC0940013000F486D21650000000001000002000000000000
0890C093003D000F486D548B0000000000000000000000000000000000000000000000000000000000000000000000000000000000000000000000000100010001000100
08AAC0950049000F486D6E25000000000002000007000000000000000200000000000000060000000000000000000000000000000000000000000000803E0000803E0000FFFFFFFFFFFFFFFF00000C00
08ADC09400AD000F486E0513000000000000010001011F00000003000000000000000000000000000000000000000000102700009200000090000000F30600009100000093000000FFFFFFFFFFFFFFFFFFFFFFFFFFFFFFFFFFFFFFFFFFFFFFFFFFFFFFFFFFFFFFFFFFFFFFFFFFFFFFFFFFFFFFFFFFFFFFFFFFFFFFFFFFFFFFFFFFFFFFFFFFFFFFFFFFFFFFFFFFFFFFFFFFFFFFFFFFFFFFFFFFFFFFFFFFFFFFFFFFFFFFFFFFFFFFFFFFFFFFFFFFFFFFFFFFFFFFFF
08B8C08E0069000F486E1C3D0000000000000100010001000000000000000000000000000000000082060000000000002F63662F64735F66696C7465725F74626C2E74626C00000000000000000000000000000000000000000000000000000000000000000000000000000000000000
089BC0920015000F486E35D400000000000000000000000003001400
08A7C09100A5000F486E4F710000000000000300FFFFFFFFFFFFFFFFFFFFFFFFFFFFFFFFFFFFFFFFFFFFFFFFFFFFFFFFFFFFFFFFFFFFFFFFFFFFFFFFFFFFFFFF333333333333333333333333333333333333333333333333333333333333333333333333333333333333333333333333333333333333333333333333333333333333333333333333333333333333333333333333333333330000000000000000000000000000000000000000
0887C091005D000F486E690800000000000000000000000000000000000000000000000000000000000000000000000000000000000000000000000000000000000000000000000000000000000000000000000000000000000000000000000000000000
0897C093003D000F486F00130000000000000101AA5A000000000000E7E100005700020D710000000200000082020000290000003A0200004D0000000000630062000100
09BAC09A0043000F486F04B1000000004D00000000003333E54152887444F648944366661242000000C2E17ADCC08FC2D5410AD723BC0AD7A3BCE17A943F000000000000000000000000
09BAC09B0043000F486F04E6000000004D0001010100B81EE54152887444854B9443295C124248E1F4C1000008C13D0ADD410AD7A3BC0AD723BD3333933F000000000000000000000000
09CAC0860027000F486F4B1B0000000000000200000048E12D426D4FD941B8AE0500CCF2030028390000410C0000
09AAC0860058000F486F4C4200000000000000643B3F407593584058395440000080BFBC745340C74B574012832040CBA1853FCDCCCCBDCDCC0C40CD0C2344000080BF00000000CDCC4CBE000000BFCDCCCCBD010101000101010107000000
08A4C0910045000F48700A4E0000000001000101010101010100000000000000000000000000000001000000000000000000000018340000000000000000000000000000000000001B000000
088AC0950013000F487023F30000000001000002000000000000
08ADC09500AD000F4870908F000000000000010001011F00000003000000000000000000000000000000000000000000102700009300000091000000000700009200000094000000FFFFFFFFFFFFFFFFFFFFFFFFFFFFFFFFFFFFFFFFFFFFFFFFFFFFFFFFFFFFFFFFFFFFFFFFFFFFFFFFFFFFFFFFFFFFFFFFFFFFFFFFFFFFFFFFFFFFFFFFFFFFFFFFFFFFFFFFFFFFFFFFFFFFFFFFFFFFFFFFFFFFFFFFFFFFFFFFFFFFFFFFFFFFFFFFFFFFFFFFFFFFFFFFFFFFFFFF
0890C094003D000F487090D60000000000000000000000000000000000000000000000000000000000000000000000000000000000000000000000000100010001000100
08AAC0960049000F48709493000000000002000007000000000000000200000000000000060000000000000000000000000000000000000000000000803E0000803E0000FFFFFFFFFFFFFFFF00000C00
08B8C08F0069000F4871171D000000000000010001000100000000000000000000000000000000008A060000000000002F63662F64735F66696C7465725F74626C2E74626C00000000000000000000000000000000000000000000000000000000000000000000000000000000000000
089BC0930015000F487130B400000000000000000000000003001400
08A7C09200A5000F48714A510000000000000300FFFFFFFFFFFFFFFFFFFFFFFFFFFFFFFFFFFFFFFFFFFFFFFFFFFFFFFFFFFFFFFFFFFFFFFFFFFFFFFFFFFFFFFF333333333333333333333333333333333333333333333333333333333333333333333333333333333333333333333333333333333333333333333333333333333333333333333333333333333333333333333333333333330000000000000000000000000000000000000000
0887C092005D000F487163E700000000000000000000000000000000000000000000000000000000000000000000000000000000000000000000000000000000000000000000000000000000000000000000000000000000000000000000000000000000
08B8C0900069000F4874171D0000000000000100010001000000000000000000000000000000000092060000000000002F63662F64735F66696C7465725F74626C2E74626C00000000000000000000000000000000000000000000000000000000000000000000000000000000000000
089BC0940015000F487430B400000000000000000000000003001400
08A7C09300A5000F48748FF00000000000000300FFFFFFFFFFFFFFFFFFFFFFFFFFFFFFFFFFFFFFFFFFFFFFFFFFFFFFFFFFFFFFFFFFFFFFFFFFFFFFFFFFFFFFFF333333333333333333333333333333333333333333333333333333333333333333333333333333333333333333333333333333333333333333333333333333333333333333333333333333333333333333333333333333330000000000000000000000000000000000000000
0887C093005D000F4874948B00000000000000000000000000000000000000000000000000000000000000000000000000000000000000000000000000000000000000000000000000000000000000000000000000000000000000000000000000000000
0897C094003D000F4874FD7F0000000000000101885B0000000000000FE400005A00210D72000000020000008A020000290000003F020000500000006300630000000101
08AAC0970049000F487770B7000000000002000007000000000000000200000000000000060000000000000000000000000000000000000000000000803E0000803E0000FFFFFFFFFFFFFFFF00000C00
08B8C0910069000F4878171E000000000000010001000100000000000000000000000000000000009C060000000000002F63662F64735F66696C7465725F74626C2E74626C00000000000000000000000000000000000000000000000000000000000000000000000000000000000000
089BC0950015000F4878715C00000000000000000000000003001400
08A7C09400A5000F487875D60000000000000300FFFFFFFFFFFFFFFFFFFFFFFFFFFFFFFFFFFFFFFFFFFFFFFFFFFFFFFFFFFFFFFFFFFFFFFFFFFFFFFFFFFFFFFF333333333333333333333333333333333333333333333333333333333333333333333333333333333333333333333333333333333333333333333333333333333333333333333333333333333333333333333333333333330000000000000000000000000000000000000000
0887C094005D000F48787AF200000000000000000000000000000000000000000000000000000000000000000000000000000000000000000000000000000000000000000000000000000000000000000000000000000000000000000000000000000000
09BAC09C0043000F48788CEF000000004E0000000000B81EE54152887444854B9443295C124248E1F4C1000008C13D0ADD410AD7A3BC0AD723BD3333933F000000000000000000000000
09CAC0870027000F48788D2A0000000000000200000031083042622AE141B8AE0500E0F2030028390000410C0000
09AAC0870058000F48788E9400000000000000E3A55B4046B65340CFF75340000080BFA01A4F4066662640BC743340CBA1853F33331340CDCC4CBE67261144000080BF00000000CDCCCCBE000000BFCDCCCCBD010101000101010107000000
09DAC0740099000F48788FB100000000000502000100012F7661722F70697361742F646174612F636170747572655F322E6A7067000000000000000000000000000000000000000000000000000000000000000000000000000000000000000000000000000000000000000000000000000000000000000000000000000000000000000000000000000000000000000000000000000000741402005A91676A00
0897C095003D000F4878FD7F0000000000000101115C00000000000068E500005B002F0D72000000020000008E0200002900000043020000500000006300630000000100
08A4C0920045000F487B0A4D0000000001000101010101010100000000000000000000000000000000000000000000000000000018340000000000000000000000000000000000001C000000
088AC0960013000F487B23F30000000001000002000000000000
0890C095003D000F487B571A0000000000000000000000000000000000000000000000000000000000000000000000000000000000000000000000000100010001000100
08AAC0980049000F487B70B4000000000002000007000000000000000200000000000000060000000000000000000000000000000000000000000000803E0000803E0000FFFFFFFFFFFFFFFF00000C00
08ADC09600AD000F487C4276000000000000010001011F00000003000000000000000000000000000000000000000000102700009600000094000000290700009500000097000000FFFFFFFFFFFFFFFFFFFFFFFFFFFFFFFFFFFFFFFFFFFFFFFFFFFFFFFFFFFFFFFFFFFFFFFFFFFFFFFFFFFFFFFFFFFFFFFFFFFFFFFFFFFFFFFFFFFFFFFFFFFFFFFFFFFFFFFFFFFFFFFFFFFFFFFFFFFFFFFFFFFFFFFFFFFFFFFFFFFFFFFFFFFFFFFFFFFFFFFFFFFFFFFFFFFFFFFF
08B8C0920069000F487C47C300000000000001000100010000000000000000000000000000000000A5060000000000002F63662F64735F66696C7465725F74626C2E74626C00000000000000000000000000000000000000000000000000000000000000000000000000000000000000
089BC0960015000F487C4CDD00000000000000000000000003001400
08A7C09500A5000F487C51FF0000000000000300FFFFFFFFFFFFFFFFFFFFFFFFFFFFFFFFFFFFFFFFFFFFFFFFFFFFFFFFFFFFFFFFFFFFFFFFFFFFFFFFFFFFFFFF333333333333333333333333333333333333333333333333333333333333333333333333333333333333333333333333333333333333333333333333333333333333333333333333333333333333333333333333333333330000000000000000000000000000000000000000
0887C095005D000F487C63E700000000000000000000000000000000000000000000000000000000000000000000000000000000000000000000000000000000000000000000000000000000000000000000000000000000000000000000000000000000
0897C096003D000F487CFD7F0000000000000101AE5C000000000000F8E600005B004C0D7300000002000000920200002900000047020000510000006300630000000101
09BAC09D0043000F487D94C3000000004E000101010048E1E441AE877444E15A944348E112428FC2E9C114AE0BC13333C741CDCC4CBD000000809A99993F000000000000000000000000
09CAC0880027000F487D94FB00000000000002000000310830420C6DE641B8AE0500ECF2030028390000410C0000
09AAC0880058000F487D9643000000000000007D3F55400AD72340CFF75340000080BFB29D4F4031082C40EC515840CBA1853F9A99193F9A9919BF9A390F44000080BFCDCC4C3ECDCCCCBE6766A63FCDCCCCBD010101000101010107000000
09DAC0750099000F487D977B00000000000502000100012F7661722F70697361742F646174612F636170747572655F322E6A7067000000000000000000000000000000000000000000000000000000000000000000000000000000000000000000000000000000000000000000000000000000000000000000000000000000000000000000000000000000000000000000000000000000741402005A91676A00
08A4C0930045000F487F07BE0000000001000101010101010100000000000000000000000000000000000000000000000000000018340000000000000000000000000000000000001C000000
088AC0970013000F487F21640000000001000002000000000000
0890C096003D000F487F548A0000000000000000000000000000000000000000000000000000000000000000000000000000000000000000000000000100010001000100
08AAC0990049000F487F6E25000000000002000007000000000000000200000000000000060000000000000000000000000000000000000000000000803E0000803E0000FFFFFFFFFFFFFFFF00000C00
08ADC09700AD000F48801397000000000000010001011F00000003000000000000000000000000000000000000000000102700009700000095000000340700009600000098000000FFFFFFFFFFFFFFFFFFFFFFFFFFFFFFFFFFFFFFFFFFFFFFFFFFFFFFFFFFFFFFFFFFFFFFFFFFFFFFFFFFFFFFFFFFFFFFFFFFFFFFFFFFFFFFFFFFFFFFFFFFFFFFFFFFFFFFFFFFFFFFFFFFFFFFFFFFFFFFFFFFFFFFFFFFFFFFFFFFFFFFFFFFFFFFFFFFFFFFFFFFFFFFFFFFFFFFFF
08B8C0930069000F48801ECC00000000000001000100010000000000000000000000000000000000B0060000000000002F63662F64735F66696C7465725F74626C2E74626C00000000000000000000000000000000000000000000000000000000000000000000000000000000000000
089BC0970015000F48802E2500000000000000000000000003001400
08A7C09600A5000F488047C10000000000000300FFFFFFFFFFFFFFFFFFFFFFFFFFFFFFFFFFFFFFFFFFFFFFFFFFFFFFFFFFFFFFFFFFFFFFFFFFFFFFFFFFFFFFFF333333333333333333333333333333333333333333333333333333333333333333333333333333333333333333333333333333333333333333333333333333333333333333333333333333333333333333333333333333330000000000000000000000000000000000000000
0887C096005D000F4880615800000000000000000000000000000000000000000000000000000000000000000000000000000000000000000000000000000000000000000000000000000000000000000000000000000000000000000000000000000000
0897C097003D000F4880FAF000000000000001014F5D00000000000088E800005B00620D740000000200000096020000290000004B020000510000006200630063000100
08A4C0940045000F48820CCF0000000001000101010101010100000000000000000000000000000000000000000000000000000018340000000000000000000000000000000000001C000000
088AC0980013000F488226740000000001000002000000000000
08ADC09800AD000F48829F07000000000000010001011F000000030000000000000000000000000000000000000000001027000098000000960000003B0700009700000099000000FFFFFFFFFFFFFFFFFFFFFFFFFFFFFFFFFFFFFFFFFFFFFFFFFFFFFFFFFFFFFFFFFFFFFFFFFFFFFFFFFFFFFFFFFFFFFFFFFFFFFFFFFFFFFFFFFFFFFFFFFFFFFFFFFFFFFFFFFFFFFFFFFFFFFFFFFFFFFFFFFFFFFFFFFFFFFFFFFFFFFFFFFFFFFFFFFFFFFFFFFFFFFFFFFFFFFFFF
0890C097003D000F48829F450000000000000000000000000000000000000000000000000000000000000000000000000000000000000000000000000100010001000100
08AAC09A0049000F4882A3DA000000000002000007000000000000000200000000000000060000000000000000000000000000000000000000000000803E0000803E0000FFFFFFFFFFFFFFFF00000C00
08B8C0940069000F4883148D00000000000001000100010000000000000000000000000000000000BC060000000000002F63662F64735F66696C7465725F74626C2E74626C00000000000000000000000000000000000000000000000000000000000000000000000000000000000000
089BC0980015000F48832E2400000000000000000000000003001400
08A7C09700A5000F488347C00000000000000300FFFFFFFFFFFFFFFFFFFFFFFFFFFFFFFFFFFFFFFFFFFFFFFFFFFFFFFFFFFFFFFFFFFFFFFFFFFFFFFFFFFFFFFF333333333333333333333333333333333333333333333333333333333333333333333333333333333333333333333333333333333333333333333333333333333333333333333333333333333333333333333333333333330000000000000000000000000000000000000000
0887C097005D000F4883615800000000000000000000000000000000000000000000000000000000000000000000000000000000000000000000000000000000000000000000000000000000000000000000000000000000000000000000000000000000
0897C098003D000F4883FAEF0000000000000101CA5D000000000000B6E900005C007F0D74000000020000009A020000290000004E020000510000006200630063000100
08A4C0950045000F48860A4C0000000001000101010101010100000000000000000000000000000001000000000000000000000018340000000000000000000000000000000000001C000000
088AC0990013000F488623F20000000001000002000000000000
0890C098003D000F488678610000000000000000000000000000000000000000000000000000000000000000000000000000000000000000000000000100010001000100
08AAC09B0049000F48867D80000000000002000007000000000000000200000000000000060000000000000000000000000000000000000000000000803E0000803E0000FFFFFFFFFFFFFFFF00000C00
09BAC09E0043000F48868CED000000004F000000000048E1E441AE877444E15A944348E112428FC2E9C114AE0BC13333C741CDCC4CBD000000809A99993F000000000000000000000000
09CAC0890027000F48868D2500000000000002000000310830428864CE41B8AE0500F8F2030028390000410C0000
09AAC0890058000F48868E9C00000000000000295C2F407368314058395440000080BF4E6250409A9959402B875640DD24863FCDCCCCBD9A9919BF67860E44000080BF000000003333F33FCDCCCCBD9A9919BF010101000101010107000000
09DAC0760099000F48868FAE00000000000502000100012F7661722F70697361742F646174612F636170747572655F322E6A7067000000000000000000000000000000000000000000000000000000000000000000000000000000000000000000000000000000000000000000000000000000000000000000000000000000000000000000000000000000000000000000000000000000741402005A91676A00
08B8C0950069000F48873D8400000000000001000100010000000000000000000000000000000000C5060000000000002F63662F64735F66696C7465725F74626C2E74626C00000000000000000000000000000000000000000000000000000000000000000000000000000000000000
089BC0990015000F4887429F00000000000000000000000003001400
08A7C09800A5000F48874A4E0000000000000300FFFFFFFFFFFFFFFFFFFFFFFFFFFFFFFFFFFFFFFFFFFFFFFFFFFFFFFFFFFFFFFFFFFFFFFFFFFFFFFFFFFFFFFF333333333333333333333333333333333333333333333333333333333333333333333333333333333333333333333333333333333333333333333333333333333333333333333333333333333333333333333333333333330000000000000000000000000000000000000000
0887C098005D000F488763E600000000000000000000000000000000000000000000000000000000000000000000000000000000000000000000000000000000000000000000000000000000000000000000000000000000000000000000000000000000
08ADC09900AD000F4887B65A000000000000010001011F0000000300000000000000000000000000000000000000000010270000990000009700000047070000980000009A000000FFFFFFFFFFFFFFFFFFFFFFFFFFFFFFFFFFFFFFFFFFFFFFFFFFFFFFFFFFFFFFFFFFFFFFFFFFFFFFFFFFFFFFFFFFFFFFFFFFFFFFFFFFFFFFFFFFFFFFFFFFFFFFFFFFFFFFFFFFFFFFFFFFFFFFFFFFFFFFFFFFFFFFFFFFFFFFFFFFFFFFFFFFFFFFFFFFFFFFFFFFFFFFFFFFFFFFFF
0897C099003D000F4887FD7E00000000000001016B5E00000000000046EB00005C009B0D75000000020000009E0200002900000052020000520000006300630000000101
08A4C0960045000F488A42990000000001000101010101010100000000000000000000000000000000000000000000000000000018340000000000000000000000000000000000001D000000
088AC09A0013000F488A47C40000000001000002000000000000
0890C099003D000F488A57120000000000000000000000000000000000000000000000000000000000000000000000000000000000000000000000000100010001000100
08AAC09C0049000F488A70AD000000000002000007000000000000000200000000000000060000000000000000000000000000000000000000000000803E0000803E0000FFFFFFFFFFFFFFFF00000C00
08B8C0960069000F488B171600000000000001000100010000000000000000000000000000000000CE060000000000002F63662F64735F66696C7465725F74626C2E74626C00000000000000000000000000000000000000000000000000000000000000000000000000000000000000
089BC09A0015000F488B30AC00000000000000000000000003001400
08ADC09A00AD000F488B87A2000000000000010001011F00000003000000000000000000000000000000000000000000102700009A000000980000004F070000990000009B000000FFFFFFFFFFFFFFFFFFFFFFFFFFFFFFFFFFFFFFFFFFFFFFFFFFFFFFFFFFFFFFFFFFFFFFFFFFFFFFFFFFFFFFFFFFFFFFFFFFFFFFFFFFFFFFFFFFFFFFFFFFFFFFFFFFFFFFFFFFFFFFFFFFFFFFFFFFFFFFFFFFFFFFFFFFFFFFFFFFFFFFFFFFFFFFFFFFFFFFFFFFFFFFFFFFFFFFFF
08A7C09900A5000F488B87EE0000000000000300FFFFFFFFFFFFFFFFFFFFFFFFFFFFFFFFFFFFFFFFFFFFFFFFFFFFFFFFFFFFFFFFFFFFFFFFFFFFFFFFFFFFFFFF333333333333333333333333333333333333333333333333333333333333333333333333333333333333333333333333333333333333333333333333333333333333333333333333333333333333333333333333333333330000000000000000000000000000000000000000
0887C099005D000F488B8CD800000000000000000000000000000000000000000000000000000000000000000000000000000000000000000000000000000000000000000000000000000000000000000000000000000000000000000000000000000000
09BAC09F0043000F488B94BC000000004F0001010100D7A3E44152887444144E944385EB12425C8FF6C148E1DAC0B81EDF410AD723BC0AD723BCD7A3903F000000000000000000000000
09CAC08A0027000F488B94ED0000000000000200000048E12D42A8F5EB41B8AE050014F3030028390000410C0000
09AAC08A0058000F488B9643000000000000009CC440408FC2554046B65340000080BF4E6250406210584017D94E40DD24863FCDCC4CBECDCCCCBD00E00E44000080BFCDCCCCBDCDCCCC3FCDCCCCBECDCCCCBD010101000101010107000000
09DAC0770099000F488B977400000000000502000100012F7661722F70697361742F646174612F636170747572655F322E6A7067000000000000000000000000000000000000000000000000000000000000000000000000000000000000000000000000000000000000000000000000000000000000000000000000000000000000000000000000000000000000000000000000000000741402005A91676A00
0897C09A003D000F488BFD7800000000000001010C5F000000000000D6EC00005C00B10D7500000002000000A20200002900000056020000520000006300630000000101
09BAC0A00043000F488E133F00000000500000000000D7A3E44152887444144E944385EB12425C8FF6C148E1DAC0B81EDF410AD723BC0AD723BCD7A3903F000000000000000000000000
09AAC08B0058000F488E14E60000000000000089414040E3A55B40A2455640000080BF46B6534023DB59406ABC1440CBA1853FCDCCCCBD0000803F67E6C243000080BFCDCC4C3E9A99193F9A9999BECDCC4CBE010101000101010107000000
08A4C0970045000F488E1C2F0000000001000101010101010100000000000000000000000000000000000000000000000000000018340000000000000000000000000000000000001D000000
088AC09B0013000F488E26730000000001000002000000000000
0890C09A003D000F488E599A0000000000000000000000000000000000000000000000000000000000000000000000000000000000000000000000000100010001000100
08AAC09D0049000F488E7334000000000002000007000000000000000200000000000000060000000000000000000000000000000000000000000000803E0000803E0000FFFFFFFFFFFFFFFF00000C00
09BAC0A10043000F488E930E000000005000010101006666E4411F857444717D94437B141342F628F4C1CDCCF4C05C8FCE410AD7A3BC8FC2F5BCE17A943F000000000000000000000000
09CAC08B0027000F488E933E00000000000002000000310830420BBBEF41B8AE05001CF3030028390000410C0000
08ADC09B00AD000F488F58E2000000000000010001011F00000003000000000000000000000000000000000000000000102700009B000000990000005A0700009A0000009C000000FFFFFFFFFFFFFFFFFFFFFFFFFFFFFFFFFFFFFFFFFFFFFFFFFFFFFFFFFFFFFFFFFFFFFFFFFFFFFFFFFFFFFFFFFFFFFFFFFFFFFFFFFFFFFFFFFFFFFFFFFFFFFFFFFFFFFFFFFFFFFFFFFFFFFFFFFFFFFFFFFFFFFFFFFFFFFFFFFFFFFFFFFFFFFFFFFFFFFFFFFFFFFFFFFFFFFFFF
08B8C0970069000F488F591B00000000000001000100010000000000000000000000000000000000D9060000000000002F63662F64735F66696C7465725F74626C2E74626C00000000000000000000000000000000000000000000000000000000000000000000000000000000000000
089BC09B0015000F488F5C2A00000000000000000000000003001400
08A7C09A00A5000F488F614C0000000000000300FFFFFFFFFFFFFFFFFFFFFFFFFFFFFFFFFFFFFFFFFFFFFFFFFFFFFFFFFFFFFFFFFFFFFFFFFFFFFFFFFFFFFFFF333333333333333333333333333333333333333333333333333333333333333333333333333333333333333333333333333333333333333333333333333333333333333333333333333333333333333333333333333333330000000000000000000000000000000000000000
0887C09A005D000F488F666700000000000000000000000000000000000000000000000000000000000000000000000000000000000000000000000000000000000000000000000000000000000000000000000000000000000000000000000000000000
0897C09B003D000F489000200000000000000101A95F00000000000066EE00005C00CE0D7600000002000000A6020000290000005B020000520000000000630063000100
09BAC0A20043000F4890A3FA000000005100000000006666E4411F857444717D94437B141342F628F4C1CDCCF4C05C8FCE410AD7A3BC8FC2F5BCE17A943F000000000000000000000000
09CAC08C0027000F4890A4330000000000000200000048E12D427D0CEE41B8AE05001CF3030028390000410C0000
09AAC08C0058000F4890A5A500000000000000894140407593584046B65340000080BF3BDF4F406ABC54405A641B40B81E853FCDCCCCBD6766E63F67A60F44000080BFCDCC4C3ECDCCCC3D9A9999BE9A9999BE010101000101010107000000
09DAC0780099000F4890A6C600000000000502000100012F7661722F70697361742F646174612F636170747572655F322E6A7067000000000000000000000000000000000000000000000000000000000000000000000000000000000000000000000000000000000000000000000000000000000000000000000000000000000000000000000000000000000000000000000000000000741402005A91676A00
08A4C0980045000F48910CCF0000000001000101010101010100000000000000000000000000000000000000000000000000000018340000000000000000000000000000000000001D000000
088AC09C0013000F489126740000000001000002000000000000
0890C09B003D000F4891599A0000000000000000000000000000000000000000000000000000000000000000000000000000000000000000000000000100010001000100
08AAC09E0049000F48917335000000000002000007000000000000000200000000000000060000000000000000000000000000000000000000000000803E0000803E0000FFFFFFFFFFFFFFFF00000C00
08ADC09C00AD000F48920989000000000000010001011F00000003000000000000000000000000000000000000000000102700009C0000009A000000630700009B0000009D000000FFFFFFFFFFFFFFFFFFFFFFFFFFFFFFFFFFFFFFFFFFFFFFFFFFFFFFFFFFFFFFFFFFFFFFFFFFFFFFFFFFFFFFFFFFFFFFFFFFFFFFFFFFFFFFFFFFFFFFFFFFFFFFFFFFFFFFFFFFFFFFFFFFFFFFFFFFFFFFFFFFFFFFFFFFFFFFFFFFFFFFFFFFFFFFFFFFFFFFFFFFFFFFFFFFFFFFFF
08B8C0980069000F4892199F00000000000001000100010000000000000000000000000000000000E5060000000000002F63662F64735F66696C7465725F74626C2E74626C00000000000000000000000000000000000000000000000000000000000000000000000000000000000000
089BC09C0015000F4892333400000000000000000000000003001400
08A7C09B00A5000F48924CD00000000000000300FFFFFFFFFFFFFFFFFFFFFFFFFFFFFFFFFFFFFFFFFFFFFFFFFFFFFFFFFFFFFFFFFFFFFFFFFFFFFFFFFFFFFFFF333333333333333333333333333333333333333333333333333333333333333333333333333333333333333333333333333333333333333333333333333333333333333333333333333333333333333333333333333333330000000000000000000000000000000000000000
0887C09B005D000F4892666700000000000000000000000000000000000000000000000000000000000000000000000000000000000000000000000000000000000000000000000000000000000000000000000000000000000000000000000000000000
0897C09C003D000F4892FFFF000000000000010116600000000000005EEF00005E00D50D7700000002000000AA020000290000005E020000530000000000630000000101
09BAC0A30043000F48949EFA000000005100010101006666E441F68874448F42944385EB1242C3F5F2C1295C6FC0E17ADC41000000000AD723BC295C8F3F000000000000000000000000
09CAC08D0027000F48949F310000000000000200000048E12D4215BCEC41B8AE050020F3030028390000410C0000
09AAC08D0058000F4894A093000000000000007D3F5540508D574046B65340000080BFB29D4F403BDF4F40C3F52840B81E853F0000003F3333333F33930E44000080BFCDCCCCBD00000000CDCCCCBECDCCCCBD010101000101010107000000
09DAC0790099000F4894A1C800000000000502000100012F7661722F70697361742F646174612F636170747572655F322E6A7067000000000000000000000000000000000000000000000000000000000000000000000000000000000000000000000000000000000000000000000000000000000000000000000000000000000000000000000000000000000000000000000000000000741402005A91676A00
08B8C0990069000F4895199D00000000000001000100010000000000000000000000000000000000EF060000000000002F63662F64735F66696C7465725F74626C2E74626C00000000000000000000000000000000000000000000000000000000000000000000000000000000000000
089BC09D0015000F4895333300000000000000000000000003001400
08A7C09C00A5000F48954CCF0000000000000300FFFFFFFFFFFFFFFFFFFFFFFFFFFFFFFFFFFFFFFFFFFFFFFFFFFFFFFFFFFFFFFFFFFFFFFFFFFFFFFFFFFFFFFF333333333333333333333333333333333333333333333333333333333333333333333333333333333333333333333333333333333333333333333333333333333333333333333333333333333333333333333333333333330000000000000000000000000000000000000000
0887C09C005D000F4895666600000000000000000000000000000000000000000000000000000000000000000000000000000000000000000000000000000000000000000000000000000000000000000000000000000000000000000000000000000000
0897C09D003D000F4896001400000000000001018F600000000000008CF000005F00EC0D7700000002000000AE0200002900000061020000540000000000630063000100
08A4C0990045000F489807BD0000000001000101010101010100000000000000000000000000000000000000000000000000000018340000000000000000000000000000000000001D000000
088AC09D0013000F489821630000000001000002000000000000
08ADC09D00AD000F489899A6000000000000010001011F00000003000000000000000000000000000000000000000000102700009E0000009C000000750700009D0000009F000000FFFFFFFFFFFFFFFFFFFFFFFFFFFFFFFFFFFFFFFFFFFFFFFFFFFFFFFFFFFFFFFFFFFFFFFFFFFFFFFFFFFFFFFFFFFFFFFFFFFFFFFFFFFFFFFFFFFFFFFFFFFFFFFFFFFFFFFFFFFFFFFFFFFFFFFFFFFFFFFFFFFFFFFFFFFFFFFFFFFFFFFFFFFFFFFFFFFFFFFFFFFFFFFFFFFFFFFF
0890C09C003D000F489899F40000000000000000000000000000000000000000000000000000000000000000000000000000000000000000000000000100010001000100
08AAC09F0049000F48989EC9000000000002000007000000000000000200000000000000060000000000000000000000000000000000000000000000803E0000803E0000FFFFFFFFFFFFFFFF00000C00
09BAC0A40043000F4898A3F9000000005200000000006666E441F68874448F42944385EB1242C3F5F2C1295C6FC0E17ADC41000000000AD723BC295C8F3F000000000000000000000000
09CAC08E0027000F4898A42F0000000000000200000031083042A680E941B8AE050038F3030028390000410C0000
09AAC08E0058000F4898A5A60000000000000023DB5940F4FD544046B65340000080BFA01A4F40B6F31D4079E92640CBA1853F9A991940CDCCCCBD33130F44000080BFCDCCCCBDCDCCCCBDCDCCCCBECDCCCCBE010101000101010107000000
09DAC07A0099000F4898A6BE00000000000502000100012F7661722F70697361742F646174612F636170747572655F322E6A7067000000000000000000000000000000000000000000000000000000000000000000000000000000000000000000000000000000000000000000000000000000000000000000000000000000000000000000000000000000000000000000000000000000741402005A91676A00
08B8C09A0069000F4899171F00000000000001000100010000000000000000000000000000000000FA060000000000002F63662F64735F66696C7465725F74626C2E74626C00000000000000000000000000000000000000000000000000000000000000000000000000000000000000
089BC09E0015000F489930B500000000000000000000000003001400
08A7C09D00A5000F48994A510000000000000300FFFFFFFFFFFFFFFFFFFFFFFFFFFFFFFFFFFFFFFFFFFFFFFFFFFFFFFFFFFFFFFFFFFFFFFFFFFFFFFFFFFFFFFF333333333333333333333333333333333333333333333333333333333333333333333333333333333333333333333333333333333333333333333333333333333333333333333333333333333333333333333333333333330000000000000000000000000000000000000000
0887C09D005D000F489963E800000000000000000000000000000000000000000000000000000000000000000000000000000000000000000000000000000000000000000000000000000000000000000000000000000000000000000000000000000000
0897C09E003D000F4899FD8000000000000001011A61000000000000E6F100006000FA0D7800000002000000B20200002900000064020000540000006300630000000100
08A4C09A0045000F489C0CCC0000000001000101010101010100000000000000000000000000000001000000000000000000000018340000000000000000000000000000000000001D000000
088AC09E0013000F489C26720000000001000002000000000000
08B8C09B0069000F489C14900000000000000100010001000000000000000000000000000000000006070000000000002F63662F64735F66696C7465725F74626C2E74626C00000000000000000000000000000000000000000000000000000000000000000000000000000000000000
089BC09F0015000F489C2E2600000000000000000000000003001400
08A7C09E00A5000F489C47C20000000000000300FFFFFFFFFFFFFFFFFFFFFFFFFFFFFFFFFFFFFFFFFFFFFFFFFFFFFFFFFFFFFFFFFFFFFFFFFFFFFFFFFFFFFFFF333333333333333333333333333333333333333333333333333333333333333333333333333333333333333333333333333333333333333333333333333333333333333333333333333333333333333333333333333333330000000000000000000000000000000000000000
0887C09E005D000F489C615900000000000000000000000000000000000000000000000000000000000000000000000000000000000000000000000000000000000000000000000000000000000000000000000000000000000000000000000000000000
09BAC0A50043000F489CBDBB000000005200010101006666E441F6887444B83E944352B812420000F4C17B14EEC0295CDB418FC2F5BC0AD7A3BCE17A943F000000000000000000000000
09CAC08F0027000F489CBDF40000000000000200000031083042ACF0E541B8AE050048F3030028390000410C0000
09AAC08F0058000F489CBF38000000000000008FC2554014AE474033335340000080BF295C4F40448B2C403D0A5740CBA1853F9A99993FCDCC4CBE33B30F44000080BFCDCC4CBE9A9999BE9A99993E000000BF010101000101010107000000
09DAC07B0099000F489CC08200000000000502000100012F7661722F70697361742F646174612F636170747572655F322E6A7067000000000000000000000000000000000000000000000000000000000000000000000000000000000000000000000000000000000000000000000000000000000000000000000000000000000000000000000000000000000000000000000000000000741402005A91676A00
0897C09F003D000F489CFAF10000000000000101A2610000000000003FF300006100090E7A00000002000000B60200002900000068020000540000006200630063000100
08A4C09B0045000F489E0F780000000001000101010101010100000000000000000000000000000000000000000000000000000018340000000000000000000000000000000000001E000000
088AC09F0013000F489E268E0000000001000002000000000000
0890C09D003D000F489E59B40000000000000000000000000000000000000000000000000000000000000000000000000000000000000000000000000100010001000100
08AAC0A00049000F489E734F000000000002000007000000000000000200000000000000060000000000000000000000000000000000000000000000803E0000803E0000FFFFFFFFFFFFFFFF00000C00
08B8C09C0069000F489F4A55000000000000010001000100000000000000000000000000000000000C070000000000002F63662F64735F66696C7465725F74626C2E74626C00000000000000000000000000000000000000000000000000000000000000000000000000000000000000
08ADC09E00AD000F489F4D7A000000000000010001011F00000003000000000000000000000000000000000000000000102700009F0000009D000000900700009E000000A0000000FFFFFFFFFFFFFFFFFFFFFFFFFFFFFFFFFFFFFFFFFFFFFFFFFFFFFFFFFFFFFFFFFFFFFFFFFFFFFFFFFFFFFFFFFFFFFFFFFFFFFFFFFFFFFFFFFFFFFFFFFFFFFFFFFFFFFFFFFFFFFFFFFFFFFFFFFFFFFFFFFFFFFFFFFFFFFFFFFFFFFFFFFFFFFFFFFFFFFFFFFFFFFFFFFFFFFFFF
089BC0A00015000F489F4F6F00000000000000000000000003001400
08A7C09F00A5000F489F548E0000000000000300FFFFFFFFFFFFFFFFFFFFFFFFFFFFFFFFFFFFFFFFFFFFFFFFFFFFFFFFFFFFFFFFFFFFFFFFFFFFFFFFFFFFFFFF333333333333333333333333333333333333333333333333333333333333333333333333333333333333333333333333333333333333333333333333333333333333333333333333333333333333333333333333333333330000000000000000000000000000000000000000
0887C09F005D000F489F5ECA00000000000000000000000000000000000000000000000000000000000000000000000000000000000000000000000000000000000000000000000000000000000000000000000000000000000000000000000000000000
0897C0A0003D000F489FF861000000000000010118620000000000006DF400006200180E7A00000002000000BA020000290000006B020000560000006100630062000100
08A4C09C0045000F48A10A4F0000000001000101010101010100000000000000000000000000000000000000000000000000000018340000000000000000000000000000000000001E000000
088AC0A00013000F48A123F50000000001000002000000000000
0890C09E003D000F48A1571A0000000000000000000000000000000000000000000000000000000000000000000000000000000000000000000000000100010001000100
08AAC0A10049000F48A170B5000000000002000007000000000000000200000000000000060000000000000000000000000000000000000000000000803E0000803E0000FFFFFFFFFFFFFFFF00000C00
08ADC09F00AD000F48A1D61D000000000000010001011F00000003000000000000000000000000000000000000000000102700009F0000009D000000980700009E000000A0000000FFFFFFFFFFFFFFFFFFFFFFFFFFFFFFFFFFFFFFFFFFFFFFFFFFFFFFFFFFFFFFFFFFFFFFFFFFFFFFFFFFFFFFFFFFFFFFFFFFFFFFFFFFFFFFFFFFFFFFFFFFFFFFFFFFFFFFFFFFFFFFFFFFFFFFFFFFFFFFFFFFFFFFFFFFFFFFFFFFFFFFFFFFFFFFFFFFFFFFFFFFFFFFFFFFFFFFFF
08B8C09D0069000F48A2171E000000000000010001000100000000000000000000000000000000000F070000000000002F63662F64735F66696C7465725F74626C2E74626C00000000000000000000000000000000000000000000000000000000000000000000000000000000000000
089BC0A10015000F48A230B400000000000000000000000003001400
08A7C0A000A5000F48A24A510000000000000300FFFFFFFFFFFFFFFFFFFFFFFFFFFFFFFFFFFFFFFFFFFFFFFFFFFFFFFFFFFFFFFFFFFFFFFFFFFFFFFFFFFFFFFF333333333333333333333333333333333333333333333333333333333333333333333333333333333333333333333333333333333333333333333333333333333333333333333333333333333333333333333333333333330000000000000000000000000000000000000000
0887C0A0005D000F48A263E700000000000000000000000000000000000000000000000000000000000000000000000000000000000000000000000000000000000000000000000000000000000000000000000000000000000000000000000000000000
0897C0A1003D000F48A3215700000000000001018E620000000000009BF500006300310E7A00000002000000BE020000290000006F020000580000000D00630000000100
09BAC0A60043000F48A48CEE000000005300000000006666E441F6887444B83E944352B812420000F4C17B14EEC0295CDB418FC2F5BC0AD7A3BCE17A943F000000000000000000000000
09CAC0900027000F48A48D3C0000000000000200000031083042E9BBD341B8AE050054F3030028390000410C0000
09AAC0900058000F48A48E9000000000000000A24556403333334046B65340000080BFC520504019045640FED45840B81E853FCDCCCCBD9A9919BFCD4C0C44000080BFCDCC4C3E0000003FCDCC8C3F9A9999BE010101000101010107000000
09DAC07C0099000F48A48FB500000000000502000100012F7661722F70697361742F646174612F636170747572655F322E6A7067000000000000000000000000000000000000000000000000000000000000000000000000000000000000000000000000000000000000000000000000000000000000000000000000000000000000000000000000000000000000000000000000000000741402005A91676A00
08A4C09D0045000F48A50A4F0000000001000101010101010100000000000000000000000000000000000000000000000000000018340000000000000000000000000000000000001E000000
088AC0A10013000F48A523F40000000001000002000000000000
0890C09F003D000F48A5571A0000000000000000000000000000000000000000000000000000000000000000000000000000000000000000000000000100010001000100
08ADC0A000AD000F48A5A710000000000000010001011F0000000300000000000000000000000000000000000000000010270000A00000009E000000A30700009F000000A1000000FFFFFFFFFFFFFFFFFFFFFFFFFFFFFFFFFFFFFFFFFFFFFFFFFFFFFFFFFFFFFFFFFFFFFFFFFFFFFFFFFFFFFFFFFFFFFFFFFFFFFFFFFFFFFFFFFFFFFFFFFFFFFFFFFFFFFFFFFFFFFFFFFFFFFFFFFFFFFFFFFFFFFFFFFFFFFFFFFFFFFFFFFFFFFFFFFFFFFFFFFFFFFFFFFFFFFFFF
08AAC0A20049000F48A5A90A000000000002000007000000000000000200000000000000060000000000000000000000000000000000000000000000803E0000803E0000FFFFFFFFFFFFFFFF00000C00
08B8C09E0069000F48A64535000000000000010001000100000000000000000000000000000000001A070000000000002F63662F64735F66696C7465725F74626C2E74626C00000000000000000000000000000000000000000000000000000000000000000000000000000000000000
089BC0A20015000F48A64A4F00000000000000000000000003001400
08A7C0A100A5000F48A64F700000000000000300FFFFFFFFFFFFFFFFFFFFFFFFFFFFFFFFFFFFFFFFFFFFFFFFFFFFFFFFFFFFFFFFFFFFFFFFFFFFFFFFFFFFFFFF333333333333333333333333333333333333333333333333333333333333333333333333333333333333333333333333333333333333333333333333333333333333333333333333333333333333333333333333333333330000000000000000000000000000000000000000
0887C0A1005D000F48A663E800000000000000000000000000000000000000000000000000000000000000000000000000000000000000000000000000000000000000000000000000000000000000000000000000000000000000000000000000000000
0897C0A2003D000F48A6FD7F00000000000001012F630000000000002BF700006300500E7A00000002000000C20200002900000072020000580000006300630000000100
08A4C09E0045000F48A90A4E0000000001000101010101010100000000000000000000000000000000000000000000000000000018340000000000000000000000000000000000001E000000
088AC0A20013000F48A923F50000000001000002000000000000
0890C0A0003D000F48A980100000000000000000000000000000000000000000000000000000000000000000000000000000000000000000000000000100010001000100
08AAC0A30049000F48A98530000000000002000007000000000000000200000000000000060000000000000000000000000000000000000000000000803E0000803E0000FFFFFFFFFFFFFFFF00000C00
09BAC0A70043000F48A98D0F00000000530001010100E17AE4419A897444C335944314AE1242713DFAC18FC2E5C06666DA418FC2F5BC0AD7233C3333933F000000000000000000000000
09CAC0910027000F48A98D430000000000000200000048E12D42B9C5EB41B8AE050064F3030028390000410C0000
09AAC0910058000F48A98E9A00000000000000F4FD3440FCA93140BC745340000080BFC5205040871659407D3F5540DD24863FCDCCCC3DCDCCCCBE9A990F44000080BFCDCCCCBD33335340CDCC4CBECDCCCCBE010101000101010107000000
09DAC07D0099000F48A98FD200000000000502000100012F7661722F70697361742F646174612F636170747572655F322E6A7067000000000000000000000000000000000000000000000000000000000000000000000000000000000000000000000000000000000000000000000000000000000000000000000000000000000000000000000000000000000000000000000000000000741402005A91676A00
08B8C09F0069000F48AA171F0000000000000100010001000000000000000000000000000000000025070000000000002F63662F64735F66696C7465725F74626C2E74626C00000000000000000000000000000000000000000000000000000000000000000000000000000000000000
089BC0A30015000F48AA30B500000000000000000000000003001400
08A7C0A200A5000F48AA4A510000000000000300FFFFFFFFFFFFFFFFFFFFFFFFFFFFFFFFFFFFFFFFFFFFFFFFFFFFFFFFFFFFFFFFFFFFFFFFFFFFFFFFFFFFFFFF333333333333333333333333333333333333333333333333333333333333333333333333333333333333333333333333333333333333333333333333333333333333333333333333333333333333333333333333333333330000000000000000000000000000000000000000
0887C0A2005D000F48AA63EA00000000000000000000000000000000000000000000000000000000000000000000000000000000000000000000000000000000000000000000000000000000000000000000000000000000000000000000000000000000
08ADC0A100AD000F48AAC175000000000000010001011F0000000300000000000000000000000000000000000000000010270000A10000009F000000AC070000A0000000A2000000FFFFFFFFFFFFFFFFFFFFFFFFFFFFFFFFFFFFFFFFFFFFFFFFFFFFFFFFFFFFFFFFFFFFFFFFFFFFFFFFFFFFFFFFFFFFFFFFFFFFFFFFFFFFFFFFFFFFFFFFFFFFFFFFFFFFFFFFFFFFFFFFFFFFFFFFFFFFFFFFFFFFFFFFFFFFFFFFFFFFFFFFFFFFFFFFFFFFFFFFFFFFFFFFFFFFFFFF
0897C0A3003D000F48AAFD7F0000000000000101D063000000000000BBF800006300650E7A00000002000000C60200002900000076020000580000006300630000000100
09BAC0A80043000F48AC091500000000540000000000E17AE4419A897444C335944314AE1242713DFAC18FC2E5C06666DA418FC2F5BC0AD7233C3333933F000000000000000000000000
09BAC0A90043000F48AC88EC00000000540001010100E17AE441AE8774447B549443D7A31242CDCCF2C1EC51F8C05C8FDC410AD723BD0AD7233C3333933F000000000000000000000000
09CAC0920027000F48AC8924000000000000020000003108304287EDE641B8AE050064F3030028390000410C0000
09AAC0920058000F48AC8A85000000000000003F353E407D3F55402B875640000080BF46B65340F6285C400E2D5240DD24863FCDCC4CBECDCCCCBD6726C843000080BF000000009A99D93F000000BFCDCC4CBE010101000101010107000000
08A4C09F0045000F48AD4ED30000000001000101010101010100000000000000000000000000000000000000000000000000000018340000000000000000000000000000000000001E000000
088AC0A30013000F48AD52080000000001000002000000000000
0890C0A1003D000F48AD5C380000000000000000000000000000000000000000000000000000000000000000000000000000000000000000000000000100010001000100
08AAC0A40049000F48AD70B4000000000002000007000000000000000200000000000000060000000000000000000000000000000000000000000000803E0000803E0000FFFFFFFFFFFFFFFF00000C00
08B8C0A00069000F48AE171F000000000000010001000100000000000000000000000000000000002F070000000000002F63662F64735F66696C7465725F74626C2E74626C00000000000000000000000000000000000000000000000000000000000000000000000000000000000000
089BC0A40015000F48AE30B400000000000000000000000003001400
08A7C0A300A5000F48AE4A510000000000000300FFFFFFFFFFFFFFFFFFFFFFFFFFFFFFFFFFFFFFFFFFFFFFFFFFFFFFFFFFFFFFFFFFFFFFFFFFFFFFFFFFFFFFFF333333333333333333333333333333333333333333333333333333333333333333333333333333333333333333333333333333333333333333333333333333333333333333333333333333333333333333333333333333330000000000000000000000000000000000000000
08ADC0A200AD000F48AE944F000000000000010001011F0000000300000000000000000000000000000000000000000010270000A2000000A0000000B7070000A1000000A3000000FFFFFFFFFFFFFFFFFFFFFFFFFFFFFFFFFFFFFFFFFFFFFFFFFFFFFFFFFFFFFFFFFFFFFFFFFFFFFFFFFFFFFFFFFFFFFFFFFFFFFFFFFFFFFFFFFFFFFFFFFFFFFFFFFFFFFFFFFFFFFFFFFFFFFFFFFFFFFFFFFFFFFFFFFFFFFFFFFFFFFFFFFFFFFFFFFFFFFFFFFFFFFFFFFFFFFFFF
0887C0A3005D000F48AE972100000000000000000000000000000000000000000000000000000000000000000000000000000000000000000000000000000000000000000000000000000000000000000000000000000000000000000000000000000000
09BAC0AA0043000F48AE9EDC00000000550000000000E17AE441AE8774447B549443D7A31242CDCCF2C1EC51F8C05C8FDC410AD723BD0AD7233C3333933F000000000000000000000000
09CAC0930027000F48AE9F100000000000000200000031083042B1BFEB41B8AE050064F3030028390000410C0000
09AAC0930058000F48AEA083000000000000004A0C4240B4C85640BC745340000080BF3BDF4F403D0A5740C1CA2140CBA1853FCDCC4CBE0000803F00800D44000080BF000000000000803FCDCC4CBECDCCCCBD010101000101010107000000
09DAC07E0099000F48AEA1B000000000000502000100012F7661722F70697361742F646174612F636170747572655F322E6A7067000000000000000000000000000000000000000000000000000000000000000000000000000000000000000000000000000000000000000000000000000000000000000000000000000000000000000000000000000000000000000000000000000000741402005A91676A00
0897C0A4003D000F48AEFD80000000000000010171640000000000004BFA00006300810E7A00000002000000CA020000290000007A020000580000006300630000000100
08A4C0A00045000F48B126770000000001000101010101010100000000000000000000000000000001000000000000000000000018340000000000000000000000000000000000001E000000
088AC0A40013000F48B12BA50000000001000002000000000000
0890C0A2003D000F48B1548B0000000000000000000000000000000000000000000000000000000000000000000000000000000000000000000000000100010001000100
08AAC0A50049000F48B16E26000000000002000007000000000000000200000000000000060000000000000000000000000000000000000000000000803E0000803E0000FFFFFFFFFFFFFFFF00000C00
08B8C0A10069000F48B214930000000000000100010001000000000000000000000000000000000037070000000000002F63662F64735F66696C7465725F74626C2E74626C00000000000000000000000000000000000000000000000000000000000000000000000000000000000000
08ADC0A300AD000F48B265A4000000000000010001011F0000000300000000000000000000000000000000000000000010270000A3000000A1000000C2070000A2000000A4000000FFFFFFFFFFFFFFFFFFFFFFFFFFFFFFFFFFFFFFFFFFFFFFFFFFFFFFFFFFFFFFFFFFFFFFFFFFFFFFFFFFFFFFFFFFFFFFFFFFFFFFFFFFFFFFFFFFFFFFFFFFFFFFFFFFFFFFFFFFFFFFFFFFFFFFFFFFFFFFFFFFFFFFFFFFFFFFFFFFFFFFFFFFFFFFFFFFFFFFFFFFFFFFFFFFFFFFFF
089BC0A50015000F48B2667900000000000000000000000003001400
08A7C0A400A5000F48B26B990000000000000300FFFFFFFFFFFFFFFFFFFFFFFFFFFFFFFFFFFFFFFFFFFFFFFFFFFFFFFFFFFFFFFFFFFFFFFFFFFFFFFFFFFFFFFF333333333333333333333333333333333333333333333333333333333333333333333333333333333333333333333333333333333333333333333333333333333333333333333333333333333333333333333333333333330000000000000000000000000000000000000000
0887C0A4005D000F48B270B400000000000000000000000000000000000000000000000000000000000000000000000000000000000000000000000000000000000000000000000000000000000000000000000000000000000000000000000000000000
0897C0A5003D000F48B2FAF000000000000001010E65000000000000DBFB000063009E0E7B00000002000000CE020000290000007E020000580000006200630063000100
09BAC0AB0043000F48B3B0E900000000550001010100D7A3E4413D8A7444852B9443D7A312429A99F5C1E17AECC03333D9418FC2F5BC0AD7A33C3333933F000000000000000000000000
09CAC0940027000F48B3B12000000000000002000000310830424992E441B8AE0500B0F3030028390000410C0000
09AAC0940058000F48B3B273000000000000001F854B4062105840BC745340000080BFB29D4F406ABC5440F0A72640B81E853FCDCC4CBE3333F33F67660E44000080BFCDCCCC3DCDCCCC3D000000BF9A9999BE010101000101010107000000
09DAC07F0099000F48B3B3B100000000000502000100012F7661722F70697361742F646174612F636170747572655F322E6A7067000000000000000000000000000000000000000000000000000000000000000000000000000000000000000000000000000000000000000000000000000000000000000000000000000000000000000000000000000000000000000000000000000000741402005A91676A00
08A4C0A10045000F48B507BF0000000001000101010101010100000000000000000000000000000000000000000000000000000018340000000000000000000000000000000000001F000000
088AC0A50013000F48B521650000000001000002000000000000
0890C0A3003D000F48B5548B0000000000000000000000000000000000000000000000000000000000000000000000000000000000000000000000000100010001000100
08AAC0A60049000F48B56E25000000000002000007000000000000000200000000000000060000000000000000000000000000000000000000000000803E0000803E0000FFFFFFFFFFFFFFFF00000C00
08ADC0A400AD000F48B657B2000000000000010001011F0000000300000000000000000000000000000000000000000010270000A4000000A2000000CF070000A3000000A5000000FFFFFFFFFFFFFFFFFFFFFFFFFFFFFFFFFFFFFFFFFFFFFFFFFFFFFFFFFFFFFFFFFFFFFFFFFFFFFFFFFFFFFFFFFFFFFFFFFFFFFFFFFFFFFFFFFFFFFFFFFFFFFFFFFFFFFFFFFFFFFFFFFFFFFFFFFFFFFFFFFFFFFFFFFFFFFFFFFFFFFFFFFFFFFFFFFFFFFFFFFFFFFFFFFFFFFFFF
0887C0A5005D000F48B6615A00000000000000000000000000000000000000000000000000000000000000000000000000000000000000000000000000000000000000000000000000000000000000000000000000000000000000000000000000000000
0897C0A6003D000F48B6FAF000000000000001019A6500000000000035FD00006400AD0E7D00000002000000D20200002900000082020000580000006200630063000100
09BAC0AC0043000F48B88CEE00000000560000000000D7A3E4413D8A7444852B9443D7A312429A99F5C1E17AECC03333D9418FC2F5BC0AD7A33C3333933F000000000000000000000000
09CAC0950027000F48B88D290000000000000200000031083042527DC541B8AE0500C4F3030028390000410C0000
09AAC0950058000F48B88E9400000000000000AC1C5A408FC25540BC745340000080BF295C4F4023DB19400C022B40CBA1853F0000C03FCDCC4C3E9A990B44000080BFCDCCCC3ECDCC4CBE000000BF9A9999BE010101000101010107000000
09DAC0800099000F48B88FAA00000000000502000100012F7661722F70697361742F646174612F636170747572655F322E6A7067000000000000000000000000000000000000000000000000000000000000000000000000000000000000000000000000000000000000000000000000000000000000000000000000000000000000000000000000000000000000000000000000000000741402005A91676A00
08A4C0A20045000F48B90CCE0000000001000101010101010100000000000000000000000000000000000000000000000000000018340000000000000000000000000000000000001F000000
088AC0A60013000F48B926740000000001000002000000000000
0890C0A4003D000F48B9599A0000000000000000000000000000000000000000000000000000000000000000000000000000000000000000000000000100010001000100
08AAC0A70049000F48B97334000000000002000007000000000000000200000000000000060000000000000000000000000000000000000000000000803E0000803E0000FFFFFFFFFFFFFFFF00000C00
08ADC0A500AD000F48BA2902000000000000010001011F0000000300000000000000000000000000000000000000000010270000A5000000A3000000DA070000A4000000A6000000FFFFFFFFFFFFFFFFFFFFFFFFFFFFFFFFFFFFFFFFFFFFFFFFFFFFFFFFFFFFFFFFFFFFFFFFFFFFFFFFFFFFFFFFFFFFFFFFFFFFFFFFFFFFFFFFFFFFFFFFFFFFFFFFFFFFFFFFFFFFFFFFFFFFFFFFFFFFFFFFFFFFFFFFFFFFFFFFFFFFFFFFFFFFFFFFFFFFFFFFFFFFFFFFFFFFFFFF
08B8C0A20069000F48BA3337000000000000010001000100000000000000000000000000000000004D070000000000002F63662F64735F66696C7465725F74626C2E74626C00000000000000000000000000000000000000000000000000000000000000000000000000000000000000
089BC0A60015000F48BA385300000000000000000000000003001400
08A7C0A500A5000F48BA4CD00000000000000300FFFFFFFFFFFFFFFFFFFFFFFFFFFFFFFFFFFFFFFFFFFFFFFFFFFFFFFFFFFFFFFFFFFFFFFFFFFFFFFFFFFFFFFF333333333333333333333333333333333333333333333333333333333333333333333333333333333333333333333333333333333333333333333333333333333333333333333333333333333333333333333333333333330000000000000000000000000000000000000000
0887C0A6005D000F48BA666700000000000000000000000000000000000000000000000000000000000000000000000000000000000000000000000000000000000000000000000000000000000000000000000000000000000000000000000000000000
0897C0A7003D000F48BAFFFF00000000000001013B66000000000000C5FE00006400C20E7F00000002000000D60200002900000087020000580000000000630000000100
08B8C0A30069000F48BC19A00000000000000100010001000000000000000000000000000000000056070000000000002F63662F64735F66696C7465725F74626C2E74626C00000000000000000000000000000000000000000000000000000000000000000000000000000000000000
089BC0A70015000F48BC333500000000000000000000000003001400
08A7C0A600A5000F48BC4CD10000000000000300FFFFFFFFFFFFFFFFFFFFFFFFFFFFFFFFFFFFFFFFFFFFFFFFFFFFFFFFFFFFFFFFFFFFFFFFFFFFFFFFFFFFFFFF333333333333333333333333333333333333333333333333333333333333333333333333333333333333333333333333333333333333333333333333333333333333333333333333333333333333333333333333333333330000000000000000000000000000000000000000
0887C0A7005D000F48BC666800000000000000000000000000000000000000000000000000000000000000000000000000000000000000000000000000000000000000000000000000000000000000000000000000000000000000000000000000000000
0897C0A8003D000F48BD2E1B00000000000001019866000000000000BCFF00006600CE0E8100000002000000DA020000290000008A020000590000001200630000000101
08A4C0A30045000F48BF07BF0000000001000101010101010100000000000000000000000000000000000000000000000000000018340000000000000000000000000000000000001F000000
088AC0A70013000F48BF21650000000001000002000000000000
0890C0A5003D000F48BF548B0000000000000000000000000000000000000000000000000000000000000000000000000000000000000000000000000100010001000100
08AAC0A80049000F48BF6E25000000000002000007000000000000000200000000000000060000000000000000000000000000000000000000000000803E0000803E0000FFFFFFFFFFFFFFFF00000C00
08ADC0A600AD000F48C00137000000000000010001011F0000000300000000000000000000000000000000000000000010270000A6000000A5000000EB070000A5000000A8000000FFFFFFFFFFFFFFFFFFFFFFFFFFFFFFFFFFFFFFFFFFFFFFFFFFFFFFFFFFFFFFFFFFFFFFFFFFFFFFFFFFFFFFFFFFFFFFFFFFFFFFFFFFFFFFFFFFFFFFFFFFFFFFFFFFFFFFFFFFFFFFFFFFFFFFFFFFFFFFFFFFFFFFFFFFFFFFFFFFFFFFFFFFFFFFFFFFFFFFFFFFFFFFFFFFFFFFFF
08B8C0A40069000F48C018720000000000000100010001000000000000000000000000000000000060070000000000002F63662F64735F66696C7465725F74626C2E74626C00000000000000000000000000000000000000000000000000000000000000000000000000000000000000
089BC0A80015000F48C0320600000000000000000000000003001400
08A7C0A700A5000F48C04BA20000000000000300FFFFFFFFFFFFFFFFFFFFFFFFFFFFFFFFFFFFFFFFFFFFFFFFFFFFFFFFFFFFFFFFFFFFFFFFFFFFFFFFFFFFFFFF333333333333333333333333333333333333333333333333333333333333333333333333333333333333333333333333333333333333333333333333333333333333333333333333333333333333333333333333333333330000000000000000000000000000000000000000
0887C0A8005D000F48C0653900000000000000000000000000000000000000000000000000000000000000000000000000000000000000000000000000000000000000000000000000000000000000000000000000000000000000000000000000000000
09BAC0AD0043000F48C08E61000000005600010101005C8FE44152887444F6489443D7A31242F628F4C1713DF2C085EBD9418FC2F5BC0AD7233C3333933F000000000000000000000000
09CAC0960027000F48C08E980000000000000200000031083042E24AE741B8AE0500C8F3030028390000410C0000
09AAC0960058000F48C08FEC0000000000000023DB59404C37294046B65340000080BF4E62504046B6334087165940CBA1853F0000003FCDCCCCBD33330D44000080BF9A99993E9A9999BE0000C03FCDCC4CBE010101000101010107000000
09DAC0810099000F48C0911500000000000502000100012F7661722F70697361742F646174612F636170747572655F322E6A7067000000000000000000000000000000000000000000000000000000000000000000000000000000000000000000000000000000000000000000000000000000000000000000000000000000000000000000000000000000000000000000000000000000741402005A91676A00
0897C0A9003D000F48C10A4B00000000000001012867000000000000160101006700E10E8200000002000000DE020000290000008E0200005B0000000400630063000101
08A4C0A40045000F48C307BD0000000001000101010101010100000000000000000000000000000000000000000000000000000018340000000000000000000000000000000000001F000000
088AC0A80013000F48C321630000000001000002000000000000
0890C0A6003D000F48C38A4F0000000000000000000000000000000000000000000000000000000000000000000000000000000000000000000000000100010001000100
08AAC0A90049000F48C38F6C000000000002000007000000000000000200000000000000060000000000000000000000000000000000000000000000803E0000803E0000FFFFFFFFFFFFFFFF00000C00
08ADC0A700AD000F48C39A2C000000000000010001011F0000000300000000000000000000000000000000000000000010270000A7000000A6000000F6070000A6000000A9000000FFFFFFFFFFFFFFFFFFFFFFFFFFFFFFFFFFFFFFFFFFFFFFFFFFFFFFFFFFFFFFFFFFFFFFFFFFFFFFFFFFFFFFFFFFFFFFFFFFFFFFFFFFFFFFFFFFFFFFFFFFFFFFFFFFFFFFFFFFFFFFFFFFFFFFFFFFFFFFFFFFFFFFFFFFFFFFFFFFFFFFFFFFFFFFFFFFFFFFFFFFFFFFFFFFFFFFFF
08B8C0A50069000F48C4171F000000000000010001000100000000000000000000000000000000006A070000000000002F63662F64735F66696C7465725F74626C2E74626C00000000000000000000000000000000000000000000000000000000000000000000000000000000000000
089BC0A90015000F48C430B400000000000000000000000003001400
08A7C0A800A5000F48C44A500000000000000300FFFFFFFFFFFFFFFFFFFFFFFFFFFFFFFFFFFFFFFFFFFFFFFFFFFFFFFFFFFFFFFFFFFFFFFFFFFFFFFFFFFFFFFF333333333333333333333333333333333333333333333333333333333333333333333333333333333333333333333333333333333333333333333333333333333333333333333333333333333333333333333333333333330000000000000000000000000000000000000000
0887C0A9005D000F48C463E800000000000000000000000000000000000000000000000000000000000000000000000000000000000000000000000000000000000000000000000000000000000000000000000000000000000000000000000000000000
0897C0AA003D000F48C4FD7F0000000000000101C567000000000000A60201006700F70E8300000002000000E202000029000000910200005B0000006300630000000101
09BAC0AE0043000F48C58F6D000000005700000000005C8FE44152887444F6489443D7A31242F628F4C1713DF2C085EBD9418FC2F5BC0AD7233C3333933F000000000000000000000000
09CAC0970027000F48C58FAA0000000000000200000031083042934FE841B8AE0500D8F3030028390000410C0000
09AAC0970058000F48C5911500000000000000BC7453409A993940CFF75340000080BFE9265140A245564087165940CBA1853FCDCCCC3ECDCCCCBD9AD91044000080BFCDCC4CBECDCC4C3E3333B33FCDCC4CBE010101000101010107000000
09DAC0820099000F48C5922C00000000000502000100012F7661722F70697361742F646174612F636170747572655F322E6A7067000000000000000000000000000000000000000000000000000000000000000000000000000000000000000000000000000000000000000000000000000000000000000000000000000000000000000000000000000000000000000000000000000000741402005A91676A00
08A4C0A50045000F48C70CCD0000000001000101010101010100000000000000000000000000000001000000000000000000000018340000000000000000000000000000000000001F000000
088AC0A90013000F48C75C390000000001000002000000000000
0890C0A7003D000F48C766660000000000000000000000000000000000000000000000000000000000000000000000000000000000000000000000000100010001000100
08AAC0AA0049000F48C77334000000000002000007000000000000000200000000000000060000000000000000000000000000000000000000000000803E0000803E0000FFFFFFFFFFFFFFFF00000C00
08B8C0A60069000F48C7148F0000000000000100010001000000000000000000000000000000000075070000000000002F63662F64735F66696C7465725F74626C2E74626C00000000000000000000000000000000000000000000000000000000000000000000000000000000000000
089BC0AA0015000F48C72E2500000000000000000000000003001400
08A7C0A900A5000F48C747C10000000000000300FFFFFFFFFFFFFFFFFFFFFFFFFFFFFFFFFFFFFFFFFFFFFFFFFFFFFFFFFFFFFFFFFFFFFFFFFFFFFFFFFFFFFFFF333333333333333333333333333333333333333333333333333333333333333333333333333333333333333333333333333333333333333333333333333333333333333333333333333333333333333333333333333333330000000000000000000000000000000000000000
08ADC0A800AD000F48C7A0E7000000000000010001011F0000000300000000000000000000000000000000000000000010270000A8000000A700000005080000A7000000AA000000FFFFFFFFFFFFFFFFFFFFFFFFFFFFFFFFFFFFFFFFFFFFFFFFFFFFFFFFFFFFFFFFFFFFFFFFFFFFFFFFFFFFFFFFFFFFFFFFFFFFFFFFFFFFFFFFFFFFFFFFFFFFFFFFFFFFFFFFFFFFFFFFFFFFFFFFFFFFFFFFFFFFFFFFFFFFFFFFFFFFFFFFFFFFFFFFFFFFFFFFFFFFFFFFFFFFFFFF
0887C0AA005D000F48C7A12200000000000000000000000000000000000000000000000000000000000000000000000000000000000000000000000000000000000000000000000000000000000000000000000000000000000000000000000000000000
0897C0AB003D000F48C7FAF000000000000001016668000000000000360401006700140F8300000002000000E602000029000000950200005B0000006200630063000100
09BAC0AF0043000F48C88F93000000005700010101005C8FE4419A8974447B34944314AE12429A99F7C148E1B2C05C8FD6418FC2F5BC000000003333933F000000000000000000000000
09CAC0980027000F48C88FC90000000000000200000048E12D42108DB141B8AE0500DCF3030028390000410C0000
09AAC0980058000F48C8911F00000000000000FED43840E3A53B4046B65340000080BF60E55040105859407D3F5540DD24863FCDCC4CBE9A9919BFCD0C1044000080BFCDCCCC3D33331340CDCC4CBE9A9999BE010101000101010107000000
09DAC0830099000F48C8924F00000000000502000100012F7661722F70697361742F646174612F636170747572655F322E6A7067000000000000000000000000000000000000000000000000000000000000000000000000000000000000000000000000000000000000000000000000000000000000000000000000000000000000000000000000000000000000000000000000000000741402005A91676A00
08A4C0A60045000F48C907BF00000000010001010101010101000000000000000000000000000000000000000000000000000000183400000000000000000000000000000000000020000000
088AC0AA0013000F48C921650000000001000002000000000000
0890C0A8003D000F48C990A10000000000000000000000000000000000000000000000000000000000000000000000000000000000000000000000000100010001000100
09BAC0B00043000F48C990C8000000005800000000005C8FE4419A8974447B34944314AE12429A99F7C148E1B2C05C8FD6418FC2F5BC000000003333933F000000000000000000000000
09BAC0B10043000F48C990F9000000005800010101005C8FE441528874443D4A94438FC212420AD7F7C17B1406C1295CDF410AD723BD0AD7A33CE17A943F000000000000000000000000
09CAC0990027000F48C9912800000000000002000000310830422FA76842B8AE0500E8F3030028390000410C0000
09AAC0990058000F48C9927C0000000000000048E13A40D1223B4019045640000080BFE17A54409A99594019045640DD24863FCDCCCCBD000000BF9A99C843000080BF9A99993E3333334000000000CDCC4CBE010101000101010107000000
08AAC0AB0049000F48C9948D000000000002000007000000000000000200000000000000060000000000000000000000000000000000000000000000803E0000803E0000FFFFFFFFFFFFFFFF00000C00
08ADC0A900AD000F48CA3076000000000000010001011F0000000300000000000000000000000000000000000000000010270000A8000000A70000000D080000A7000000AA000000FFFFFFFFFFFFFFFFFFFFFFFFFFFFFFFFFFFFFFFFFFFFFFFFFFFFFFFFFFFFFFFFFFFFFFFFFFFFFFFFFFFFFFFFFFFFFFFFFFFFFFFFFFFFFFFFFFFFFFFFFFFFFFFFFFFFFFFFFFFFFFFFFFFFFFFFFFFFFFFFFFFFFFFFFFFFFFFFFFFFFFFFFFFFFFFFFFFFFFFFFFFFFFFFFFFFFFFF
08B8C0A70069000F48CA3866000000000000010001000100000000000000000000000000000000007B070000000000002F63662F64735F66696C7465725F74626C2E74626C00000000000000000000000000000000000000000000000000000000000000000000000000000000000000
089BC0AB0015000F48CA3D8200000000000000000000000003001400
08A7C0AA00A5000F48CA47C00000000000000300FFFFFFFFFFFFFFFFFFFFFFFFFFFFFFFFFFFFFFFFFFFFFFFFFFFFFFFFFFFFFFFFFFFFFFFFFFFFFFFFFFFFFFFF333333333333333333333333333333333333333333333333333333333333333333333333333333333333333333333333333333333333333333333333333333333333333333333333333333333333333333333333333333330000000000000000000000000000000000000000
0887C0AB005D000F48CA615800000000000000000000000000000000000000000000000000000000000000000000000000000000000000000000000000000000000000000000000000000000000000000000000000000000000000000000000000000000
0897C0AC003D000F48CAFAF00000000000000101E0680000000000006405010068002A0F8300000002000000EA02000029000000980200005C0000006200630063000100
08A4C0A70045000F48CD0A4000000000010001010101010101000000000000000000000000000000000000000000000000000000183400000000000000000000000000000000000020000000
088AC0AB0013000F48CD26750000000001000002000000000000
0890C0A9003D000F48CD599B0000000000000000000000000000000000000000000000000000000000000000000000000000000000000000000000000100010001000100
08AAC0AC0049000F48CD7336000000000002000007000000000000000200000000000000060000000000000000000000000000000000000000000000803E0000803E0000FFFFFFFFFFFFFFFF00000C00
09BAC0B20043000F48CD8F6E000000005900000000005C8FE441528874443D4A94438FC212420AD7F7C17B1406C1295CDF410AD723BD0AD7A33CE17A943F000000000000000000000000
09CAC09A0027000F48CD8FA70000000000000200000048E12D4256A6B041B8AE0500E8F3030028390000410C0000
09AAC09A0058000F48CD911F00000000000000273148407D3F554046B65340000080BF60E5504062105840E9265140DD24863FCDCCCCBDCDCC4C3E00E00C44000080BF9A9999BE3333B33FCDCC4CBECDCC4CBE010101000101010107000000
09DAC0840099000F48CD922900000000000502000100012F7661722F70697361742F646174612F636170747572655F322E6A7067000000000000000000000000000000000000000000000000000000000000000000000000000000000000000000000000000000000000000000000000000000000000000000000000000000000000000000000000000000000000000000000000000000741402005A91676A00
08ADC0AA00AD000F48CE0074000000000000010001011F0000000300000000000000000000000000000000000000000010270000A9000000A800000018080000A8000000AB000000FFFFFFFFFFFFFFFFFFFFFFFFFFFFFFFFFFFFFFFFFFFFFFFFFFFFFFFFFFFFFFFFFFFFFFFFFFFFFFFFFFFFFFFFFFFFFFFFFFFFFFFFFFFFFFFFFFFFFFFFFFFFFFFFFFFFFFFFFFFFFFFFFFFFFFFFFFFFFFFFFFFFFFFFFFFFFFFFFFFFFFFFFFFFFFFFFFFFFFFFFFFFFFFFFFFFFFFF
08B8C0A80069000F48CE19230000000000000100010001000000000000000000000000000000000084070000000000002F63662F64735F66696C7465725F74626C2E74626C00000000000000000000000000000000000000000000000000000000000000000000000000000000000000
089BC0AC0015000F48CE32BA00000000000000000000000003001400
08A7C0AB00A5000F48CE4C560000000000000300FFFFFFFFFFFFFFFFFFFFFFFFFFFFFFFFFFFFFFFFFFFFFFFFFFFFFFFFFFFFFFFFFFFFFFFFFFFFFFFFFFFFFFFF333333333333333333333333333333333333333333333333333333333333333333333333333333333333333333333333333333333333333333333333333333333333333333333333333333333333333333333333333333330000000000000000000000000000000000000000
0887C0AC005D000F48CE65ED00000000000000000000000000000000000000000000000000000000000000000000000000000000000000000000000000000000000000000000000000000000000000000000000000000000000000000000000000000000
0897C0AD003D000F48CF001600000000000001018169000000000000F40601006800490F8700000002000000EE020000290000009D0200005D0000000000630063000100
08A4C0A80045000F48D10A4E00000000010001010101010101000000000000000000000000000000000000000000000000000000183400000000000000000000000000000000000020000000
088AC0AC0013000F48D123F40000000001000002000000000000
0890C0AA003D000F48D1571A0000000000000000000000000000000000000000000000000000000000000000000000000000000000000000000000000100010001000100
08AAC0AD0049000F48D170B5000000000002000007000000000000000200000000000000060000000000000000000000000000000000000000000000803E0000803E0000FFFFFFFFFFFFFFFF00000C00
08ADC0AB00AD000F48D1D4CA000000000000010001011F0000000300000000000000000000000000000000000000000010270000AA000000A900000029080000A9000000AC000000FFFFFFFFFFFFFFFFFFFFFFFFFFFFFFFFFFFFFFFFFFFFFFFFFFFFFFFFFFFFFFFFFFFFFFFFFFFFFFFFFFFFFFFFFFFFFFFFFFFFFFFFFFFFFFFFFFFFFFFFFFFFFFFFFFFFFFFFFFFFFFFFFFFFFFFFFFFFFFFFFFFFFFFFFFFFFFFFFFFFFFFFFFFFFFFFFFFFFFFFFFFFFFFFFFFFFFFF
08B8C0A90069000F48D2171E000000000000010001000100000000000000000000000000000000008D070000000000002F63662F64735F66696C7465725F74626C2E74626C00000000000000000000000000000000000000000000000000000000000000000000000000000000000000
089BC0AD0015000F48D230B400000000000000000000000003001400
08A7C0AC00A5000F48D24A500000000000000300FFFFFFFFFFFFFFFFFFFFFFFFFFFFFFFFFFFFFFFFFFFFFFFFFFFFFFFFFFFFFFFFFFFFFFFFFFFFFFFFFFFFFFFF333333333333333333333333333333333333333333333333333333333333333333333333333333333333333333333333333333333333333333333333333333333333333333333333333333333333333333333333333333330000000000000000000000000000000000000000
0887C0AD005D000F48D263E800000000000000000000000000000000000000000000000000000000000000000000000000000000000000000000000000000000000000000000000000000000000000000000000000000000000000000000000000000000
09BAC0B30043000F48D28D1000000000590001010100E17AE44152887444AE47944385EB1242713DF6C1B81EF5C048E1E4410AD723BD8FC2F53CE17A943F000000000000000000000000
09CAC09B0027000F48D28D48000000000000020000005EBA2B4215BCEC41B8AE0500FCF3030028390000410C0000
09AAC09B0058000F48D28E9C00000000000000DD2446406210584046B65340000080BFD7A3504019045640F0A72640CBA1853F9A9999BECDCC0C40CDEC1044000080BFCDCCCC3D00000000CDCCCCBECDCC4CBE010101000101010107000000
09DAC0850099000F48D28FBE00000000000502000100012F7661722F70697361742F646174612F636170747572655F322E6A7067000000000000000000000000000000000000000000000000000000000000000000000000000000000000000000000000000000000000000000000000000000000000000000000000000000000000000000000000000000000000000000000000000000741402005A91676A00
0897C0AE003D000F48D323E60000000000000101226A000000000000840801006800620F8800000002000000F202000029000000A10200005E0000000E00630000000100
08A4C0A90045000F48D5267900000000010001010101010101000000000000000000000000000000000000000000000000000000183400000000000000000000000000000000000020000000
088AC0AD0013000F48D5401F0000000001000002000000000000
0890C0AB003D000F48D5948E0000000000000000000000000000000000000000000000000000000000000000000000000000000000000000000000000100010001000100
08AAC0AE0049000F48D599AD000000000002000007000000000000000200000000000000060000000000000000000000000000000000000000000000803E0000803E0000FFFFFFFFFFFFFFFF00000C00
08B8C0AA0069000F48D50F6F0000000000000100010001000000000000000000000000000000000098070000000000002F63662F64735F66696C7465725F74626C2E74626C00000000000000000000000000000000000000000000000000000000000000000000000000000000000000
089BC0AE0015000F48D5148C00000000000000000000000003001400
08A7C0AD00A5000F48D52E270000000000000300FFFFFFFFFFFFFFFFFFFFFFFFFFFFFFFFFFFFFFFFFFFFFFFFFFFFFFFFFFFFFFFFFFFFFFFFFFFFFFFFFFFFFFFF333333333333333333333333333333333333333333333333333333333333333333333333333333333333333333333333333333333333333333333333333333333333333333333333333333333333333333333333333333330000000000000000000000000000000000000000
0887C0AE005D000F48D547BF00000000000000000000000000000000000000000000000000000000000000000000000000000000000000000000000000000000000000000000000000000000000000000000000000000000000000000000000000000000
08ADC0AC00AD000F48D5EFD3000000000000010001011F0000000300000000000000000000000000000000000000000010270000AB000000AA00000038080000AA000000AD000000FFFFFFFFFFFFFFFFFFFFFFFFFFFFFFFFFFFFFFFFFFFFFFFFFFFFFFFFFFFFFFFFFFFFFFFFFFFFFFFFFFFFFFFFFFFFFFFFFFFFFFFFFFFFFFFFFFFFFFFFFFFFFFFFFFFFFFFFFFFFFFFFFFFFFFFFFFFFFFFFFFFFFFFFFFFFFFFFFFFFFFFFFFFFFFFFFFFFFFFFFFFFFFFFFFFFFFFF
0897C0AF003D000F48D5F8610000000000000101BF6A000000000000140A01006800820F8800000002000000F602000029000000A40200005F0000006100630059000101
08A4C0AA0045000F48D73D8100000000010001010101010101000000000000000000000000000000000000000000000000000000183400000000000000000000000000000000000020000000
088AC0AE0013000F48D742AD0000000001000002000000000000
0890C0AC003D000F48D7571A0000000000000000000000000000000000000000000000000000000000000000000000000000000000000000000000000100010001000100
08AAC0AF0049000F48D770B5000000000002000007000000000000000200000000000000060000000000000000000000000000000000000000000000803E0000803E0000FFFFFFFFFFFFFFFF00000C00
08B8C0AB0069000F48D8171D000000000000010001000100000000000000000000000000000000009C070000000000002F63662F64735F66696C7465725F74626C2E74626C00000000000000000000000000000000000000000000000000000000000000000000000000000000000000
08ADC0AD00AD000F48D8A95C000000000000010001011F0000000300000000000000000000000000000000000000000010270000AB000000AB0000003E080000AA000000AD000000FFFFFFFFFFFFFFFFFFFFFFFFFFFFFFFFFFFFFFFFFFFFFFFFFFFFFFFFFFFFFFFFFFFFFFFFFFFFFFFFFFFFFFFFFFFFFFFFFFFFFFFFFFFFFFFFFFFFFFFFFFFFFFFFFFFFFFFFFFFFFFFFFFFFFFFFFFFFFFFFFFFFFFFFFFFFFFFFFFFFFFFFFFFFFFFFFFFFFFFFFFFFFFFFFFFFFFFF
09BAC0B40043000F48DA8F6E000000005A0000000000E17AE44152887444AE47944385EB1242713DF6C1B81EF5C048E1E4410AD723BD8FC2F53CE17A943F000000000000000000000000
09CAC09C0027000F48DA8FAA0000000000000200000031083042F73BEA41B8AE050014F4030028390000410C0000
09AAC09C0058000F48DA910E000000000000006DE75B405839544046B65340000080BF295C4F402FDD244031082C40DD24863F00002040CDCCCCBECDEC1044000080BFCDCCCCBDCDCC4CBE000000BF00000000010101000101010107000000
09DAC0860099000F48DA923500000000000502000100012F7661722F70697361742F646174612F636170747572655F322E6A7067000000000000000000000000000000000000000000000000000000000000000000000000000000000000000000000000000000000000000000000000000000000000000000000000000000000000000000000000000000000000000000000000000000741402005A91676A00
08A4C0AB0045000F48DB385300000000010001010101010101000000000000000000000000000000010000000000000000000000183400000000000000000000000000000000000020000000
088AC0AF0013000F48DB3D810000000001000002000000000000
0890C0AD003D000F48DB599A0000000000000000000000000000000000000000000000000000000000000000000000000000000000000000000000000100010001000100
08AAC0B00049000F48DB7335000000000002000007000000000000000200000000000000060000000000000000000000000000000000000000000000803E0000803E0000FFFFFFFFFFFFFFFF00000C00
08B8C0AC0069000F48DC199E00000000000001000100010000000000000000000000000000000000A6070000000000002F63662F64735F66696C7465725F74626C2E74626C00000000000000000000000000000000000000000000000000000000000000000000000000000000000000
089BC0AF0015000F48DC333400000000000000000000000003001400
08ADC0AE00AD000F48DC7A3C000000000000010001011F0000000300000000000000000000000000000000000000000010270000AC000000AC00000049080000AB000000AE000000FFFFFFFFFFFFFFFFFFFFFFFFFFFFFFFFFFFFFFFFFFFFFFFFFFFFFFFFFFFFFFFFFFFFFFFFFFFFFFFFFFFFFFFFFFFFFFFFFFFFFFFFFFFFFFFFFFFFFFFFFFFFFFFFFFFFFFFFFFFFFFFFFFFFFFFFFFFFFFFFFFFFFFFFFFFFFFFFFFFFFFFFFFFFFFFFFFFFFFFFFFFFFFFFFFFFFFFF
08A7C0AE00A5000F48DC7AF20000000000000300FFFFFFFFFFFFFFFFFFFFFFFFFFFFFFFFFFFFFFFFFFFFFFFFFFFFFFFFFFFFFFFFFFFFFFFFFFFFFFFFFFFFFFFF333333333333333333333333333333333333333333333333333333333333333333333333333333333333333333333333333333333333333333333333333333333333333333333333333333333333333333333333333333330000000000000000000000000000000000000000
0887C0AF005D000F48DC800900000000000000000000000000000000000000000000000000000000000000000000000000000000000000000000000000000000000000000000000000000000000000000000000000000000000000000000000000000000
0897C0B0003D000F48DC00200000000000000101BD6B000000000000A40C01006A00A20F8A00000002000000FE02000029000000AC020000600000000000630063000100
08A4C0AC0045000F48DE23E800000000010001010101010101000000000000000000000000000000000000000000000000000000183400000000000000000000000000000000000021000000
088AC0B00013000F48DE29130000000001000002000000000000
0890C0AE003D000F48DE548B0000000000000000000000000000000000000000000000000000000000000000000000000000000000000000000000000100010001000100
08AAC0B10049000F48DE6E26000000000002000007000000000000000200000000000000060000000000000000000000000000000000000000000000803E0000803E0000FFFFFFFFFFFFFFFF00000C00
09BAC0B50043000F48DE8A82000000005A0001010100E17AE4419A8974447B34944348E112420AD7EFC15C8FBAC09A99D7418FC2F5BC0AD7233C3333933F000000000000000000000000
09CAC09D0027000F48DE8AB900000000000002000000310830420438ED41B8AE050014F4030028390000410C0000
09AAC09D0058000F48DE8C0A000000000000008FC255400000404046B65340000080BFB29D4F4073683140D9CE5740CBA1853F9A99993F9A9999BE00400F44000080BFCDCCCC3DCDCC4CBE3333333FCDCCCCBE010101000101010107000000
09DAC0870099000F48DE8D3000000000000502000100012F7661722F70697361742F646174612F636170747572655F322E6A7067000000000000000000000000000000000000000000000000000000000000000000000000000000000000000000000000000000000000000000000000000000000000000000000000000000000000000000000000000000000000000000000000000000741402005A91676A00
08B8C0AD0069000F48DF148F00000000000001000100010000000000000000000000000000000000B3070000000000002F63662F64735F66696C7465725F74626C2E74626C00000000000000000000000000000000000000000000000000000000000000000000000000000000000000
089BC0B00015000F48DF615900000000000000000000000003001400
08A7C0AF00A5000F48DF66790000000000000300FFFFFFFFFFFFFFFFFFFFFFFFFFFFFFFFFFFFFFFFFFFFFFFFFFFFFFFFFFFFFFFFFFFFFFFFFFFFFFFFFFFFFFFF333333333333333333333333333333333333333333333333333333333333333333333333333333333333333333333333333333333333333333333333333333333333333333333333333333333333333333333333333333330000000000000000000000000000000000000000
0887C0B0005D000F48DF6B9600000000000000000000000000000000000000000000000000000000000000000000000000000000000000000000000000000000000000000000000000000000000000000000000000000000000000000000000000000000
08ADC0AF00AD000F48DF6C07000000000000010001011F0000000300000000000000000000000000000000000000000010270000AD000000AD00000051080000AC000000AF000000FFFFFFFFFFFFFFFFFFFFFFFFFFFFFFFFFFFFFFFFFFFFFFFFFFFFFFFFFFFFFFFFFFFFFFFFFFFFFFFFFFFFFFFFFFFFFFFFFFFFFFFFFFFFFFFFFFFFFFFFFFFFFFFFFFFFFFFFFFFFFFFFFFFFFFFFFFFFFFFFFFFFFFFFFFFFFFFFFFFFFFFFFFFFFFFFFFFFFFFFFFFFFFFFFFFFFFFF
0897C0B1003D000F48DFFAF000000000000001014D6C000000000000FE0D01006B00B00F8A000000020000000203000029000000AF020000600000006200630063000100
08A4C0AD0045000F48E24C1B00000000010001010101010101000000000000000000000000000000000000000000000000000000183400000000000000000000000000000000000021000000
088AC0B10013000F48E24F7C0000000001000002000000000000
0890C0AF003D000F48E259AA0000000000000000000000000000000000000000000000000000000000000000000000000000000000000000000000000100010001000100
08AAC0B20049000F48E270B5000000000002000007000000000000000200000000000000060000000000000000000000000000000000000000000000803E0000803E0000FFFFFFFFFFFFFFFF00000C00
08ADC0B000AD000F48E3316E000000000000010001011F0000000300000000000000000000000000000000000000000010270000AE000000AE0000005E080000AD000000B0000000FFFFFFFFFFFFFFFFFFFFFFFFFFFFFFFFFFFFFFFFFFFFFFFFFFFFFFFFFFFFFFFFFFFFFFFFFFFFFFFFFFFFFFFFFFFFFFFFFFFFFFFFFFFFFFFFFFFFFFFFFFFFFFFFFFFFFFFFFFFFFFFFFFFFFFFFFFFFFFFFFFFFFFFFFFFFFFFFFFFFFFFFFFFFFFFFFFFFFFFFFFFFFFFFFFFFFFFF
08B8C0AE0069000F48E3386600000000000001000100010000000000000000000000000000000000BD070000000000002F63662F64735F66696C7465725F74626C2E74626C00000000000000000000000000000000000000000000000000000000000000000000000000000000000000
089BC0B10015000F48E33D8200000000000000000000000003001400
08A7C0B000A5000F48E34A500000000000000300FFFFFFFFFFFFFFFFFFFFFFFFFFFFFFFFFFFFFFFFFFFFFFFFFFFFFFFFFFFFFFFFFFFFFFFFFFFFFFFFFFFFFFFF333333333333333333333333333333333333333333333333333333333333333333333333333333333333333333333333333333333333333333333333333333333333333333333333333333333333333333333333333333330000000000000000000000000000000000000000
0887C0B1005D000F48E363E700000000000000000000000000000000000000000000000000000000000000000000000000000000000000000000000000000000000000000000000000000000000000000000000000000000000000000000000000000000
09BAC0B60043000F48E38CEE000000005B0000000000E17AE4419A8974447B34944348E112420AD7EFC15C8FBAC09A99D7418FC2F5BC0AD7233C3333933F000000000000000000000000
09CAC09E0027000F48E38D23000000000000020000003108304238BCE541B8AE050020F4030028390000410C0000
09AAC09E0058000F48E38E9400000000000000E17A54403BDF2F4046B65340000080BFC5205040A8C62B409A995940B81E853FCDCC4C3ECDCCCCBE33331144000080BFCDCCCC3DCDCCCCBE9A99D93F9A9999BE010101000101010107000000
09DAC0880099000F48E38F9300000000000502000100012F7661722F70697361742F646174612F636170747572655F322E6A7067000000000000000000000000000000000000000000000000000000000000000000000000000000000000000000000000000000000000000000000000000000000000000000000000000000000000000000000000000000000000000000000000000000741402005A91676A00
0897C0B2003D000F48E3FD7F0000000000000101EE6C0000000000008E0F01006B00CC0F8B000000020000000603000029000000B3020000600000006300630000000100
09BAC0B70043000F48E5F6A1000000005B00010101005C8FE441F6887444D743944348E112420000E6C10000C0C0A470D7410AD723BC8FC2F53C85EB913F000000000000000000000000
08A4C0AE0045000F48E607BD00000000010001010101010101000000000000000000000000000000000000000000000000000000183400000000000000000000000000000000000021000000
088AC0B20013000F48E621630000000001000002000000000000
0890C0B0003D000F48E6548A0000000000000000000000000000000000000000000000000000000000000000000000000000000000000000000000000100010001000100
08AAC0B30049000F48E66E24000000000002000007000000000000000200000000000000060000000000000000000000000000000000000000000000803E0000803E0000FFFFFFFFFFFFFFFF00000C00
09BAC0B80043000F48E67662000000005C00000000005C8FE441F6887444D743944348E112420000E6C10000C0C0A470D7410AD723BC8FC2F53C85EB913F000000000000000000000000
09CAC09F0027000F48E676950000000000000200000031083042CA6BA841B8AE05002CF4030028390000410C0000
09AAC09F0058000F48E677FE000000000000007368514019043640A2455640000080BFBC74534023DB594075935840CBA1853FCDCCCCBDCDCCCCBE3373C743000080BFCDCC4C3E0000003FCDCC4C3FCDCC4CBE010101000101010107000000
08ADC0B100AD000F48E702BE000000000000010001011F0000000300000000000000000000000000000000000000000010270000AF000000AF00000069080000AE000000B1000000FFFFFFFFFFFFFFFFFFFFFFFFFFFFFFFFFFFFFFFFFFFFFFFFFFFFFFFFFFFFFFFFFFFFFFFFFFFFFFFFFFFFFFFFFFFFFFFFFFFFFFFFFFFFFFFFFFFFFFFFFFFFFFFFFFFFFFFFFFFFFFFFFFFFFFFFFFFFFFFFFFFFFFFFFFFFFFFFFFFFFFFFFFFFFFFFFFFFFFFFFFFFFFFFFFFFFFFF
08B8C0AF0069000F48E71C0400000000000001000100010000000000000000000000000000000000C8070000000000002F63662F64735F66696C7465725F74626C2E74626C00000000000000000000000000000000000000000000000000000000000000000000000000000000000000
089BC0B20015000F48E7359C00000000000000000000000003001400
08A7C0B100A5000F48E78F370000000000000300FFFFFFFFFFFFFFFFFFFFFFFFFFFFFFFFFFFFFFFFFFFFFFFFFFFFFFFFFFFFFFFFFFFFFFFFFFFFFFFFFFFFFFFF333333333333333333333333333333333333333333333333333333333333333333333333333333333333333333333333333333333333333333333333333333333333333333333333333333333333333333333333333333330000000000000000000000000000000000000000
0887C0B2005D000F48E791C700000000000000000000000000000000000000000000000000000000000000000000000000000000000000000000000000000000000000000000000000000000000000000000000000000000000000000000000000000000
0897C0B3003D000F48E8001300000000000001018B6D0000000000001E1101006B00E90F8C000000020000000A03000029000000B8020000610000000000630062000100
09BAC0B90043000F48E887F2000000005C00010101005C8FE44152887444CD4C94438FC21242B81EF1C13333D3C09A99E14100000080CDCC4C3DD7A3903F000000000000000000000000
09CAC0A00027000F48E8882900000000000002000000310830420CCE2742B8AE05002CF4030028390000410C0000
09AAC0A00058000F48E8897F00000000000000333333407D3F354046B65340000080BF4E625040D9CE57402B875640CBA1853FCDCCCCBE000000BF9AF91144000080BF00000000CDCCCC3FCDCCCC3DCDCCCC3D010101000101010107000000
09DAC0890099000F48E88AA800000000000502000100012F7661722F70697361742F646174612F636170747572655F322E6A7067000000000000000000000000000000000000000000000000000000000000000000000000000000000000000000000000000000000000000000000000000000000000000000000000000000000000000000000000000000000000000000000000000000741402005A91676A00
08A4C0AF0045000F48E90A4D00000000010001010101010101000000000000000000000000000000000000000000000000000000183400000000000000000000000000000000000021000000
088AC0B30013000F48E923F30000000001000002000000000000
08ADC0B200AD000F48E98E20000000000000010001011F0000000300000000000000000000000000000000000000000010270000B0000000B000000076080000AF000000B2000000FFFFFFFFFFFFFFFFFFFFFFFFFFFFFFFFFFFFFFFFFFFFFFFFFFFFFFFFFFFFFFFFFFFFFFFFFFFFFFFFFFFFFFFFFFFFFFFFFFFFFFFFFFFFFFFFFFFFFFFFFFFFFFFFFFFFFFFFFFFFFFFFFFFFFFFFFFFFFFFFFFFFFFFFFFFFFFFFFFFFFFFFFFFFFFFFFFFFFFFFFFFFFFFFFFFFFFFF
0890C0B1003D000F48E98F6D0000000000000000000000000000000000000000000000000000000000000000000000000000000000000000000000000100010001000100
08AAC0B40049000F48E9948B000000000002000007000000000000000200000000000000060000000000000000000000000000000000000000000000803E0000803E0000FFFFFFFFFFFFFFFF00000C00
08B8C0B00069000F48EA171C00000000000001000100010000000000000000000000000000000000D0070000000000002F63662F64735F66696C7465725F74626C2E74626C00000000000000000000000000000000000000000000000000000000000000000000000000000000000000
089BC0B30015000F48EA30B300000000000000000000000003001400
08A7C0B200A5000F48EA4A4F0000000000000300FFFFFFFFFFFFFFFFFFFFFFFFFFFFFFFFFFFFFFFFFFFFFFFFFFFFFFFFFFFFFFFFFFFFFFFFFFFFFFFFFFFFFFFF333333333333333333333333333333333333333333333333333333333333333333333333333333333333333333333333333333333333333333333333333333333333333333333333333333333333333333333333333333330000000000000000000000000000000000000000
0887C0B3005D000F48EA63E700000000000000000000000000000000000000000000000000000000000000000000000000000000000000000000000000000000000000000000000000000000000000000000000000000000000000000000000000000000
0897C0B4003D000F48EAFD7E00000000000001010A6E0000000000004C1201006C00FF0F8C000000020000000E03000029000000BA020000620000006300630000000100
09BAC0BA0043000F48EC8CEC000000005D00000000005C8FE44152887444CD4C94438FC21242B81EF1C13333D3C09A99E14100000080CDCC4C3DD7A3903F000000000000000000000000
09CAC0A10027000F48EC8D27000000000000020000003108304222AEB241B8AE050074F4030028390000410C0000
09AAC0A10058000F48EC8E9100000000000000B6F33D400681354046B65340000080BFD7A350408716594058395440F0A7863F00000000333333BFCD2C1144000080BF9A99993ECDCC2C40CDCCCCBE00000000010101000101010107000000
09DAC08A0099000F48EC8FAD00000000000502000100012F7661722F70697361742F646174612F636170747572655F322E6A7067000000000000000000000000000000000000000000000000000000000000000000000000000000000000000000000000000000000000000000000000000000000000000000000000000000000000000000000000000000000000000000000000000000741402005A91676A00
08A4C0B00045000F48ED0A4C00000000010001010101010101000000000000000000000000000000000000000000000000000000183400000000000000000000000000000000000021000000
088AC0B40013000F48ED5FA70000000001000002000000000000
0890C0B2003D000F48ED69050000000000000000000000000000000000000000000000000000000000000000000000000000000000000000000000000100010001000100
08AAC0B50049000F48ED70B3000000000002000007000000000000000200000000000000060000000000000000000000000000000000000000000000803E0000803E0000FFFFFFFFFFFFFFFF00000C00
08B8C0B10069000F48EE171D00000000000001000100010000000000000000000000000000000000DA070000000000002F63662F64735F66696C7465725F74626C2E74626C00000000000000000000000000000000000000000000000000000000000000000000000000000000000000
089BC0B40015000F48EE30B300000000000000000000000003001400
08A7C0B300A5000F48EE4A500000000000000300FFFFFFFFFFFFFFFFFFFFFFFFFFFFFFFFFFFFFFFFFFFFFFFFFFFFFFFFFFFFFFFFFFFFFFFFFFFFFFFFFFFFFFFF333333333333333333333333333333333333333333333333333333333333333333333333333333333333333333333333333333333333333333333333333333333333333333333333333333333333333333333333333333330000000000000000000000000000000000000000
08ADC0B300AD000F48EEA53C000000000000010001011F0000000300000000000000000000000000000000000000000010270000B1000000B100000085080000B0000000B3000000FFFFFFFFFFFFFFFFFFFFFFFFFFFFFFFFFFFFFFFFFFFFFFFFFFFFFFFFFFFFFFFFFFFFFFFFFFFFFFFFFFFFFFFFFFFFFFFFFFFFFFFFFFFFFFFFFFFFFFFFFFFFFFFFFFFFFFFFFFFFFFFFFFFFFFFFFFFFFFFFFFFFFFFFFFFFFFFFFFFFFFFFFFFFFFFFFFFFFFFFFFFFFFFFFFFFFFFF
0887C0B4005D000F48EEA57700000000000000000000000000000000000000000000000000000000000000000000000000000000000000000000000000000000000000000000000000000000000000000000000000000000000000000000000000000000
0897C0B5003D000F48EEFD7E0000000000000101AB6E000000000000DC1301006C001B108C000000020000001203000029000000BE020000620000006300630000000100
08A4C0B10045000F48F135D300000000010001010101010101000000000000000000000000000000000000000000000000000000183400000000000000000000000000000000000022000000
088AC0B50013000F48F13B000000000001000002000000000000
0890C0B3003D000F48F1548B0000000000000000000000000000000000000000000000000000000000000000000000000000000000000000000000000100010001000100
08AAC0B60049000F48F16E25000000000002000007000000000000000200000000000000060000000000000000000000000000000000000000000000803E0000803E0000FFFFFFFFFFFFFFFF00000C00
09BAC0BB0043000F48F18A81000000005D00010101005C8FE4410A877444295C944385EB12423D0AEFC1CDCC08C1295CD1410AD723BC000000003333933F000000000000000000000000
09CAC0A20027000F48F18AB70000000000000200000048E12D42C2E1ED41B8AE050088F4030028390000410C0000
09AAC0A20058000F48F18C0E0000000000000052B83E40D9CE5740BC745340000080BFC52050403D0A57408FC21540CBA1853FCDCCCCBD9A99D93FCD6C1144000080BF9A9999BE9A99993ECDCCCCBDCDCC4CBE010101000101010107000000
09DAC08B0099000F48F18D3700000000000502000100012F7661722F70697361742F646174612F636170747572655F322E6A7067000000000000000000000000000000000000000000000000000000000000000000000000000000000000000000000000000000000000000000000000000000000000000000000000000000000000000000000000000000000000000000000000000000741402005A91676A00
08B8C0B20069000F48F2267A00000000000001000100010000000000000000000000000000000000E4070000000000002F63662F64735F66696C7465725F74626C2E74626C00000000000000000000000000000000000000000000000000000000000000000000000000000000000000
089BC0B50015000F48F22E2400000000000000000000000003001400
08ADC0B400AD000F48F276A5000000000000010001011F0000000300000000000000000000000000000000000000000010270000B2000000B200000090080000B1000000B4000000FFFFFFFFFFFFFFFFFFFFFFFFFFFFFFFFFFFFFFFFFFFFFFFFFFFFFFFFFFFFFFFFFFFFFFFFFFFFFFFFFFFFFFFFFFFFFFFFFFFFFFFFFFFFFFFFFFFFFFFFFFFFFFFFFFFFFFFFFFFFFFFFFFFFFFFFFFFFFFFFFFFFFFFFFFFFFFFFFFFFFFFFFFFFFFFFFFFFFFFFFFFFFFFFFFFFFFFF
08A7C0B400A5000F48F2786C0000000000000300FFFFFFFFFFFFFFFFFFFFFFFFFFFFFFFFFFFFFFFFFFFFFFFFFFFFFFFFFFFFFFFFFFFFFFFFFFFFFFFFFFFFFFFF333333333333333333333333333333333333333333333333333333333333333333333333333333333333333333333333333333333333333333333333333333333333333333333333333333333333333333333333333333330000000000000000000000000000000000000000
0887C0B5005D000F48F27D8300000000000000000000000000000000000000000000000000000000000000000000000000000000000000000000000000000000000000000000000000000000000000000000000000000000000000000000000000000000
0897C0B6003D000F48F2FAEF00000000000001014C6F0000000000006C1501006C0039108E000000020000001603000029000000C2020000620000006200630063000100
08A4C0B20045000F48F50D6100000000010001010101010101000000000000000000000000000000000000000000000000000000183400000000000000000000000000000000000022000000
088AC0B60013000F48F524780000000001000002000000000000
0890C0B4003D000F48F5579F0000000000000000000000000000000000000000000000000000000000000000000000000000000000000000000000000100010001000100
08AAC0B70049000F48F57139000000000002000007000000000000000200000000000000060000000000000000000000000000000000000000000000803E0000803E0000FFFFFFFFFFFFFFFF00000C00
08ADC0B500AD000F48F647CA000000000000010001011F0000000300000000000000000000000000000000000000000010270000B3000000B30000009E080000B2000000B5000000FFFFFFFFFFFFFFFFFFFFFFFFFFFFFFFFFFFFFFFFFFFFFFFFFFFFFFFFFFFFFFFFFFFFFFFFFFFFFFFFFFFFFFFFFFFFFFFFFFFFFFFFFFFFFFFFFFFFFFFFFFFFFFFFFFFFFFFFFFFFFFFFFFFFFFFFFFFFFFFFFFFFFFFFFFFFFFFFFFFFFFFFFFFFFFFFFFFFFFFFFFFFFFFFFFFFFFFF
08B8C0B30069000F48F64A5400000000000001000100010000000000000000000000000000000000EF070000000000002F63662F64735F66696C7465725F74626C2E74626C00000000000000000000000000000000000000000000000000000000000000000000000000000000000000
089BC0B60015000F48F64F6D00000000000000000000000003001400
08A7C0B500A5000F48F6548F0000000000000300FFFFFFFFFFFFFFFFFFFFFFFFFFFFFFFFFFFFFFFFFFFFFFFFFFFFFFFFFFFFFFFFFFFFFFFFFFFFFFFFFFFFFFFF333333333333333333333333333333333333333333333333333333333333333333333333333333333333333333333333333333333333333333333333333333333333333333333333333333333333333333333333333333330000000000000000000000000000000000000000
0887C0B6005D000F48F6615800000000000000000000000000000000000000000000000000000000000000000000000000000000000000000000000000000000000000000000000000000000000000000000000000000000000000000000000000000000
09BAC0BC0043000F48F68A5E000000005E00000000005C8FE4410A877444295C944385EB12423D0AEFC1CDCC08C1295CD1410AD723BC000000003333933F000000000000000000000000
09CAC0A30027000F48F68A950000000000000200000048E12D422A78E941B8AE050098F4030028390000410C0000
09AAC0A30058000F48F68C04000000000000007D3F5540C74B5740BC745340000080BFB29D4F40AAF15240B0722840B81E853F0000003F6766A63F9A390E44000080BF00000000CDCCCCBDCDCCCCBECDCC4CBE010101000101010107000000
09DAC08C0099000F48F68D0900000000000502000100012F7661722F70697361742F646174612F636170747572655F322E6A7067000000000000000000000000000000000000000000000000000000000000000000000000000000000000000000000000000000000000000000000000000000000000000000000000000000000000000000000000000000000000000000000000000000741402005A91676A00
0897C0B7003D000F48F6FAF00000000000000101ED6F000000000000FC1601006C0050108F000000020000001A03000029000000C6020000630000006200630063000100
08A4C0B30045000F48F90AAC00000000010001010101010101000000000000000000000000000000000000000000000000000000183400000000000000000000000000000000000022000000
088AC0B70013000F48F923F50000000001000002000000000000
0890C0B5003D000F48F9571B0000000000000000000000000000000000000000000000000000000000000000000000000000000000000000000000000100010001000100
08AAC0B80049000F48F970B5000000000002000007000000000000000200000000000000060000000000000000000000000000000000000000000000803E0000803E0000FFFFFFFFFFFFFFFF00000C00
08ADC0B600AD000F48FA34F0000000000000010001011F0000000300000000000000000000000000000000000000000010270000B3000000B4000000AA080000B2000000B5000000FFFFFFFFFFFFFFFFFFFFFFFFFFFFFFFFFFFFFFFFFFFFFFFFFFFFFFFFFFFFFFFFFFFFFFFFFFFFFFFFFFFFFFFFFFFFFFFFFFFFFFFFFFFFFFFFFFFFFFFFFFFFFFFFFFFFFFFFFFFFFFFFFFFFFFFFFFFFFFFFFFFFFFFFFFFFFFFFFFFFFFFFFFFFFFFFFFFFFFFFFFFFFFFFFFFFFFFF
08B8C0B40069000F48FA3AF500000000000001000100010000000000000000000000000000000000F3070000000000002F63662F64735F66696C7465725F74626C2E74626C00000000000000000000000000000000000000000000000000000000000000000000000000000000000000
089BC0B70015000F48FA401100000000000000000000000003001400
08A7C0B600A5000F48FA4A500000000000000300FFFFFFFFFFFFFFFFFFFFFFFFFFFFFFFFFFFFFFFFFFFFFFFFFFFFFFFFFFFFFFFFFFFFFFFFFFFFFFFFFFFFFFFF333333333333333333333333333333333333333333333333333333333333333333333333333333333333333333333333333333333333333333333333333333333333333333333333333333333333333333333333333333330000000000000000000000000000000000000000
0887C0B7005D000F48FA63E800000000000000000000000000000000000000000000000000000000000000000000000000000000000000000000000000000000000000000000000000000000000000000000000000000000000000000000000000000000
0897C0B8003D000F48FAFD7F00000000000001017070000000000000561801006D005E1090000000020000001E03000029000000CA020000640000006300630000000100
09BAC0BD0043000F48FB8D0E000000005E000101010052B8E441F6887444A450944333331342CDCCE4C185EBC1C0C3F5DC410AD7233C0AD7233D85EB913F000000000000000000000000
09CAC0A40027000F48FB8D47000000000000020000003108304234D6E741B8AE0500B8F4030028390000410C0000
09AAC0A40058000F48FB8E9F000000000000002B875640E17A544033335340000080BF295C4F4012832040A8C62B40CBA1853FCDCC0C40CDCCCCBD00000E44000080BFCDCCCC3D9A9999BE9A9999BE00000000010101000101010107000000
09DAC08D0099000F48FB8FCC00000000000502000100012F7661722F70697361742F646174612F636170747572655F322E6A7067000000000000000000000000000000000000000000000000000000000000000000000000000000000000000000000000000000000000000000000000000000000000000000000000000000000000000000000000000000000000000000000000000000741402005A91676A00
09BAC0BE0043000F48FC33FF000000005F000000000052B8E441F6887444A450944333331342CDCCE4C185EBC1C0C3F5DC410AD7233C0AD7233D85EB913F000000000000000000000000
09CAC0A50027000F48FC34360000000000000200000048E12D424FECC440B8AE0500BCF4030028390000410C0000
09AAC0A50058000F48FC35A00000000000000091ED5C40A2455640A2455640000080BFAAF15240C1CA21401F852B40CBA1853F00002040CDCC4CBE6766C743000080BFCDCCCC3DCDCC4CBE9A9999BECDCC4CBE010101000101010107000000
09BAC0BF0043000F48FD0059000000005F0001010100CDCCE4419A8974440A37944385EB12429A99EFC1B81EF5C0C3F5EA410AD7A33C0AD7233D3333933F000000000000000000000000
08A4C0B40045000F48FD0E5100000000010001010101010101000000000000000000000000000000000000000000000000000000183400000000000000000000000000000000000022000000
088AC0B80013000F48FD27F70000000001000002000000000000
0890C0B6003D000F48FD5B1D0000000000000000000000000000000000000000000000000000000000000000000000000000000000000000000000000100010001000100
08AAC0B90049000F48FD74B7000000000002000007000000000000000200000000000000060000000000000000000000000000000000000000000000803E0000803E0000FFFFFFFFFFFFFFFF00000C00
19DAC00000010200
08ADC0B700AD000F48FE3BA3000000000000010001011F0000000300000000000000000000000000000000000000000010270000B4000000B5000000B5080000B3000000B6000000FFFFFFFFFFFFFFFFFFFFFFFFFFFFFFFFFFFFFFFFFFFFFFFFFFFFFFFFFFFFFFFFFFFFFFFFFFFFFFFFFFFFFFFFFFFFFFFFFFFFFFFFFFFFFFFFFFFFFFFFFFFFFFFFFFFFFFFFFFFFFFFFFFFFFFFFFFFFFFFFFFFFFFFFFFFFFFFFFFFFFFFFFFFFFFFFFFFFFFFFFFFFFFFFFFFFFFFF
08B8C0B50069000F48FE40A50000000000000100010001000000000000000000000000000000000000080000000000002F63662F64735F66696C7465725F74626C2E74626C00000000000000000000000000000000000000000000000000000000000000000000000000000000000000
089BC0B80015000F48FE444E00000000000000000000000003001400
08A7C0B700A5000F48FE4E530000000000000300FFFFFFFFFFFFFFFFFFFFFFFFFFFFFFFFFFFFFFFFFFFFFFFFFFFFFFFFFFFFFFFFFFFFFFFFFFFFFFFFFFFFFFFF333333333333333333333333333333333333333333333333333333333333333333333333333333333333333333333333333333333333333333333333333333333333333333333333333333333333333333333333333333330000000000000000000000000000000000000000
0887C0B8005D000F48FE67EA00000000000000000000000000000000000000000000000000000000000000000000000000000000000000000000000000000000000000000000000000000000000000000000000000000000000000000000000000000000
0897C0B9003D000F48FF018300000000000001010171000000000000B11901006E006C1092000000020000002203000029000000CF020000650000000200630001000101
09BAC0C00043000F48FF3E6800000000600000000000CDCCE4419A8974440A37944385EB12429A99EFC1B81EF5C0C3F5EA410AD7A33C0AD7233D3333933F000000000000000000000000
09BAC0C10043000F48FFCBDB0000000060000101010048E1E44152887444F648944385EB12420AD7F7C1C3F50CC15C8FCE410AD723BC8FC2F53CE17A943F000000000000000000000000
09CAC0A60027000F48FFCC0F000000000000020000001B2F3242D6C9FE41B8AE0500B4F4030028390000410C0000
09AAC0A60058000F48FFCD6F00000000000000A245564031084C40AAF15240000080BF17D94E40CDCC2C403D0A5740CBA1853F9A99993FCDCCCCBECDEC0D44000080BFCDCCCC3D9A9999BE9A99993ECDCC4CBE010101000101010107000000
09DAC08E0099000F48FFCE9A00000000000703000100012F7661722F70697361742F646174612F636170747572655F332E6A70670000000000000000000000000000000000000000000000000000000000000000000000000000000000000000000000000000000000000000000000000000000000000000000000000000000000000000000000000000000000000000000000000000008E3502006F92676A00
08B8C0B60069000F4900199E000000000000010001000100000000000000000000000000000000000C080000000000002F63662F64735F66696C7465725F74626C2E74626C00000000000000000000000000000000000000000000000000000000000000000000000000000000000000
089BC0B90015000F4900333400000000000000000000000003001400
08A7C0B800A5000F49004CD00000000000000300FFFFFFFFFFFFFFFFFFFFFFFFFFFFFFFFFFFFFFFFFFFFFFFFFFFFFFFFFFFFFFFFFFFFFFFFFFFFFFFFFFFFFFFF333333333333333333333333333333333333333333333333333333333333333333333333333333333333333333333333333333333333333333333333333333333333333333333333333333333333333333333333333333330000000000000000000000000000000000000000
0887C0B9005D000F4900666700000000000000000000000000000000000000000000000000000000000000000000000000000000000000000000000000000000000000000000000000000000000000000000000000000000000000000000000000000000
0897C0BA003D000F490158AA00000000000001017471000000000000CB1A010070007C1093000000020000002703000029000000D20200006600000022004F0000000101
185AC00000811D0070697361745F696D675F303030335F636170747572655F332E6A70670000000000000000000000000000000000000000000000000000000000000000000000002F646174612F636170747572655F332E6A7067000000000000000000000000000000000000000000000000000000000000000000000000000000000000000000
08A4C0B50045000F490207C000000000010001010101010101000000000000000000000000000000000000000000000000000000183400000000000000000000000000000000000022000000
088AC0B90013000F490221650000000001000003000000000000
0890C0B7003D000F4902548C0000000000000000000000000000000000000000000000000000000000000000000000000000000000000000000000000100010001000100
08AAC0BA0049000F4902A15D000000000002000007000000000000000200000000000000060000000000000000000000000000000000000000000000803E0000803E0000FFFFFFFFFFFFFFFF00000C00
09BAC0C20043000F4902A68A0000000061000000000048E1E44152887444F648944385EB12420AD7F7C1C3F50CC15C8FCE410AD723BC8FC2F53CE17A943F000000000000000000000000
09CAC0A70027000F4902A6C00000000000000200000031083042D850F641B8AE0500B4F4030028390000410C0000
09AAC0A70058000F4902A83400000000000000621058405EBA294033335340000080BFB29D4F4004562E40FED45840CBA1853F9A99993E9A9999BE00801044000080BFCDCCCC3ECDCC4CBE3333F33FCDCCCC3D010101000101010107000000
09DAC08F0099000F4902A95800000000000703000100012F7661722F70697361742F646174612F636170747572655F332E6A70670000000000000000000000000000000000000000000000000000000000000000000000000000000000000000000000000000000000000000000000000000000000000000000000000000000000000000000000000000000000000000000000000000008E3502006F92676A00
08ADC0B800AD000F4902BE90000000000000010001011F0000000300000000000000000000000000000000000000000010270000B6000000B6000000C6080000B4000000B7000000FFFFFFFFFFFFFFFFFFFFFFFFFFFFFFFFFFFFFFFFFFFFFFFFFFFFFFFFFFFFFFFFFFFFFFFFFFFFFFFFFFFFFFFFFFFFFFFFFFFFFFFFFFFFFFFFFFFFFFFFFFFFFFFFFFFFFFFFFFFFFFFFFFFFFFFFFFFFFFFFFFFFFFFFFFFFFFFFFFFFFFFFFFFFFFFFFFFFFFFFFFFFFFFFFFFFFFFF
08A4C0B60045000F49052E2500000000010001010101010101000000000000000000000000000000000000000000000000000000183400000000000000000000000000000000000023000000
088AC0BA0013000F490533540000000001000003000000000000
0890C0B8003D000F4905548A0000000000000000000000000000000000000000000000000000000000000000000000000000000000000000000000000100010001000100
08AAC0BB0049000F49059ECC000000000002000007000000000000000200000000000000060000000000000000000000000000000000000000000000803E0000803E0000FFFFFFFFFFFFFFFF00000C00
08B8C0B70069000F4906148E000000000000010001000100000000000000000000000000000000002C080000000000002F63662F64735F66696C7465725F74626C2E74626C00000000000000000000000000000000000000000000000000000000000000000000000000000000000000
08ADC0B900AD000F490672A1000000000000010001011F0000000300000000000000000000000000000000000000000010270000B7000000B7000000D1080000B5000000B8000000FFFFFFFFFFFFFFFFFFFFFFFFFFFFFFFFFFFFFFFFFFFFFFFFFFFFFFFFFFFFFFFFFFFFFFFFFFFFFFFFFFFFFFFFFFFFFFFFFFFFFFFFFFFFFFFFFFFFFFFFFFFFFFFFFFFFFFFFFFFFFFFFFFFFFFFFFFFFFFFFFFFFFFFFFFFFFFFFFFFFFFFFFFFFFFFFFFFFFFFFFFFFFFFFFFFFFFFF
089BC0BA0015000F490672DC00000000000000000000000003001400
08A7C0B900A5000F490675D60000000000000300FFFFFFFFFFFFFFFFFFFFFFFFFFFFFFFFFFFFFFFFFFFFFFFFFFFFFFFFFFFFFFFFFFFFFFFFFFFFFFFFFFFFFFFF333333333333333333333333333333333333333333333333333333333333333333333333333333333333333333333333333333333333333333333333333333333333333333333333333333333333333333333333333333330000000000000000000000000000000000000000
0887C0BA005D000F49067AF200000000000000000000000000000000000000000000000000000000000000000000000000000000000000000000000000000000000000000000000000000000000000000000000000000000000000000000000000000000
09BAC0C30043000F49068A7F0000000061000101010048E1E44152887444A45094430AD712425C8FEEC16666FEC06666CE41000000008FC2F53C8FC2953F000000000000000000000000
09CAC0A80027000F49068AB30000000000000200000031083042BE85EE41B8AE0500C0F4030028390000410C0000
09AAC0A80058000F49068C090000000000000085EB51405839344033335340000080BFB29D4F402B87564075935840B81E853FCDCC4C3ECDCC4CBE00A00E44000080BF00000000CDCC4C3ECDCC8C3FCDCCCCBD010101000101010107000000
09DAC0900099000F49068D5600000000000703000100012F7661722F70697361742F646174612F636170747572655F332E6A70670000000000000000000000000000000000000000000000000000000000000000000000000000000000000000000000000000000000000000000000000000000000000000000000000000000000000000000000000000000000000000000000000000008E3502006F92676A00
0897C0BB003D000F4906FAF000000000000001017C72000000000000661D01007100A81094000000020000002E03000029000000D8020000670000006200630063000100
08A4C0B70045000F49090CDB00000000010001010101010101000000000000000000000000000000000000000000000000000000183400000000000000000000000000000000000023000000
088AC0BB0013000F490923F10000000001000003000000000000
0890C0B9003D000F490957180000000000000000000000000000000000000000000000000000000000000000000000000000000000000000000000000100010001000100
08AAC0BC0049000F490970B2000000000002000007000000000000000200000000000000060000000000000000000000000000000000000000000000803E0000803E0000FFFFFFFFFFFFFFFF00000C00
08ADC0BA00AD000F490A444E000000000000010001011F0000000300000000000000000000000000000000000000000010270000B8000000B8000000DE080000B6000000B9000000FFFFFFFFFFFFFFFFFFFFFFFFFFFFFFFFFFFFFFFFFFFFFFFFFFFFFFFFFFFFFFFFFFFFFFFFFFFFFFFFFFFFFFFFFFFFFFFFFFFFFFFFFFFFFFFFFFFFFFFFFFFFFFFFFFFFFFFFFFFFFFFFFFFFFFFFFFFFFFFFFFFFFFFFFFFFFFFFFFFFFFFFFFFFFFFFFFFFFFFFFFFFFFFFFFFFFFFF
08B8C0B80069000F490A45350000000000000100010001000000000000000000000000000000000045080000000000002F63662F64735F66696C7465725F74626C2E74626C00000000000000000000000000000000000000000000000000000000000000000000000000000000000000
089BC0BB0015000F490A4A8000000000000000000000000003001400
08A7C0BA00A5000F490A4F770000000000000300FFFFFFFFFFFFFFFFFFFFFFFFFFFFFFFFFFFFFFFFFFFFFFFFFFFFFFFFFFFFFFFFFFFFFFFFFFFFFFFFFFFFFFFF333333333333333333333333333333333333333333333333333333333333333333333333333333333333333333333333333333333333333333333333333333333333333333333333333333333333333333333333333333330000000000000000000000000000000000000000
0887C0BB005D000F490A63E500000000000000000000000000000000000000000000000000000000000000000000000000000000000000000000000000000000000000000000000000000000000000000000000000000000000000000000000000000000
0897C0BC003D000F490AFD7F00000000000001011973000000000000F61E01007100C41096000000020000003203000029000000DC020000680000006300630000000101
09BAC0C40043000F490B94990000000062000000000048E1E44152887444A45094430AD712425C8FEEC16666FEC06666CE41000000008FC2F53C8FC2953F000000000000000000000000
09CAC0A90027000F490B94E60000000000000200000031083042E1ABE941B8AE0500CCF4030028390000410C0000
09AAC0A90058000F490B963B0000000000000006813540E17A344033335340000080BF3BDF4F407593584006815540DD24863FCDCC4CBECDCCCCBECDEC0C44000080BFCDCCCC3D9A993940CDCC4CBE000000BF010101000101010107000000
09DAC0910099000F490B975D00000000000703000100012F7661722F70697361742F646174612F636170747572655F332E6A70670000000000000000000000000000000000000000000000000000000000000000000000000000000000000000000000000000000000000000000000000000000000000000000000000000000000000000000000000000000000000000000000000000008E3502006F92676A00
08A4C0B80045000F490D0CD000000000010001010101010101000000000000000000000000000000000000000000000000000000183400000000000000000000000000000000000023000000
088AC0BC0013000F490D26750000000001000003000000000000
0890C0BA003D000F490D599C0000000000000000000000000000000000000000000000000000000000000000000000000000000000000000000000000100010001000100
08AAC0BD0049000F490D7336000000000002000007000000000000000200000000000000060000000000000000000000000000000000000000000000803E0000803E0000FFFFFFFFFFFFFFFF00000C00
08ADC0BB00AD000F490E148D000000000000010001011F0000000300000000000000000000000000000000000000000010270000B9000000B9000000E9080000B7000000BA000000FFFFFFFFFFFFFFFFFFFFFFFFFFFFFFFFFFFFFFFFFFFFFFFFFFFFFFFFFFFFFFFFFFFFFFFFFFFFFFFFFFFFFFFFFFFFFFFFFFFFFFFFFFFFFFFFFFFFFFFFFFFFFFFFFFFFFFFFFFFFFFFFFFFFFFFFFFFFFFFFFFFFFFFFFFFFFFFFFFFFFFFFFFFFFFFFFFFFFFFFFFFFFFFFFFFFFFFF
08B8C0B90069000F490E214D000000000000010001000100000000000000000000000000000000005C080000000000002F63662F64735F66696C7465725F74626C2E74626C00000000000000000000000000000000000000000000000000000000000000000000000000000000000000
089BC0BC0015000F490E333500000000000000000000000003001400
08A7C0BB00A5000F490E4CD20000000000000300FFFFFFFFFFFFFFFFFFFFFFFFFFFFFFFFFFFFFFFFFFFFFFFFFFFFFFFFFFFFFFFFFFFFFFFFFFFFFFFFFFFFFFFF333333333333333333333333333333333333333333333333333333333333333333333333333333333333333333333333333333333333333333333333333333333333333333333333333333333333333333333333333333330000000000000000000000000000000000000000
0887C0BC005D000F490E666800000000000000000000000000000000000000000000000000000000000000000000000000000000000000000000000000000000000000000000000000000000000000000000000000000000000000000000000000000000
0897C0BD003D000F490EFFFF0000000000000101BA73000000000000862001007100D91097000000020000003603000029000000E1020000680000000000630000000100
09BAC0C50043000F4910A92B000000006200010101003D0AE5413D8A74441F25944348E1124285EBEDC1F62810C1CDCCCE410AD7A33C8FC2F53C3333933F000000000000000000000000
09CAC0AA0027000F4910A96300000000000002000000310830424073ED41B8AE0500CCF4030028390000410C0000
09AAC0AA0058000F4910AAB800000000000000DBF93E40A2455640AAF15240000080BF4E625040C74B574021B03240CBA1853F9A9999BE9A99193F00001144000080BFCDCCCCBD6766A63F9A9919BFCDCC4CBE010101000101010107000000
09DAC0920099000F4910ABF000000000000703000100012F7661722F70697361742F646174612F636170747572655F332E6A70670000000000000000000000000000000000000000000000000000000000000000000000000000000000000000000000000000000000000000000000000000000000000000000000000000000000000000000000000000000000000000000000000000008E3502006F92676A00
08A4C0B90045000F49110CCE00000000010001010101010101000000000000000000000000000000000000000000000000000000183400000000000000000000000000000000000023000000
088AC0BD0013000F491126760000000001000003000000000000
0890C0BB003D000F4911599A0000000000000000000000000000000000000000000000000000000000000000000000000000000000000000000000000100010001000100
08AAC0BE0049000F49117335000000000002000007000000000000000200000000000000060000000000000000000000000000000000000000000000803E0000803E0000FFFFFFFFFFFFFFFF00000C00
08ADC0BC00AD000F4911E4F5000000000000010001011F0000000300000000000000000000000000000000000000000010270000BA000000BA000000EE080000B8000000BB000000FFFFFFFFFFFFFFFFFFFFFFFFFFFFFFFFFFFFFFFFFFFFFFFFFFFFFFFFFFFFFFFFFFFFFFFFFFFFFFFFFFFFFFFFFFFFFFFFFFFFFFFFFFFFFFFFFFFFFFFFFFFFFFFFFFFFFFFFFFFFFFFFFFFFFFFFFFFFFFFFFFFFFFFFFFFFFFFFFFFFFFFFFFFFFFFFFFFFFFFFFFFFFFFFFFFFFFFF
08B8C0BA0069000F4912148E0000000000000100010001000000000000000000000000000000000073080000000000002F63662F64735F66696C7465725F74626C2E74626C00000000000000000000000000000000000000000000000000000000000000000000000000000000000000
089BC0BD0015000F49122E2400000000000000000000000003001400
08A7C0BC00A5000F491247BF0000000000000300FFFFFFFFFFFFFFFFFFFFFFFFFFFFFFFFFFFFFFFFFFFFFFFFFFFFFFFFFFFFFFFFFFFFFFFFFFFFFFFFFFFFFFFF333333333333333333333333333333333333333333333333333333333333333333333333333333333333333333333333333333333333333333333333333333333333333333333333333333333333333333333333333333330000000000000000000000000000000000000000
0887C0BD005D000F4912615600000000000000000000000000000000000000000000000000000000000000000000000000000000000000000000000000000000000000000000000000000000000000000000000000000000000000000000000000000000
0897C0BE003D000F49132B9500000000000001015B74000000000000162201007100F81097000000020000003A03000029000000E5020000680000001100630063000100
08A4C0BA0045000F49150A4F00000000010001010101010101000000000000000000000000000000000000000000000000000000183400000000000000000000000000000000000023000000
088AC0BE0013000F491523F60000000001000003000000000000
0890C0BC003D000F4915B86A0000000000000000000000000000000000000000000000000000000000000000000000000000000000000000000000000100010001000100
08AAC0BF0049000F4915BD82000000000002000007000000000000000200000000000000060000000000000000000000000000000000000000000000803E0000803E0000FFFFFFFFFFFFFFFF00000C00
09BAC0C60043000F4915C2B3000000006300000000003D0AE5413D8A74441F25944348E1124285EBEDC1F62810C1CDCCCE410AD7A33C8FC2F53C3333933F000000000000000000000000
09CAC0AB0027000F4915C2E900000000000002000000310830429ADCE641B8AE0500D4F4030028390000410C0000
09AAC0AB0058000F4915C46600000000000000713D4A40C74B5740AAF15240000080BF4E6250407D3F554060E53040B81E853FCDCCCCBD6766E63F00800E44000080BF00000000000000009A9919BF9A9999BE010101000101010107000000
09DAC0930099000F4915C57F00000000000703000100012F7661722F70697361742F646174612F636170747572655F332E6A70670000000000000000000000000000000000000000000000000000000000000000000000000000000000000000000000000000000000000000000000000000000000000000000000000000000000000000000000000000000000000000000000000000008E3502006F92676A00
08B8C0BB0069000F491619A00000000000000100010001000000000000000000000000000000000089080000000000002F63662F64735F66696C7465725F74626C2E74626C00000000000000000000000000000000000000000000000000000000000000000000000000000000000000
089BC0BE0015000F4916333500000000000000000000000003001400
08A7C0BD00A5000F49164CD20000000000000300FFFFFFFFFFFFFFFFFFFFFFFFFFFFFFFFFFFFFFFFFFFFFFFFFFFFFFFFFFFFFFFFFFFFFFFFFFFFFFFFFFFFFFFF333333333333333333333333333333333333333333333333333333333333333333333333333333333333333333333333333333333333333333333333333333333333333333333333333333333333333333333333333333330000000000000000000000000000000000000000
0887C0BE005D000F4916666800000000000000000000000000000000000000000000000000000000000000000000000000000000000000000000000000000000000000000000000000000000000000000000000000000000000000000000000000000000
08ADC0BD00AD000F4916FAC1000000000000010001011F0000000300000000000000000000000000000000000000000010270000BB000000BB000000FD080000B9000000BC000000FFFFFFFFFFFFFFFFFFFFFFFFFFFFFFFFFFFFFFFFFFFFFFFFFFFFFFFFFFFFFFFFFFFFFFFFFFFFFFFFFFFFFFFFFFFFFFFFFFFFFFFFFFFFFFFFFFFFFFFFFFFFFFFFFFFFFFFFFFFFFFFFFFFFFFFFFFFFFFFFFFFFFFFFFFFFFFFFFFFFFFFFFFFFFFFFFFFFFFFFFFFFFFFFFFFFFFFF
0897C0BF003D000F491707C20000000000000101FC74000000000000A62301007100171199000000020000003E03000029000000E9020000690000000300630063000101
08A4C0BB0045000F491907BF00000000010001010101010101000000000000000000000000000000010000000000000000000000183400000000000000000000000000000000000023000000
088AC0BF0013000F491921650000000001000003000000000000
08ADC0BE00AD000F491985B7000000000000010001011F0000000300000000000000000000000000000000000000000010270000BC000000BC00000004090000BA000000BD000000FFFFFFFFFFFFFFFFFFFFFFFFFFFFFFFFFFFFFFFFFFFFFFFFFFFFFFFFFFFFFFFFFFFFFFFFFFFFFFFFFFFFFFFFFFFFFFFFFFFFFFFFFFFFFFFFFFFFFFFFFFFFFFFFFFFFFFFFFFFFFFFFFFFFFFFFFFFFFFFFFFFFFFFFFFFFFFFFFFFFFFFFFFFFFFFFFFFFFFFFFFFFFFFFFFFFFFFF
0890C0BD003D000F491987C20000000000000000000000000000000000000000000000000000000000000000000000000000000000000000000000000100010001000100
08AAC0C00049000F49198CDE000000000002000007000000000000000200000000000000060000000000000000000000000000000000000000000000803E0000803E0000FFFFFFFFFFFFFFFF00000C00
08B8C0BC0069000F491A171F00000000000001000100010000000000000000000000000000000000A0080000000000002F63662F64735F66696C7465725F74626C2E74626C00000000000000000000000000000000000000000000000000000000000000000000000000000000000000
089BC0BF0015000F491A30B400000000000000000000000003001400
08A7C0BE00A5000F491A4A510000000000000300FFFFFFFFFFFFFFFFFFFFFFFFFFFFFFFFFFFFFFFFFFFFFFFFFFFFFFFFFFFFFFFFFFFFFFFFFFFFFFFFFFFFFFFF333333333333333333333333333333333333333333333333333333333333333333333333333333333333333333333333333333333333333333333333333333333333333333333333333333333333333333333333333333330000000000000000000000000000000000000000
0887C0BF005D000F491A63E800000000000000000000000000000000000000000000000000000000000000000000000000000000000000000000000000000000000000000000000000000000000000000000000000000000000000000000000000000000
08A4C0BC0045000F491D0CC700000000010001010101010101000000000000000000000000000000000000000000000000000000183400000000000000000000000000000000000024000000
088AC0C00013000F491D266E0000000001000003000000000000
0890C0BE003D000F491D8A370000000000000000000000000000000000000000000000000000000000000000000000000000000000000000000000000100010001000100
08AAC0C10049000F491D8F57000000000002000007000000000000000200000000000000060000000000000000000000000000000000000000000000803E0000803E0000FFFFFFFFFFFFFFFF00000C00
08B8C0BD0069000F491D149000000000000001000100010000000000000000000000000000000000B9080000000000002F63662F64735F66696C7465725F74626C2E74626C00000000000000000000000000000000000000000000000000000000000000000000000000000000000000
089BC0C00015000F491D2E2500000000000000000000000003001400
08A7C0BF00A5000F491D47C20000000000000300FFFFFFFFFFFFFFFFFFFFFFFFFFFFFFFFFFFFFFFFFFFFFFFFFFFFFFFFFFFFFFFFFFFFFFFFFFFFFFFFFFFFFFFF333333333333333333333333333333333333333333333333333333333333333333333333333333333333333333333333333333333333333333333333333333333333333333333333333333333333333333333333333333330000000000000000000000000000000000000000
0887C0C0005D000F491D615800000000000000000000000000000000000000000000000000000000000000000000000000000000000000000000000000000000000000000000000000000000000000000000000000000000000000000000000000000000
08ADC0BF00AD000F491DCAA9000000000000010001011F0000000300000000000000000000000000000000000000000010270000BD000000BD00000013090000BB000000BE000000FFFFFFFFFFFFFFFFFFFFFFFFFFFFFFFFFFFFFFFFFFFFFFFFFFFFFFFFFFFFFFFFFFFFFFFFFFFFFFFFFFFFFFFFFFFFFFFFFFFFFFFFFFFFFFFFFFFFFFFFFFFFFFFFFFFFFFFFFFFFFFFFFFFFFFFFFFFFFFFFFFFFFFFFFFFFFFFFFFFFFFFFFFFFFFFFFFFFFFFFFFFFFFFFFFFFFFFF
0897C0C0003D000F491DFAF0000000000000010123760000000000009126010072003E119B000000020000004603000029000000F0020000690000006200630063000100
09BAC0C70043000F491E8460000000006300010101003D0AE541F68874446646944348E11242F628F4C1A4700DC114AEE7418FC2F53C0AD7A3BC85EB913F000000000000000000000000
09CAC0AC0027000F491F563A000000000000020000001B2F324270C7E541B8AE050014F5030028390000410C0000
0890C0BF003D000F491F57110000000000000000000000000000000000000000000000000000000000000000000000000000000000000000000000000100010001000100
09AAC0AC0058000F491F57C5000000000000003D0A574021B0524021B05240000080BF0E2D524012834040F4FD5440CBA1853F9A99D93FCDCC4CBE67661244000080BFCDCCCC3DCDCC4CBE000000009A9999BE010101000101010107000000
08AAC0C20049000F491F7334000000000002000007000000000000000200000000000000060000000000000000000000000000000000000000000000803E0000803E0000FFFFFFFFFFFFFFFF00000C00
09BAC0C80043000F491FD5BB000000006400000000003D0AE541F68874446646944348E11242F628F4C1A4700DC114AEE7418FC2F53C0AD7A3BC85EB913F000000000000000000000000
08B8C0BE0069000F49205D7400000000000001000100010000000000000000000000000000000000C8080000000000002F63662F64735F66696C7465725F74626C2E74626C00000000000000000000000000000000000000000000000000000000000000000000000000000000000000
089BC0C10015000F4920614800000000000000000000000003001400
08A7C0C000A5000F492066690000000000000300FFFFFFFFFFFFFFFFFFFFFFFFFFFFFFFFFFFFFFFFFFFFFFFFFFFFFFFFFFFFFFFFFFFFFFFFFFFFFFFFFFFFFFFF333333333333333333333333333333333333333333333333333333333333333333333333333333333333333333333333333333333333333333333333333333333333333333333333333333333333333333333333333333330000000000000000000000000000000000000000
0887C0C1005D000F49206B8400000000000000000000000000000000000000000000000000000000000000000000000000000000000000000000000000000000000000000000000000000000000000000000000000000000000000000000000000000000
0897C0C1003D000F492000210000000000000101827600000000000089270100740046119C000000020000004A03000029000000F40200006A0000000000630063000101
08A4C0BD0045000F49210CCF00000000010001010101010101000000000000000000000000000000000000000000000000000000183400000000000000000000000000000000000024000000
088AC0C10013000F492126770000000001000003000000000000
0890C0C0003D000F4921599B0000000000000000000000000000000000000000000000000000000000000000000000000000000000000000000000000100010001000100
08AAC0C30049000F49217336000000000002000007000000000000000200000000000000060000000000000000000000000000000000000000000000803E0000803E0000FFFFFFFFFFFFFFFF00000C00
08ADC0C000AD000F4921EED4000000000000010001011F0000000300000000000000000000000000000000000000000010270000BE000000BE00000022090000BC000000BF000000FFFFFFFFFFFFFFFFFFFFFFFFFFFFFFFFFFFFFFFFFFFFFFFFFFFFFFFFFFFFFFFFFFFFFFFFFFFFFFFFFFFFFFFFFFFFFFFFFFFFFFFFFFFFFFFFFFFFFFFFFFFFFFFFFFFFFFFFFFFFFFFFFFFFFFFFFFFFFFFFFFFFFFFFFFFFFFFFFFFFFFFFFFFFFFFFFFFFFFFFFFFFFFFFFFFFFFFF
08B8C0BF0069000F4922148F00000000000001000100010000000000000000000000000000000000DB080000000000002F63662F64735F66696C7465725F74626C2E74626C00000000000000000000000000000000000000000000000000000000000000000000000000000000000000
089BC0C20015000F49222E2500000000000000000000000003001400
08A7C0C100A5000F492247C10000000000000300FFFFFFFFFFFFFFFFFFFFFFFFFFFFFFFFFFFFFFFFFFFFFFFFFFFFFFFFFFFFFFFFFFFFFFFFFFFFFFFFFFFFFFFF333333333333333333333333333333333333333333333333333333333333333333333333333333333333333333333333333333333333333333333333333333333333333333333333333333333333333333333333333333330000000000000000000000000000000000000000
0887C0C2005D000F4922615900000000000000000000000000000000000000000000000000000000000000000000000000000000000000000000000000000000000000000000000000000000000000000000000000000000000000000000000000000000
0897C0C2003D000F49232E250000000000000101FD76000000000000B7280100750058119C000000020000004E03000029000000F70200006B0000001200630063000100
08A4C0BE0045000F49250A4E00000000010001010101010101000000000000000000000000000000000000000000000000000000183400000000000000000000000000000000000024000000
088AC0C20013000F492523F40000000001000003000000000000
0890C0C1003D000F4925571A0000000000000000000000000000000000000000000000000000000000000000000000000000000000000000000000000100010001000100
08AAC0C40049000F492570B4000000000002000007000000000000000200000000000000060000000000000000000000000000000000000000000000803E0000803E0000FFFFFFFFFFFFFFFF00000C00
08ADC0C100AD000F4925B862000000000000010001011F0000000300000000000000000000000000000000000000000010270000BF000000BF0000002D090000BD000000C0000000FFFFFFFFFFFFFFFFFFFFFFFFFFFFFFFFFFFFFFFFFFFFFFFFFFFFFFFFFFFFFFFFFFFFFFFFFFFFFFFFFFFFFFFFFFFFFFFFFFFFFFFFFFFFFFFFFFFFFFFFFFFFFFFFFFFFFFFFFFFFFFFFFFFFFFFFFFFFFFFFFFFFFFFFFFFFFFFFFFFFFFFFFFFFFFFFFFFFFFFFFFFFFFFFFFFFFFFF
09BAC0C90043000F4925BDBB00000000640001010100C3F5E44152887444AE4794438FC212420AD7E7C19A9905C1C3F5DC410AD7233C00000000E17A943F000000000000000000000000
09CAC0AD0027000F4925BDEC000000000000020000003108304209CBDD41B8AE050020F5030028390000410C0000
09AAC0AD0058000F4925BF3D00000000000000CFF753409CC44040AAF15240000080BF73685140DD24464062105840CBA1853FCDCC4C3ECDCCCCBE00E01044000080BFCDCCCC3DCDCC4CBE3333F33FCDCC4CBE010101000101010107000000
09DAC0940099000F4925C07000000000000703000100012F7661722F70697361742F646174612F636170747572655F332E6A70670000000000000000000000000000000000000000000000000000000000000000000000000000000000000000000000000000000000000000000000000000000000000000000000000000000000000000000000000000000000000000000000000000008E3502006F92676A00
08B8C0C00069000F492619A000000000000001000100010000000000000000000000000000000000F3080000000000002F63662F64735F66696C7465725F74626C2E74626C00000000000000000000000000000000000000000000000000000000000000000000000000000000000000
089BC0C30015000F4926333600000000000000000000000003001400
08A7C0C200A5000F49264CD20000000000000300FFFFFFFFFFFFFFFFFFFFFFFFFFFFFFFFFFFFFFFFFFFFFFFFFFFFFFFFFFFFFFFFFFFFFFFFFFFFFFFFFFFFFFFF333333333333333333333333333333333333333333333333333333333333333333333333333333333333333333333333333333333333333333333333333333333333333333333333333333333333333333333333333333330000000000000000000000000000000000000000
0887C0C3005D000F4926666900000000000000000000000000000000000000000000000000000000000000000000000000000000000000000000000000000000000000000000000000000000000000000000000000000000000000000000000000000000
0897C0C3003D000F49270A4900000000000001019E77000000000000472A0100750078119E000000020000005203000029000000FB0200006C0000000400630000000101
08A4C0BF0045000F49290A4A00000000010001010101010101000000000000000000000000000000000000000000000000000000183400000000000000000000000000000000000024000000
088AC0C30013000F492923F20000000001000003000000000000
08ADC0C200AD000F4929888D000000000000010001011F0000000300000000000000000000000000000000000000000010270000C0000000C000000038090000BE000000C1000000FFFFFFFFFFFFFFFFFFFFFFFFFFFFFFFFFFFFFFFFFFFFFFFFFFFFFFFFFFFFFFFFFFFFFFFFFFFFFFFFFFFFFFFFFFFFFFFFFFFFFFFFFFFFFFFFFFFFFFFFFFFFFFFFFFFFFFFFFFFFFFFFFFFFFFFFFFFFFFFFFFFFFFFFFFFFFFFFFFFFFFFFFFFFFFFFFFFFFFFFFFFFFFFFFFFFFFFF
0890C0C2003D000F49298A4D0000000000000000000000000000000000000000000000000000000000000000000000000000000000000000000000000100010001000100
08AAC0C50049000F49298F6A000000000002000007000000000000000200000000000000060000000000000000000000000000000000000000000000803E0000803E0000FFFFFFFFFFFFFFFF00000C00
08B8C0C10069000F492A171F000000000000010001000100000000000000000000000000000000000A090000000000002F63662F64735F66696C7465725F74626C2E74626C00000000000000000000000000000000000000000000000000000000000000000000000000000000000000
089BC0C40015000F492A30B400000000000000000000000003001400
08A7C0C300A5000F492A4A520000000000000300FFFFFFFFFFFFFFFFFFFFFFFFFFFFFFFFFFFFFFFFFFFFFFFFFFFFFFFFFFFFFFFFFFFFFFFFFFFFFFFFFFFFFFFF333333333333333333333333333333333333333333333333333333333333333333333333333333333333333333333333333333333333333333333333333333333333333333333333333333333333333333333333333333330000000000000000000000000000000000000000
0887C0C4005D000F492A63E800000000000000000000000000000000000000000000000000000000000000000000000000000000000000000000000000000000000000000000000000000000000000000000000000000000000000000000000000000000
09BAC0CA0043000F492ACE1F00000000650000000000C3F5E44152887444AE4794438FC212420AD7E7C19A9905C1C3F5DC410AD7233C00000000E17A943F000000000000000000000000
09CAC0AE0027000F492ACE5800000000000002000000310830428166E941B8AE050028F5030028390000410C0000
09AAC0AE0058000F492ACFDE00000000000000000040404260454033335340000080BFE9265140FED458408FC25540CBA1853FCDCCCC3D333333BF33731144000080BF000000003333F33F00000000CDCC4CBE010101000101010107000000
09DAC0950099000F492AD0E200000000000703000100012F7661722F70697361742F646174612F636170747572655F332E6A70670000000000000000000000000000000000000000000000000000000000000000000000000000000000000000000000000000000000000000000000000000000000000000000000000000000000000000000000000000000000000000000000000000008E3502006F92676A00
0897C0C4003D000F492AFD7F00000000000001013F78000000000000D72B0100750095119E000000020000005603000029000000FE0200006C0000006300630000000101
185AC000008520000A0000002F646174612F636170747572655F332E6A706700000000000000000000000000000000000000000000000000000000000000000000000000000000000000000070697361745F696D675F303030335F636170747572655F332E6A7067000000000000000000000000000000000000000000000000000000000000000000000000
185AC000008520000B0000002F646174612F636170747572655F332E6A706700000000000000000000000000000000000000000000000000000000000000000000000000000000000000000070697361745F696D675F303030335F636170747572655F332E6A7067000000000000000000000000000000000000000000000000000000000000000000000000
185AC000008520007F0000002F646174612F636170747572655F332E6A706700000000000000000000000000000000000000000000000000000000000000000000000000000000000000000070697361745F696D675F303030335F636170747572655F332E6A7067000000000000000000000000000000000000000000000000000000000000000000000000
08A4C0C00045000F492D0CCC00000000010001010101010101000000000000000000000000000000010000000000000000000000183400000000000000000000000000000000000024000000
185AC00000852000810000002F646174612F636170747572655F332E6A706700000000000000000000000000000000000000000000000000000000000000000000000000000000000000000070697361745F696D675F303030335F636170747572655F332E6A7067000000000000000000000000000000000000000000000000000000000000000000000000
185AC00000852000820000002F646174612F636170747572655F332E6A706700000000000000000000000000000000000000000000000000000000000000000000000000000000000000000070697361745F696D675F303030335F636170747572655F332E6A7067000000000000000000000000000000000000000000000000000000000000000000000000
185AC00000852000830000002F646174612F636170747572655F332E6A706700000000000000000000000000000000000000000000000000000000000000000000000000000000000000000070697361745F696D675F303030335F636170747572655F332E6A7067000000000000000000000000000000000000000000000000000000000000000000000000
088AC0C40013000F492D59AD0000000001000002000000000000
0890C0C3003D000F492D63D70000000000000000000000000000000000000000000000000000000000000000000000000000000000000000000000000100010001000100
08AAC0C60049000F492D7334000000000002000007000000000000000200000000000000060000000000000000000000000000000000000000000000803E0000803E0000FFFFFFFFFFFFFFFF00000C00
08B8C0C20069000F492E30A70000000000000100010001000000000000000000000000000000000029090000000000002F63662F64735F66696C7465725F74626C2E74626C00000000000000000000000000000000000000000000000000000000000000000000000000000000000000
089BC0C50015000F492E35C200000000000000000000000003001400
08A7C0C400A5000F492E4CCF0000000000000300FFFFFFFFFFFFFFFFFFFFFFFFFFFFFFFFFFFFFFFFFFFFFFFFFFFFFFFFFFFFFFFFFFFFFFFFFFFFFFFFFFFFFFFF333333333333333333333333333333333333333333333333333333333333333333333333333333333333333333333333333333333333333333333333333333333333333333333333333333333333333333333333333333330000000000000000000000000000000000000000
08ADC0C300AD000F492E9E33000000000000010001011F0000000300000000000000000000000000000000000000000010270000C1000000C100000044090000BF000000C2000000FFFFFFFFFFFFFFFFFFFFFFFFFFFFFFFFFFFFFFFFFFFFFFFFFFFFFFFFFFFFFFFFFFFFFFFFFFFFFFFFFFFFFFFFFFFFFFFFFFFFFFFFFFFFFFFFFFFFFFFFFFFFFFFFFFFFFFFFFFFFFFFFFFFFFFFFFFFFFFFFFFFFFFFFFFFFFFFFFFFFFFFFFFFFFFFFFFFFFFFFFFFFFFFFFFFFFFFF
0887C0C5005D000F492E9EBA00000000000000000000000000000000000000000000000000000000000000000000000000000000000000000000000000000000000000000000000000000000000000000000000000000000000000000000000000000000
0897C0C5003D000F492F00020000000000000101DC78000000000000672D01007500B1119F000000020000005A03000029000000030300006C0000000000630000000100
09BAC0CB0043000F492F8F9200000000650001010100B81EE541528874443D4A9443D7A312425C8FFCC1A47005C13333DD410AD7A33C0AD723BC85EB913F000000000000000000000000
09CAC0AF0027000F492F8FCB0000000000000200000048E12D42BEDBC841B8AE05003CF5030028390000410C0000
09AAC0AF0058000F492F911100000000000000A01A4F40E17A5440AAF15240000080BFE9265140D9CE574046B65340DD24863FCDCCCCBDCDCC4CBE67C61144000080BF000000006766E63F000000BFCDCCCCBD010101000101010107000000
09DAC0960099000F492F924E00000000000703000100012F7661722F70697361742F646174612F636170747572655F332E6A70670000000000000000000000000000000000000000000000000000000000000000000000000000000000000000000000000000000000000000000000000000000000000000000000000000000000000000000000000000000000000000000000000000008E3502006F92676A00
185AC000008520000A0000002F646174612F636170747572655F332E6A706700000000000000000000000000000000000000000000000000000000000000000000000000000000000000000070697361745F696D675F303030335F636170747572655F332E6A7067000000000000000000000000000000000000000000000000000000000000000000000000
185AC000008520000B0000002F646174612F636170747572655F332E6A706700000000000000000000000000000000000000000000000000000000000000000000000000000000000000000070697361745F696D675F303030335F636170747572655F332E6A7067000000000000000000000000000000000000000000000000000000000000000000000000
185AC00000852000810000002F646174612F636170747572655F332E6A706700000000000000000000000000000000000000000000000000000000000000000000000000000000000000000070697361745F696D675F303030335F636170747572655F332E6A7067000000000000000000000000000000000000000000000000000000000000000000000000
185AC00000852000820000002F646174612F636170747572655F332E6A706700000000000000000000000000000000000000000000000000000000000000000000000000000000000000000070697361745F696D675F303030335F636170747572655F332E6A7067000000000000000000000000000000000000000000000000000000000000000000000000
08A4C0C10045000F493030B800000000010001010101010101000000000000000000000000000000000000000000000000000000183400000000000000000000000000000000000025000000
088AC0C50013000F493035EB0000000001000002000000000000
0890C0C4003D000F4930548A0000000000000000000000000000000000000000000000000000000000000000000000000000000000000000000000000100010001000100
08AAC0C70049000F49306E24000000000002000007000000000000000200000000000000060000000000000000000000000000000000000000000000803E0000803E0000FFFFFFFFFFFFFFFF00000C00
08B8C0C30069000F4931148D000000000000010001000100000000000000000000000000000000003A090000000000002F63662F64735F66696C7465725F74626C2E74626C00000000000000000000000000000000000000000000000000000000000000000000000000000000000000
08ADC0C400AD000F49317138000000000000010001011F0000000300000000000000000000000000000000000000000010270000C2000000C20000004C090000C0000000C3000000FFFFFFFFFFFFFFFFFFFFFFFFFFFFFFFFFFFFFFFFFFFFFFFFFFFFFFFFFFFFFFFFFFFFFFFFFFFFFFFFFFFFFFFFFFFFFFFFFFFFFFFFFFFFFFFFFFFFFFFFFFFFFFFFFFFFFFFFFFFFFFFFFFFFFFFFFFFFFFFFFFFFFFFFFFFFFFFFFFFFFFFFFFFFFFFFFFFFFFFFFFFFFFFFFFFFFFFF
089BC0C60015000F4931717A00000000000000000000000003001400
08A7C0C500A5000F493175D40000000000000300FFFFFFFFFFFFFFFFFFFFFFFFFFFFFFFFFFFFFFFFFFFFFFFFFFFFFFFFFFFFFFFFFFFFFFFFFFFFFFFFFFFFFFFF333333333333333333333333333333333333333333333333333333333333333333333333333333333333333333333333333333333333333333333333333333333333333333333333333333333333333333333333333333330000000000000000000000000000000000000000
0887C0C6005D000F49317AF100000000000000000000000000000000000000000000000000000000000000000000000000000000000000000000000000000000000000000000000000000000000000000000000000000000000000000000000000000000
0897C0C6003D000F4931FAEF00000000000001017D79000000000000F72E01007500C7119F000000020000005E03000029000000060300006C0000006200630063000100
185AC000008520000A0000002F646174612F636170747572655F332E6A706700000000000000000000000000000000000000000000000000000000000000000000000000000000000000000070697361745F696D675F303030335F636170747572655F332E6A7067000000000000000000000000000000000000000000000000000000000000000000000000
185AC000008520000B0000002F646174612F636170747572655F332E6A706700000000000000000000000000000000000000000000000000000000000000000000000000000000000000000070697361745F696D675F303030335F636170747572655F332E6A7067000000000000000000000000000000000000000000000000000000000000000000000000
09BAC0CC0043000F49338F6E00000000660000000000B81EE541528874443D4A9443D7A312425C8FFCC1A47005C13333DD410AD7A33C0AD723BC85EB913F000000000000000000000000
09CAC0B00027000F49338FAB0000000000000200000048E12D4216ADEF41B8AE05004CF5030028390000410C0000
09AAC0B00058000F493391170000000000000017D94E406210584033335340000080BFE926514006815540AAF13240CBA1853F000000006766064067E60F44000080BF000000009A99993ECDCCCCBE00000000010101000101010107000000
09DAC0970099000F4933922F00000000000703000100012F7661722F70697361742F646174612F636170747572655F332E6A70670000000000000000000000000000000000000000000000000000000000000000000000000000000000000000000000000000000000000000000000000000000000000000000000000000000000000000000000000000000000000000000000000000008E3502006F92676A00
08A4C0C20045000F49340A4900000000010001010101010101000000000000000000000000000000000000000000000000000000183400000000000000000000000000000000000025000000
088AC0C60013000F493423EE0000000001000002000000000000
0890C0C5003D000F493457150000000000000000000000000000000000000000000000000000000000000000000000000000000000000000000000000100010001000100
08AAC0C80049000F493470AF000000000002000007000000000000000200000000000000060000000000000000000000000000000000000000000000803E0000803E0000FFFFFFFFFFFFFFFF00000C00
08ADC0C500AD000F493541A9000000000000010001011F0000000300000000000000000000000000000000000000000010270000C3000000C300000059090000C1000000C4000000FFFFFFFFFFFFFFFFFFFFFFFFFFFFFFFFFFFFFFFFFFFFFFFFFFFFFFFFFFFFFFFFFFFFFFFFFFFFFFFFFFFFFFFFFFFFFFFFFFFFFFFFFFFFFFFFFFFFFFFFFFFFFFFFFFFFFFFFFFFFFFFFFFFFFFFFFFFFFFFFFFFFFFFFFFFFFFFFFFFFFFFFFFFFFFFFFFFFFFFFFFFFFFFFFFFFFFFF
08B8C0C40069000F4935452D0000000000000100010001000000000000000000000000000000000049090000000000002F63662F64735F66696C7465725F74626C2E74626C00000000000000000000000000000000000000000000000000000000000000000000000000000000000000
089BC0C70015000F49354A4900000000000000000000000003001400
08A7C0C600A5000F49354F6A0000000000000300FFFFFFFFFFFFFFFFFFFFFFFFFFFFFFFFFFFFFFFFFFFFFFFFFFFFFFFFFFFFFFFFFFFFFFFFFFFFFFFFFFFFFFFF333333333333333333333333333333333333333333333333333333333333333333333333333333333333333333333333333333333333333333333333333333333333333333333333333333333333333333333333333333330000000000000000000000000000000000000000
0887C0C7005D000F493563E300000000000000000000000000000000000000000000000000000000000000000000000000000000000000000000000000000000000000000000000000000000000000000000000000000000000000000000000000000000
0897C0C7003D000F4935FD7A00000000000001011E7A000000000000873001007500E311A20000000200000062030000290000000A0300006D0000006300630000000101
08A4C0C30045000F49380CCB00000000010001010101010101000000000000000000000000000000000000000000000000000000183400000000000000000000000000000000000025000000
088AC0C70013000F4938266F0000000001000002000000000000
0890C0C6003D000F493859960000000000000000000000000000000000000000000000000000000000000000000000000000000000000000000000000100010001000100
08AAC0C90049000F49387330000000000002000007000000000000000200000000000000060000000000000000000000000000000000000000000000803E0000803E0000FFFFFFFFFFFFFFFF00000C00
09BAC0CD0043000F49388F8B00000000660001010100B81EE5413D8A74445C2F94431F85124248E1F0C185EB19C13333EB410AD7A33C000000808FC2953F000000000000000000000000
09CAC0B10027000F49388FC30000000000000200000048E12D4234D6E741B8AE050058F5030028390000410C0000
09AAC0B10058000F493891180000000000000075935840B4C85640AAF15240000080BF60E55040FCA9514012834040B81E853F0000803F6766663F9AB91044000080BFCDCCCCBD9A9999BECDCCCCBE00000000010101000101010107000000
09DAC0980099000F4938924100000000000703000100012F7661722F70697361742F646174612F636170747572655F332E6A70670000000000000000000000000000000000000000000000000000000000000000000000000000000000000000000000000000000000000000000000000000000000000000000000000000000000000000000000000000000000000000000000000000008E3502006F92676A00
08ADC0C600AD000F49393E99000000000000010001011F0000000300000000000000000000000000000000000000000010270000C4000000C400000064090000C2000000C5000000FFFFFFFFFFFFFFFFFFFFFFFFFFFFFFFFFFFFFFFFFFFFFFFFFFFFFFFFFFFFFFFFFFFFFFFFFFFFFFFFFFFFFFFFFFFFFFFFFFFFFFFFFFFFFFFFFFFFFFFFFFFFFFFFFFFFFFFFFFFFFFFFFFFFFFFFFFFFFFFFFFFFFFFFFFFFFFFFFFFFFFFFFFFFFFFFFFFFFFFFFFFFFFFFFFFFFFFF
08B8C0C50069000F493942930000000000000100010001000000000000000000000000000000000055090000000000002F63662F64735F66696C7465725F74626C2E74626C00000000000000000000000000000000000000000000000000000000000000000000000000000000000000
089BC0C80015000F493947AB00000000000000000000000003001400
08A7C0C700A5000F49394CCC0000000000000300FFFFFFFFFFFFFFFFFFFFFFFFFFFFFFFFFFFFFFFFFFFFFFFFFFFFFFFFFFFFFFFFFFFFFFFFFFFFFFFFFFFFFFFF333333333333333333333333333333333333333333333333333333333333333333333333333333333333333333333333333333333333333333333333333333333333333333333333333333333333333333333333333333330000000000000000000000000000000000000000
0887C0C8005D000F4939666300000000000000000000000000000000000000000000000000000000000000000000000000000000000000000000000000000000000000000000000000000000000000000000000000000000000000000000000000000000
0897C0C8003D000F4939FFFB0000000000000101AE7A000000000000E13101007600F111A30000000200000066030000290000000F0300006D0000000000630000000100
09BAC0CE0043000F493B034900000000670000000000B81EE5413D8A74445C2F94431F85124248E1F0C185EB19C13333EB410AD7A33C000000808FC2953F000000000000000000000000
09BAC0CF0043000F493B037E000000006700010101003333E54152887444854B9443E17A1242B81EF1C1295CF7C0295CE1410AD7A33C0AD7233CE17A943F000000000000000000000000
09CAC0B20027000F493B03AE0000000000000200000031083042C4C3D341B8AE050058F5030028390000410C0000
09AAC0B20058000F493B04E900000000000000EC5158406ABC54408FC25540000080BFF4FD54402B8736409CC44040B81E853F33331340CDCCCCBD0040C843000080BFCDCC4CBECDCC4CBE000000BF000000BF010101000101010107000000
08B8C0C60069000F493B199E0000000000000100010001000000000000000000000000000000000061090000000000002F63662F64735F66696C7465725F74626C2E74626C00000000000000000000000000000000000000000000000000000000000000000000000000000000000000
089BC0C90015000F493B333300000000000000000000000003001400
08A7C0C800A5000F493B4CD00000000000000300FFFFFFFFFFFFFFFFFFFFFFFFFFFFFFFFFFFFFFFFFFFFFFFFFFFFFFFFFFFFFFFFFFFFFFFFFFFFFFFFFFFFFFFF333333333333333333333333333333333333333333333333333333333333333333333333333333333333333333333333333333333333333333333333333333333333333333333333333333333333333333333333333333330000000000000000000000000000000000000000
0887C0C9005D000F493B666700000000000000000000000000000000000000000000000000000000000000000000000000000000000000000000000000000000000000000000000000000000000000000000000000000000000000000000000000000000
09BAC0D00043000F493B8F6B000000006800000000003333E54152887444854B9443E17A1242B81EF1C1295CF7C0295CE1410AD7A33C0AD7233CE17A943F000000000000000000000000
09CAC0B30027000F493B8FA100000000000002000000310830426A82F13FB8AE050058F5030028390000410C0000
09AAC0B30058000F493B91180000000000000010585940E17A544033335340000080BF60E55040D9CE37409CC44040CBA1853F9A99194000000000CD6C0D44000080BFCDCC4C3E9A9999BE000000BFCDCC4CBE010101000101010107000000
09DAC0990099000F493B921300000000000703000100012F7661722F70697361742F646174612F636170747572655F332E6A70670000000000000000000000000000000000000000000000000000000000000000000000000000000000000000000000000000000000000000000000000000000000000000000000000000000000000000000000000000000000000000000000000000008E3502006F92676A00
0897C0C9003D000F493C562F0000000000000101217B000000000000FB32010078000012A3000000020000006B03000029000000120300006E00000021004F0000000101
08A4C0C40045000F493D07C100000000010001010101010101000000000000000000000000000000000000000000000000000000183400000000000000000000000000000000000025000000
088AC0C80013000F493D21660000000001000002000000000000
0890C0C7003D000F493D548C0000000000000000000000000000000000000000000000000000000000000000000000000000000000000000000000000100010001000100
08AAC0CA0049000F493DB285000000000002000007000000000000000200000000000000060000000000000000000000000000000000000000000000803E0000803E0000FFFFFFFFFFFFFFFF00000C00
08ADC0C700AD000F493DBC1C000000000000010001011F0000000300000000000000000000000000000000000000000010270000C6000000C500000075090000C4000000C6000000FFFFFFFFFFFFFFFFFFFFFFFFFFFFFFFFFFFFFFFFFFFFFFFFFFFFFFFFFFFFFFFFFFFFFFFFFFFFFFFFFFFFFFFFFFFFFFFFFFFFFFFFFFFFFFFFFFFFFFFFFFFFFFFFFFFFFFFFFFFFFFFFFFFFFFFFFFFFFFFFFFFFFFFFFFFFFFFFFFFFFFFFFFFFFFFFFFFFFFFFFFFFFFFFFFFFFFFF
09BAC0D10043000F493E8F9000000000680001010100AE47E5413D8A74445C2F9443713D1242AE47EFC1E17A00C13333D9410AD7A33C00000080E17A943F000000000000000000000000
09CAC0B40027000F493E8FCA0000000000000200000031083042A20FE841B8AE050064F5030028390000410C0000
09AAC0B40058000F493E9111000000000000002B875640986E524033335340000080BF60E5504089414040B4C85640CBA1853FCDCCCC3FCDCCCCBD9A790E44000080BFCDCC4C3ECDCCCCBECDCCCC3DCDCCCCBD010101000101010107000000
09DAC09A0099000F493E924500000000000703000100012F7661722F70697361742F646174612F636170747572655F332E6A70670000000000000000000000000000000000000000000000000000000000000000000000000000000000000000000000000000000000000000000000000000000000000000000000000000000000000000000000000000000000000000000000000000008E3502006F92676A00
08A4C0C50045000F4940401200000000010001010101010101000000000000000000000000000000010000000000000000000000183400000000000000000000000000000000000025000000
088AC0C90013000F4940453C0000000001000002000000000000
0890C0C8003D000F4940548B0000000000000000000000000000000000000000000000000000000000000000000000000000000000000000000000000100010001000100
08AAC0CB0049000F49409C45000000000002000007000000000000000200000000000000060000000000000000000000000000000000000000000000803E0000803E0000FFFFFFFFFFFFFFFF00000C00
08B8C0C70069000F4941148E000000000000010001000100000000000000000000000000000000006F090000000000002F63662F64735F66696C7465725F74626C2E74626C00000000000000000000000000000000000000000000000000000000000000000000000000000000000000
089BC0CA0015000F49412E2500000000000000000000000003001400
08ADC0C800AD000F4941843B000000000000010001011F0000000300000000000000000000000000000000000000000010270000C7000000C600000080090000C5000000C7000000FFFFFFFFFFFFFFFFFFFFFFFFFFFFFFFFFFFFFFFFFFFFFFFFFFFFFFFFFFFFFFFFFFFFFFFFFFFFFFFFFFFFFFFFFFFFFFFFFFFFFFFFFFFFFFFFFFFFFFFFFFFFFFFFFFFFFFFFFFFFFFFFFFFFFFFFFFFFFFFFFFFFFFFFFFFFFFFFFFFFFFFFFFFFFFFFFFFFFFFFFFFFFFFFFFFFFFFF
08A7C0C900A5000F4941847B0000000000000300FFFFFFFFFFFFFFFFFFFFFFFFFFFFFFFFFFFFFFFFFFFFFFFFFFFFFFFFFFFFFFFFFFFFFFFFFFFFFFFFFFFFFFFF333333333333333333333333333333333333333333333333333333333333333333333333333333333333333333333333333333333333333333333333333333333333333333333333333333333333333333333333333333330000000000000000000000000000000000000000
0887C0CA005D000F494187C100000000000000000000000000000000000000000000000000000000000000000000000000000000000000000000000000000000000000000000000000000000000000000000000000000000000000000000000000000000
0897C0CA003D000F4941FAF00000000000000101267C0000000000009735010079002D12A400000002000000720300002900000018030000700000006200630063000101
09BAC0D20043000F49438F6D00000000690000000000AE47E5413D8A74445C2F9443713D1242AE47EFC1E17A00C13333D9410AD7A33C00000080E17A943F000000000000000000000000
09CAC0B50027000F49438FA90000000000000200000048E12D4234D6E741B8AE05007CF5030028390000410C0000
09AAC0B50058000F4943911400000000000000B4C856401B2F3D40AAF15240000080BFE9265140C1CA414010585940CBA1853F9A99993E000000BF9AB90D44000080BF00000000CDCC4CBECDCC0C40CDCC4CBE010101000101010107000000
09DAC09B0099000F4943922E00000000000703000100012F7661722F70697361742F646174612F636170747572655F332E6A70670000000000000000000000000000000000000000000000000000000000000000000000000000000000000000000000000000000000000000000000000000000000000000000000000000000000000000000000000000000000000000000000000000008E3502006F92676A00
08A4C0C60045000F4944199B00000000010001010101010101000000000000000000000000000000000000000000000000000000183400000000000000000000000000000000000026000000
088AC0CA0013000F494426730000000001000002000000000000
0890C0C9003D000F4944599A0000000000000000000000000000000000000000000000000000000000000000000000000000000000000000000000000100010001000100
08AAC0CC0049000F49447334000000000002000007000000000000000200000000000000060000000000000000000000000000000000000000000000803E0000803E0000FFFFFFFFFFFFFFFF00000C00
08ADC0C900AD000F4945548A000000000000010001011F0000000300000000000000000000000000000000000000000010270000C8000000C70000008B090000C6000000C8000000FFFFFFFFFFFFFFFFFFFFFFFFFFFFFFFFFFFFFFFFFFFFFFFFFFFFFFFFFFFFFFFFFFFFFFFFFFFFFFFFFFFFFFFFFFFFFFFFFFFFFFFFFFFFFFFFFFFFFFFFFFFFFFFFFFFFFFFFFFFFFFFFFFFFFFFFFFFFFFFFFFFFFFFFFFFFFFFFFFFFFFFFFFFFFFFFFFFFFFFFFFFFFFFFFFFFFFFF
08B8C0C80069000F494554CA000000000000010001000100000000000000000000000000000000007A090000000000002F63662F64735F66696C7465725F74626C2E74626C00000000000000000000000000000000000000000000000000000000000000000000000000000000000000
089BC0CB0015000F494559D400000000000000000000000003001400
08A7C0CA00A5000F49455EC60000000000000300FFFFFFFFFFFFFFFFFFFFFFFFFFFFFFFFFFFFFFFFFFFFFFFFFFFFFFFFFFFFFFFFFFFFFFFFFFFFFFFFFFFFFFFF333333333333333333333333333333333333333333333333333333333333333333333333333333333333333333333333333333333333333333333333333333333333333333333333333333333333333333333333333333330000000000000000000000000000000000000000
0887C0CB005D000F4945666700000000000000000000000000000000000000000000000000000000000000000000000000000000000000000000000000000000000000000000000000000000000000000000000000000000000000000000000000000000
0897C0CB003D000F4945001F0000000000000101C77C0000000000002737010079004A12A60000000200000076030000290000001D030000700000000000630063000100
08A4C0C70045000F49460CCF00000000010001010101010101000000000000000000000000000000000000000000000000000000183400000000000000000000000000000000000026000000
088AC0CB0013000F494626740000000001000002000000000000
0890C0CA003D000F4946599B0000000000000000000000000000000000000000000000000000000000000000000000000000000000000000000000000100010001000100
08AAC0CD0049000F49467336000000000002000007000000000000000200000000000000060000000000000000000000000000000000000000000000803E0000803E0000FFFFFFFFFFFFFFFF00000C00
09BAC0D30043000F49468F9200000000690001010100295CE54152887444A4509443AE471242F628F8C10AD7EBC00AD7E5410AD723BC8FC2F5BC8FC2953F000000000000000000000000
09CAC0B60027000F49468FC80000000000000200000048E12D426F67F041B8AE05007CF5030028390000410C0000
09AAC0B60058000F4946911B000000000000000E2D52400AD7434021B05240000080BF73685140A2455640EC515840CBA1853FCDCCCC3D000000BF67661244000080BFCDCCCC3E0000003F6766663FCDCCCCBD010101000101010107000000
09DAC09C0099000F4946924200000000000703000100012F7661722F70697361742F646174612F636170747572655F332E6A70670000000000000000000000000000000000000000000000000000000000000000000000000000000000000000000000000000000000000000000000000000000000000000000000000000000000000000000000000000000000000000000000000000008E3502006F92676A00
08ADC0CA00AD000F4946DF6B000000000000010001011F0000000300000000000000000000000000000000000000000010270000C9000000C800000094090000C7000000C9000000FFFFFFFFFFFFFFFFFFFFFFFFFFFFFFFFFFFFFFFFFFFFFFFFFFFFFFFFFFFFFFFFFFFFFFFFFFFFFFFFFFFFFFFFFFFFFFFFFFFFFFFFFFFFFFFFFFFFFFFFFFFFFFFFFFFFFFFFFFFFFFFFFFFFFFFFFFFFFFFFFFFFFFFFFFFFFFFFFFFFFFFFFFFFFFFFFFFFFFFFFFFFFFFFFFFFFFFF
08B8C0C90069000F4947148E0000000000000100010001000000000000000000000000000000000084090000000000002F63662F64735F66696C7465725F74626C2E74626C00000000000000000000000000000000000000000000000000000000000000000000000000000000000000
089BC0CC0015000F49472E2600000000000000000000000003001400
08A7C0CB00A5000F494747C20000000000000300FFFFFFFFFFFFFFFFFFFFFFFFFFFFFFFFFFFFFFFFFFFFFFFFFFFFFFFFFFFFFFFFFFFFFFFFFFFFFFFFFFFFFFFF333333333333333333333333333333333333333333333333333333333333333333333333333333333333333333333333333333333333333333333333333333333333333333333333333333333333333333333333333333330000000000000000000000000000000000000000
0887C0CC005D000F4947615900000000000000000000000000000000000000000000000000000000000000000000000000000000000000000000000000000000000000000000000000000000000000000000000000000000000000000000000000000000
0897C0CC003D000F494829050000000000000101467D000000000000553801007A005D12A7000000020000007A0300002900000020030000710000001000630063000100
08A4C0C80045000F494A2E2600000000010001010101010101000000000000000000000000000000000000000000000000000000183400000000000000000000000000000000000026000000
088AC0CC0013000F494A33510000000001000002000000000000
0890C0CB003D000F494A548B0000000000000000000000000000000000000000000000000000000000000000000000000000000000000000000000000100010001000100
08ADC0CB00AD000F494AB001000000000000010001011F0000000300000000000000000000000000000000000000000010270000CA000000C90000009C090000C8000000CA000000FFFFFFFFFFFFFFFFFFFFFFFFFFFFFFFFFFFFFFFFFFFFFFFFFFFFFFFFFFFFFFFFFFFFFFFFFFFFFFFFFFFFFFFFFFFFFFFFFFFFFFFFFFFFFFFFFFFFFFFFFFFFFFFFFFFFFFFFFFFFFFFFFFFFFFFFFFFFFFFFFFFFFFFFFFFFFFFFFFFFFFFFFFFFFFFFFFFFFFFFFFFFFFFFFFFFFFFF
08AAC0CE0049000F494AB03F000000000002000007000000000000000200000000000000060000000000000000000000000000000000000000000000803E0000803E0000FFFFFFFFFFFFFFFF00000C00
08B8C0CA0069000F494B148F000000000000010001000100000000000000000000000000000000008E090000000000002F63662F64735F66696C7465725F74626C2E74626C00000000000000000000000000000000000000000000000000000000000000000000000000000000000000
089BC0CD0015000F494B2E2500000000000000000000000003001400
08A7C0CC00A5000F494B47C10000000000000300FFFFFFFFFFFFFFFFFFFFFFFFFFFFFFFFFFFFFFFFFFFFFFFFFFFFFFFFFFFFFFFFFFFFFFFFFFFFFFFFFFFFFFFF333333333333333333333333333333333333333333333333333333333333333333333333333333333333333333333333333333333333333333333333333333333333333333333333333333333333333333333333333333330000000000000000000000000000000000000000
0887C0CD005D000F494B615800000000000000000000000000000000000000000000000000000000000000000000000000000000000000000000000000000000000000000000000000000000000000000000000000000000000000000000000000000000
09BAC0D40043000F494B8A5E000000006A0000000000295CE54152887444A4509443AE471242F628F8C10AD7EBC00AD7E5410AD723BC8FC2F5BC8FC2953F000000000000000000000000
09CAC0B70027000F494B8A97000000000000020000003108304271C9E841B8AE050088F5030028390000410C0000
09AAC0B70058000F494B8C0900000000000000426045401D5A444033335340000080BF73685140871659408FC25540F0A7863F000000BF9A9999BE33B31044000080BFCDCC4C3E00004040CDCC4CBECDCCCCBD010101000101010107000000
09DAC09D0099000F494B8D1900000000000703000100012F7661722F70697361742F646174612F636170747572655F332E6A70670000000000000000000000000000000000000000000000000000000000000000000000000000000000000000000000000000000000000000000000000000000000000000000000000000000000000000000000000000000000000000000000000000008E3502006F92676A00
0897C0CD003D000F494C00250000000000000101E77D000000000000E53901007A007C12A7000000020000007E0300002900000024030000710000000000630000000100
08A4C0C90045000F494E0A5000000000010001010101010101000000000000000000000000000000000000000000000000000000183400000000000000000000000000000000000026000000
088AC0CD0013000F494E23F50000000001000002000000000000
0890C0CC003D000F494E852F0000000000000000000000000000000000000000000000000000000000000000000000000000000000000000000000000100010001000100
08AAC0CF0049000F494E8A4F000000000002000007000000000000000200000000000000060000000000000000000000000000000000000000000000803E0000803E0000FFFFFFFFFFFFFFFF00000C00
08B8C0CB0069000F494F171E0000000000000100010001000000000000000000000000000000000099090000000000002F63662F64735F66696C7465725F74626C2E74626C00000000000000000000000000000000000000000000000000000000000000000000000000000000000000
089BC0CE0015000F494F6EBB00000000000000000000000003001400
08A7C0CD00A5000F494F734D0000000000000300FFFFFFFFFFFFFFFFFFFFFFFFFFFFFFFFFFFFFFFFFFFFFFFFFFFFFFFFFFFFFFFFFFFFFFFFFFFFFFFFFFFFFFFF333333333333333333333333333333333333333333333333333333333333333333333333333333333333333333333333333333333333333333333333333333333333333333333333333333333333333333333333333333330000000000000000000000000000000000000000
0887C0CE005D000F494F786500000000000000000000000000000000000000000000000000000000000000000000000000000000000000000000000000000000000000000000000000000000000000000000000000000000000000000000000000000000
08ADC0CC00AD000F494FC607000000000000010001011F0000000300000000000000000000000000000000000000000010270000CB000000CA000000A8090000C9000000CB000000FFFFFFFFFFFFFFFFFFFFFFFFFFFFFFFFFFFFFFFFFFFFFFFFFFFFFFFFFFFFFFFFFFFFFFFFFFFFFFFFFFFFFFFFFFFFFFFFFFFFFFFFFFFFFFFFFFFFFFFFFFFFFFFFFFFFFFFFFFFFFFFFFFFFFFFFFFFFFFFFFFFFFFFFFFFFFFFFFFFFFFFFFFFFFFFFFFFFFFFFFFFFFFFFFFFFFFFF
0897C0CE003D000F494FFD7F0000000000000101847E000000000000753B01007A009912A700000002000000820300002900000027030000710000006300630000000100
09BAC0D50043000F49508F92000000006A0001010100AE47E541AE87744433539443713D1242E17AF0C1D7A3A0C0295CEB410AD723BC0AD7A3BCE17A943F000000000000000000000000
09CAC0B80027000F49508FC70000000000000200000031083042C618ED41B8AE050098F5030028390000410C0000
09AAC0B80058000F4950911D0000000000000068914D40A2455640AAF15240000080BF60E550402B875640D1223B40CBA1853F000000003333333F67661144000080BFCDCCCC3DCDCC8C3F000000BF00000000010101000101010107000000
09DAC09E0099000F4950924800000000000703000100012F7661722F70697361742F646174612F636170747572655F332E6A70670000000000000000000000000000000000000000000000000000000000000000000000000000000000000000000000000000000000000000000000000000000000000000000000000000000000000000000000000000000000000000000000000000008E3502006F92676A00
08A4C0CA0045000F495250F900000000010001010101010101000000000000000000000000000000000000000000000000000000183400000000000000000000000000000000000026000000
088AC0CE0013000F495254870000000001000002000000000000
0890C0CD003D000F49525EB70000000000000000000000000000000000000000000000000000000000000000000000000000000000000000000000000100010001000100
08AAC0D00049000F49527333000000000002000007000000000000000200000000000000060000000000000000000000000000000000000000000000803E0000803E0000FFFFFFFFFFFFFFFF00000C00
08B8C0CC0069000F4952148F00000000000001000100010000000000000000000000000000000000A4090000000000002F63662F64735F66696C7465725F74626C2E74626C00000000000000000000000000000000000000000000000000000000000000000000000000000000000000
089BC0CF0015000F49522E2400000000000000000000000003001400
08A7C0CE00A5000F495247C10000000000000300FFFFFFFFFFFFFFFFFFFFFFFFFFFFFFFFFFFFFFFFFFFFFFFFFFFFFFFFFFFFFFFFFFFFFFFFFFFFFFFFFFFFFFFF333333333333333333333333333333333333333333333333333333333333333333333333333333333333333333333333333333333333333333333333333333333333333333333333333333333333333333333333333333330000000000000000000000000000000000000000
08ADC0CD00AD000F49529668000000000000010001011F0000000300000000000000000000000000000000000000000010270000CC000000CB000000B3090000CA000000CC000000FFFFFFFFFFFFFFFFFFFFFFFFFFFFFFFFFFFFFFFFFFFFFFFFFFFFFFFFFFFFFFFFFFFFFFFFFFFFFFFFFFFFFFFFFFFFFFFFFFFFFFFFFFFFFFFFFFFFFFFFFFFFFFFFFFFFFFFFFFFFFFFFFFFFFFFFFFFFFFFFFFFFFFFFFFFFFFFFFFFFFFFFFFFFFFFFFFFFFFFFFFFFFFFFFFFFFFFF
0887C0CF005D000F4952971C00000000000000000000000000000000000000000000000000000000000000000000000000000000000000000000000000000000000000000000000000000000000000000000000000000000000000000000000000000000
0897C0CF003D000F4952FAF10000000000000101257F000000000000053D01007A00AF12A80000000200000086030000290000002B030000710000006200630063000100
08A4C0CB0045000F495407BC00000000010001010101010101000000000000000000000000000000000000000000000000000000183400000000000000000000000000000000000027000000
088AC0CF0013000F495421610000000001000002000000000000
0890C0CE003D000F495454880000000000000000000000000000000000000000000000000000000000000000000000000000000000000000000000000100010001000100
08AAC0D10049000F49546E22000000000002000007000000000000000200000000000000060000000000000000000000000000000000000000000000803E0000803E0000FFFFFFFFFFFFFFFF00000C00
08ADC0CE00AD000F49553F2E000000000000010001011F0000000300000000000000000000000000000000000000000010270000CC000000CB000000BB090000CA000000CC000000FFFFFFFFFFFFFFFFFFFFFFFFFFFFFFFFFFFFFFFFFFFFFFFFFFFFFFFFFFFFFFFFFFFFFFFFFFFFFFFFFFFFFFFFFFFFFFFFFFFFFFFFFFFFFFFFFFFFFFFFFFFFFFFFFFFFFFFFFFFFFFFFFFFFFFFFFFFFFFFFFFFFFFFFFFFFFFFFFFFFFFFFFFFFFFFFFFFFFFFFFFFFFFFFFFFFFFFF
08B8C0CD0069000F495542A100000000000001000100010000000000000000000000000000000000A8090000000000002F63662F64735F66696C7465725F74626C2E74626C00000000000000000000000000000000000000000000000000000000000000000000000000000000000000
089BC0D00015000F495547BC00000000000000000000000003001400
08A7C0CF00A5000F49554CDC0000000000000300FFFFFFFFFFFFFFFFFFFFFFFFFFFFFFFFFFFFFFFFFFFFFFFFFFFFFFFFFFFFFFFFFFFFFFFFFFFFFFFFFFFFFFFF333333333333333333333333333333333333333333333333333333333333333333333333333333333333333333333333333333333333333333333333333333333333333333333333333333333333333333333333333333330000000000000000000000000000000000000000
0887C0D0005D000F4955615500000000000000000000000000000000000000000000000000000000000000000000000000000000000000000000000000000000000000000000000000000000000000000000000000000000000000000000000000000000
0897C0D0003D000F4955FAED00000000000001018A7F000000000000FD3D01007C00B712A9000000020000008A030000290000002E030000720000006200630063000100
09BAC0D60043000F49570461000000006B0000000000AE47E541AE87744433539443713D1242E17AF0C1D7A3A0C0295CEB410AD723BC0AD7A3BCE17A943F000000000000000000000000
09BAC0D70043000F49570496000000006B0001010100295CE541F6887444E13A94433333124214AEE9C10AD7ABC03333DD41000000008FC2F5BC3333933F000000000000000000000000
09CAC0B90027000F495704C700000000000002000000310830420B15DA41B8AE0500A8F5030028390000410C0000
09AAC0B90058000F4957061F00000000000000759358403D0A574006815540000080BF58395440F4FD54405C8F4240CBA1853F3333333F6766663F00C0D443000080BFCDCCCCBDCDCCCCBD9A9999BECDCCCCBD010101000101010107000000
08A4C0CC0045000F49580CCE00000000010001010101010101000000000000000000000000000000000000000000000000000000183400000000000000000000000000000000000027000000
088AC0D00013000F495826740000000001000002000000000000
0890C0CF003D000F4958599A0000000000000000000000000000000000000000000000000000000000000000000000000000000000000000000000000100010001000100
08AAC0D20049000F49587334000000000002000007000000000000000200000000000000060000000000000000000000000000000000000000000000803E0000803E0000FFFFFFFFFFFFFFFF00000C00
09BAC0D80043000F49588F6D000000006C0000000000295CE541F6887444E13A94433333124214AEE9C10AD7ABC03333DD41000000008FC2F5BC3333933F000000000000000000000000
09CAC0BA0027000F49588FA500000000000002000000310830426D17A241B8AE0500A8F5030028390000410C0000
09AAC0BA0058000F4958911D000000000000003D0A574006815540AAF15240000080BFE92651409CC440404A0C4240CBA1853F6766A63F9A99193F67661144000080BFCDCC4CBECDCC4CBE9A9919BF9A9999BE010101000101010107000000
09DAC09F0099000F4958922600000000000703000100012F7661722F70697361742F646174612F636170747572655F332E6A70670000000000000000000000000000000000000000000000000000000000000000000000000000000000000000000000000000000000000000000000000000000000000000000000000000000000000000000000000000000000000000000000000000008E3502006F92676A00
08ADC0CF00AD000F495941B7000000000000010001011F0000000300000000000000000000000000000000000000000010270000CD000000CC000000C6090000CB000000CD000000FFFFFFFFFFFFFFFFFFFFFFFFFFFFFFFFFFFFFFFFFFFFFFFFFFFFFFFFFFFFFFFFFFFFFFFFFFFFFFFFFFFFFFFFFFFFFFFFFFFFFFFFFFFFFFFFFFFFFFFFFFFFFFFFFFFFFFFFFFFFFFFFFFFFFFFFFFFFFFFFFFFFFFFFFFFFFFFFFFFFFFFFFFFFFFFFFFFFFFFFFFFFFFFFFFFFFFFF
08A7C0D000A5000F49594CD10000000000000300FFFFFFFFFFFFFFFFFFFFFFFFFFFFFFFFFFFFFFFFFFFFFFFFFFFFFFFFFFFFFFFFFFFFFFFFFFFFFFFFFFFFFFFF333333333333333333333333333333333333333333333333333333333333333333333333333333333333333333333333333333333333333333333333333333333333333333333333333333333333333333333333333333330000000000000000000000000000000000000000
0887C0D1005D000F4959666700000000000000000000000000000000000000000000000000000000000000000000000000000000000000000000000000000000000000000000000000000000000000000000000000000000000000000000000000000000
0897C0D1003D000F4959FFFF00000000000001011880000000000000573F01007D00C612AD000000020000008E0300002900000033030000720000000000630000000100
08B8C0CE0069000F495C199E00000000000001000100010000000000000000000000000000000000BF090000000000002F63662F64735F66696C7465725F74626C2E74626C00000000000000000000000000000000000000000000000000000000000000000000000000000000000000
089BC0D10015000F495C333400000000000000000000000003001400
08A7C0D100A5000F495C4CD00000000000000300FFFFFFFFFFFFFFFFFFFFFFFFFFFFFFFFFFFFFFFFFFFFFFFFFFFFFFFFFFFFFFFFFFFFFFFFFFFFFFFFFFFFFFFF333333333333333333333333333333333333333333333333333333333333333333333333333333333333333333333333333333333333333333333333333333333333333333333333333333333333333333333333333333330000000000000000000000000000000000000000
0887C0D2005D000F495C666700000000000000000000000000000000000000000000000000000000000000000000000000000000000000000000000000000000000000000000000000000000000000000000000000000000000000000000000000000000
09BAC0D90043000F495C8F8F000000006C0001010100A470E541AE877444EC519443F6281242AE47EFC1F628FCC048E1E441000000808FC2F5BC8FC2953F000000000000000000000000
09CAC0BB0027000F495C8FC700000000000002000000310830426F67F041B8AE0500B8F5030028390000410C0000
09AAC0BB0058000F495C911D00000000000000BE9F5A40CFF7534021B05240000080BFE92651402DB23D404A0C4240CBA1853F000020400000000033F30C44000080BFCDCC4C3ECDCCCCBDCDCCCCBECDCC4CBE010101000101010107000000
09DAC0A00099000F495C924300000000000703000100012F7661722F70697361742F646174612F636170747572655F332E6A70670000000000000000000000000000000000000000000000000000000000000000000000000000000000000000000000000000000000000000000000000000000000000000000000000000000000000000000000000000000000000000000000000000008E3502006F92676A00
0897C0D2003D000F495D1C2900000000000001019180000000000000854001007E00DA12AD00000002000000920300002900000036030000730000000B00630000000101
08A4C0CD0045000F495F07BF00000000010001010101010101000000000000000000000000000000000000000000000000000000183400000000000000000000000000000000000027000000
088AC0D10013000F495F21650000000001000002000000000000
0890C0D0003D000F495F548B0000000000000000000000000000000000000000000000000000000000000000000000000000000000000000000000000100010001000100
08AAC0D30049000F495F6E25000000000002000007000000000000000200000000000000060000000000000000000000000000000000000000000000803E0000803E0000FFFFFFFFFFFFFFFF00000C00
08ADC0D000AD000F495FD499000000000000010001011F0000000300000000000000000000000000000000000000000010270000CF000000CE000000D8090000CD000000CF000000FFFFFFFFFFFFFFFFFFFFFFFFFFFFFFFFFFFFFFFFFFFFFFFFFFFFFFFFFFFFFFFFFFFFFFFFFFFFFFFFFFFFFFFFFFFFFFFFFFFFFFFFFFFFFFFFFFFFFFFFFFFFFFFFFFFFFFFFFFFFFFFFFFFFFFFFFFFFFFFFFFFFFFFFFFFFFFFFFFFFFFFFFFFFFFFFFFFFFFFFFFFFFFFFFFFFFFFF
09BAC0DA0043000F49608F6D000000006D0000000000A470E541AE877444EC519443F6281242AE47EFC1F628FCC048E1E441000000808FC2F5BC8FC2953F000000000000000000000000
09CAC0BC0027000F49608FA900000000000002000000310830422FA7E841B8AE0500C0F5030028390000410C0000
09AAC0BC0058000F49609113000000000000002B87564017D94E4033335340000080BFE92651405C8F4240B4C85640CBA1853F6766A63FCDCC4CBE9AB91044000080BFCDCCCC3DCDCC4CBE0000003FCDCC4CBE010101000101010107000000
09DAC0A10099000F4960922900000000000703000100012F7661722F70697361742F646174612F636170747572655F332E6A70670000000000000000000000000000000000000000000000000000000000000000000000000000000000000000000000000000000000000000000000000000000000000000000000000000000000000000000000000000000000000000000000000000008E3502006F92676A00
08A4C0CE0045000F49620CCD00000000010001010101010101000000000000000000000000000000000000000000000000000000183400000000000000000000000000000000000027000000
088AC0D20013000F49625C3A0000000001000002000000000000
0890C0D1003D000F496266660000000000000000000000000000000000000000000000000000000000000000000000000000000000000000000000000100010001000100
08AAC0D40049000F49627333000000000002000007000000000000000200000000000000060000000000000000000000000000000000000000000000803E0000803E0000FFFFFFFFFFFFFFFF00000C00
08B8C0CF0069000F4962148F00000000000001000100010000000000000000000000000000000000D1090000000000002F63662F64735F66696C7465725F74626C2E74626C00000000000000000000000000000000000000000000000000000000000000000000000000000000000000
089BC0D20015000F49622E2500000000000000000000000003001400
08A7C0D200A5000F496247C10000000000000300FFFFFFFFFFFFFFFFFFFFFFFFFFFFFFFFFFFFFFFFFFFFFFFFFFFFFFFFFFFFFFFFFFFFFFFFFFFFFFFFFFFFFFFF333333333333333333333333333333333333333333333333333333333333333333333333333333333333333333333333333333333333333333333333333333333333333333333333333333333333333333333333333333330000000000000000000000000000000000000000
08ADC0D100AD000F4962EA64000000000000010001011F0000000300000000000000000000000000000000000000000010270000D0000000CF000000E3090000CE000000D0000000FFFFFFFFFFFFFFFFFFFFFFFFFFFFFFFFFFFFFFFFFFFFFFFFFFFFFFFFFFFFFFFFFFFFFFFFFFFFFFFFFFFFFFFFFFFFFFFFFFFFFFFFFFFFFFFFFFFFFFFFFFFFFFFFFFFFFFFFFFFFFFFFFFFFFFFFFFFFFFFFFFFFFFFFFFFFFFFFFFFFFFFFFFFFFFFFFFFFFFFFFFFFFFFFFFFFFFFF
09BAC0DB0043000F49638F8D000000006D0001010100A470E541F68874441F459443C3F511426666FEC1D7A310C1EC51D841000000000AD7A3BCD7A3903F000000000000000000000000
09CAC0BD0027000F49638FC6000000000000020000003108304251E9E841B8AE0500C4F5030028390000410C0000
09AAC0BD0058000F4963912900000000000000E17A54402DB23D40AAF15240000080BFE9265140AE47414010585940CBA1853FCDCCCC3ECDCCCCBECDCC0E44000080BFCDCCCC3DCDCCCCBE000000409A9999BE010101000101010107000000
09DAC0A20099000F4963924800000000000703000100012F7661722F70697361742F646174612F636170747572655F332E6A70670000000000000000000000000000000000000000000000000000000000000000000000000000000000000000000000000000000000000000000000000000000000000000000000000000000000000000000000000000000000000000000000000000008E3502006F92676A00
08A4C0CF0045000F496407BF00000000010001010101010101000000000000000000000000000000000000000000000000000000183400000000000000000000000000000000000027000000
088AC0D30013000F496421650000000001000002000000000000
0890C0D2003D000F4964548C0000000000000000000000000000000000000000000000000000000000000000000000000000000000000000000000000100010001000100
08AAC0D50049000F49646E27000000000002000007000000000000000200000000000000060000000000000000000000000000000000000000000000803E0000803E0000FFFFFFFFFFFFFFFF00000C00
08B8C0D00069000F4965386600000000000001000100010000000000000000000000000000000000D5090000000000002F63662F64735F66696C7465725F74626C2E74626C00000000000000000000000000000000000000000000000000000000000000000000000000000000000000
089BC0D30015000F49653D8200000000000000000000000003001400
08A7C0D300A5000F496547C10000000000000300FFFFFFFFFFFFFFFFFFFFFFFFFFFFFFFFFFFFFFFFFFFFFFFFFFFFFFFFFFFFFFFFFFFFFFFFFFFFFFFFFFFFFFFF333333333333333333333333333333333333333333333333333333333333333333333333333333333333333333333333333333333333333333333333333333333333333333333333333333333333333333333333333333330000000000000000000000000000000000000000
08ADC0D200AD000F4965505F000000000000010001011F0000000300000000000000000000000000000000000000000010270000D0000000CF000000EC090000CE000000D0000000FFFFFFFFFFFFFFFFFFFFFFFFFFFFFFFFFFFFFFFFFFFFFFFFFFFFFFFFFFFFFFFFFFFFFFFFFFFFFFFFFFFFFFFFFFFFFFFFFFFFFFFFFFFFFFFFFFFFFFFFFFFFFFFFFFFFFFFFFFFFFFFFFFFFFFFFFFFFFFFFFFFFFFFFFFFFFFFFFFFFFFFFFFFFFFFFFFFFFFFFFFFFFFFFFFFFFFFF
0887C0D3005D000F4965615800000000000000000000000000000000000000000000000000000000000000000000000000000000000000000000000000000000000000000000000000000000000000000000000000000000000000000000000000000000
0897C0D3003D000F4965FAF00000000000000101F5810000000000000244010082000213AE000000020000009E030000290000003F030000750000006200630063000100
08A4C0D00045000F49670CCD00000000010001010101010101000000000000000000000000000000000000000000000000000000183400000000000000000000000000000000000027000000
088AC0D40013000F496726720000000001000002000000000000
0890C0D3003D000F496759990000000000000000000000000000000000000000000000000000000000000000000000000000000000000000000000000100010001000100
08AAC0D60049000F49677333000000000002000007000000000000000200000000000000060000000000000000000000000000000000000000000000803E0000803E0000FFFFFFFFFFFFFFFF00000C00
08ADC0D300AD000F4967BBE3000000000000010001011F0000000300000000000000000000000000000000000000000010270000D1000000D0000000F2090000CF000000D1000000FFFFFFFFFFFFFFFFFFFFFFFFFFFFFFFFFFFFFFFFFFFFFFFFFFFFFFFFFFFFFFFFFFFFFFFFFFFFFFFFFFFFFFFFFFFFFFFFFFFFFFFFFFFFFFFFFFFFFFFFFFFFFFFFFFFFFFFFFFFFFFFFFFFFFFFFFFFFFFFFFFFFFFFFFFFFFFFFFFFFFFFFFFFFFFFFFFFFFFFFFFFFFFFFFFFFFFFF
09BAC0DC0043000F4967BD88000000006E0000000000A470E541F68874441F459443C3F511426666FEC1D7A310C1EC51D841000000000AD7A3BCD7A3903F000000000000000000000000
09CAC0BE0027000F4967BDBF00000000000002000000310830425020E541B8AE0500CCF5030028390000410C0000
09AAC0BE0058000F4967BF3300000000000000FCA95140A69B4440986E5240000080BF60E55040C74B5740D9CE5740CBA1853FCDCCCCBD9A9999BE9A590E44000080BF9A99993E3333333F6766663FCDCCCCBD010101000101010107000000
09DAC0A30099000F4967C05600000000000703000100012F7661722F70697361742F646174612F636170747572655F332E6A70670000000000000000000000000000000000000000000000000000000000000000000000000000000000000000000000000000000000000000000000000000000000000000000000000000000000000000000000000000000000000000000000000000008E3502006F92676A00
08B8C0D10069000F496835C600000000000001000100010000000000000000000000000000000000DF090000000000002F63662F64735F66696C7465725F74626C2E74626C00000000000000000000000000000000000000000000000000000000000000000000000000000000000000
089BC0D40015000F49683AEB00000000000000000000000003001400
08A7C0D400A5000F49684CD00000000000000300FFFFFFFFFFFFFFFFFFFFFFFFFFFFFFFFFFFFFFFFFFFFFFFFFFFFFFFFFFFFFFFFFFFFFFFFFFFFFFFFFFFFFFFF333333333333333333333333333333333333333333333333333333333333333333333333333333333333333333333333333333333333333333333333333333333333333333333333333333333333333333333333333333330000000000000000000000000000000000000000
0887C0D4005D000F4968666700000000000000000000000000000000000000000000000000000000000000000000000000000000000000000000000000000000000000000000000000000000000000000000000000000000000000000000000000000000
0897C0D4003D000F49690F5B000000000000010174820000000000003045010083001D13AE00000002000000A20300002900000043030000750000000600630000000100
08A4C0D10045000F496B07BF00000000010001010101010101000000000000000000000000000000000000000000000000000000183400000000000000000000000000000000000028000000
088AC0D50013000F496B21650000000001000002000000000000
08ADC0D400AD000F496B8DDD000000000000010001011F0000000300000000000000000000000000000000000000000010270000D2000000D1000000FD090000D0000000D2000000FFFFFFFFFFFFFFFFFFFFFFFFFFFFFFFFFFFFFFFFFFFFFFFFFFFFFFFFFFFFFFFFFFFFFFFFFFFFFFFFFFFFFFFFFFFFFFFFFFFFFFFFFFFFFFFFFFFFFFFFFFFFFFFFFFFFFFFFFFFFFFFFFFFFFFFFFFFFFFFFFFFFFFFFFFFFFFFFFFFFFFFFFFFFFFFFFFFFFFFFFFFFFFFFFFFFFFFF
0890C0D4003D000F496B8E230000000000000000000000000000000000000000000000000000000000000000000000000000000000000000000000000100010001000100
08AAC0D70049000F496B9205000000000002000007000000000000000200000000000000060000000000000000000000000000000000000000000000803E0000803E0000FFFFFFFFFFFFFFFF00000C00
08B8C0D20069000F496C171E00000000000001000100010000000000000000000000000000000000EA090000000000002F63662F64735F66696C7465725F74626C2E74626C00000000000000000000000000000000000000000000000000000000000000000000000000000000000000
089BC0D50015000F496C30B500000000000000000000000003001400
08A7C0D500A5000F496C4A510000000000000300FFFFFFFFFFFFFFFFFFFFFFFFFFFFFFFFFFFFFFFFFFFFFFFFFFFFFFFFFFFFFFFFFFFFFFFFFFFFFFFFFFFFFFFF333333333333333333333333333333333333333333333333333333333333333333333333333333333333333333333333333333333333333333333333333333333333333333333333333333333333333333333333333333330000000000000000000000000000000000000000
0887C0D5005D000F496C63E800000000000000000000000000000000000000000000000000000000000000000000000000000000000000000000000000000000000000000000000000000000000000000000000000000000000000000000000000000000
09BAC0DD0043000F496C8D0F000000006E00010101003333E541F6887444D743944300001242F628F8C1713DDAC08FC2E941000000800AD723BD85EB913F000000000000000000000000
09CAC0BF0027000F496C8D470000000000000200000031083042CB31C441B8AE0500D8F5030028390000410C0000
09AAC0BF0058000F496CD7C200000000000000CBA1454081954340986E5240000080BFE9265140621058407D3F5540CBA1853FCDCC4CBECDCCCCBE00A00C44000080BFCDCCCC3E0000404000000000CDCCCC3D010101000101010107000000
09DAC0A40099000F496CD8F800000000000703000100012F7661722F70697361742F646174612F636170747572655F332E6A70670000000000000000000000000000000000000000000000000000000000000000000000000000000000000000000000000000000000000000000000000000000000000000000000000000000000000000000000000000000000000000000000000000008E3502006F92676A00
0897C0D5003D000F496CFD8000000000000001011583000000000000C046010083003413AF00000002000000A60300002900000046030000760000006300630000000101
08A4C0D20045000F496F0A4E00000000010001010101010101000000000000000000000000000000000000000000000000000000183400000000000000000000000000000000000028000000
088AC0D60013000F496F632C0000000001000002000000000000
0890C0D5003D000F496F6B950000000000000000000000000000000000000000000000000000000000000000000000000000000000000000000000000100010001000100
08AAC0D80049000F496F70B5000000000002000007000000000000000200000000000000060000000000000000000000000000000000000000000000803E0000803E0000FFFFFFFFFFFFFFFF00000C00
08B8C0D30069000F4970172100000000000001000100010000000000000000000000000000000000F4090000000000002F63662F64735F66696C7465725F74626C2E74626C00000000000000000000000000000000000000000000000000000000000000000000000000000000000000
089BC0D60015000F497030B600000000000000000000000003001400
08A7C0D600A5000F49704A520000000000000300FFFFFFFFFFFFFFFFFFFFFFFFFFFFFFFFFFFFFFFFFFFFFFFFFFFFFFFFFFFFFFFFFFFFFFFFFFFFFFFFFFFFFFFF333333333333333333333333333333333333333333333333333333333333333333333333333333333333333333333333333333333333333333333333333333333333333333333333333333333333333333333333333333330000000000000000000000000000000000000000
08ADC0D500AD000F4970A87B000000000000010001011F0000000300000000000000000000000000000000000000000010270000D3000000D20000000C0A0000D1000000D3000000FFFFFFFFFFFFFFFFFFFFFFFFFFFFFFFFFFFFFFFFFFFFFFFFFFFFFFFFFFFFFFFFFFFFFFFFFFFFFFFFFFFFFFFFFFFFFFFFFFFFFFFFFFFFFFFFFFFFFFFFFFFFFFFFFFFFFFFFFFFFFFFFFFFFFFFFFFFFFFFFFFFFFFFFFFFFFFFFFFFFFFFFFFFFFFFFFFFFFFFFFFFFFFFFFFFFFFFF
0887C0D6005D000F4970A8B900000000000000000000000000000000000000000000000000000000000000000000000000000000000000000000000000000000000000000000000000000000000000000000000000000000000000000000000000000000
0897C0D6003D000F4970FD800000000000000101B2830000000000005048010083005013AF00000002000000AA030000290000004A030000760000006300630000000100
09BAC0DE0043000F49718F6C000000006F00000000003333E541F6887444D743944300001242F628F8C1713DDAC08FC2E941000000800AD723BD85EB913F000000000000000000000000
09CAC0C00027000F49718FBC0000000000000200000048E12D42B6EAEC41B8AE0500E8F5030028390000410C0000
09AAC0C00058000F4971912200000000000000C5205040B4C85640AAF15240000080BF60E55040508D57400E2D3240CBA1853FCDCC4CBE9A99993F67E60F44000080BF000000003333333F9A9999BECDCCCCBD010101000101010107000000
09DAC0A50099000F4971924200000000000703000100012F7661722F70697361742F646174612F636170747572655F332E6A70670000000000000000000000000000000000000000000000000000000000000000000000000000000000000000000000000000000000000000000000000000000000000000000000000000000000000000000000000000000000000000000000000000008E3502006F92676A00
08A4C0D30045000F4973386400000000010001010101010101000000000000000000000000000000000000000000000000000000183400000000000000000000000000000000000028000000
088AC0D70013000F49733D8E0000000001000002000000000000
0890C0D6003D000F4973548C0000000000000000000000000000000000000000000000000000000000000000000000000000000000000000000000000100010001000100
08AAC0D90049000F49736E26000000000002000007000000000000000200000000000000060000000000000000000000000000000000000000000000803E0000803E0000FFFFFFFFFFFFFFFF00000C00
08B8C0D40069000F4974148F00000000000001000100010000000000000000000000000000000000FE090000000000002F63662F64735F66696C7465725F74626C2E74626C00000000000000000000000000000000000000000000000000000000000000000000000000000000000000
089BC0D70015000F49742E2600000000000000000000000003001400
08ADC0D600AD000F497479AD000000000000010001011F0000000300000000000000000000000000000000000000000010270000D4000000D3000000170A0000D2000000D4000000FFFFFFFFFFFFFFFFFFFFFFFFFFFFFFFFFFFFFFFFFFFFFFFFFFFFFFFFFFFFFFFFFFFFFFFFFFFFFFFFFFFFFFFFFFFFFFFFFFFFFFFFFFFFFFFFFFFFFFFFFFFFFFFFFFFFFFFFFFFFFFFFFFFFFFFFFFFFFFFFFFFFFFFFFFFFFFFFFFFFFFFFFFFFFFFFFFFFFFFFFFFFFFFFFFFFFFFF
08A7C0D700A5000F49747AF80000000000000300FFFFFFFFFFFFFFFFFFFFFFFFFFFFFFFFFFFFFFFFFFFFFFFFFFFFFFFFFFFFFFFFFFFFFFFFFFFFFFFFFFFFFFFF333333333333333333333333333333333333333333333333333333333333333333333333333333333333333333333333333333333333333333333333333333333333333333333333333333333333333333333333333333330000000000000000000000000000000000000000
0887C0D7005D000F4974801200000000000000000000000000000000000000000000000000000000000000000000000000000000000000000000000000000000000000000000000000000000000000000000000000000000000000000000000000000000
09BAC0DF0043000F4974F9A7000000006F00010101003333E5419A897444C33594433D0A124214AEF3C1295CDFC06666D8410AD7A3BC0AD723BC3333933F000000000000000000000000
09CAC0C10027000F4974F9DC00000000000002000000310830423D180842B8AE0500ECF5030028390000410C0000
0897C0D7003D000F4974FAF700000000000001015384000000000000E049010083006D13B000000002000000AE030000290000004E030000760000006200630063000100
09AAC0C10058000F4974FB73000000000000004E62504048E15A4006815540000080BFF4FD544019045640508D3740CBA1853F00000000676606409A99C843000080BF00000000CDCCCC3DCDCCCCBE9A9999BE010101000101010107000000
09BAC0E00043000F4975794D000000007000000000003333E5419A897444C33594433D0A124214AEF3C1295CDFC06666D8410AD7A3BC0AD723BC3333933F000000000000000000000000
09BAC0E10043000F49768F90000000007000010101003D0AE541F68874448F4294430000124214AEE9C1295C07C1E17AC0418FC2F5BC0AD723BD3333933F000000000000000000000000
09CAC0C20027000F49768FC80000000000000200000048E12D426BAD9541B8AE0500ECF5030028390000410C0000
09AAC0C20058000F4976911E0000000000000019045640C74B574021B05240000080BFE926514058395440C9763E40B81E853FCDCC4C3E9A99D93FCDAC0E44000080BFCDCC4C3ECDCCCC3DCDCCCCBECDCC4CBE010101000101010107000000
09DAC0A60099000F4976924D00000000000703000100012F7661722F70697361742F646174612F636170747572655F332E6A70670000000000000000000000000000000000000000000000000000000000000000000000000000000000000000000000000000000000000000000000000000000000000000000000000000000000000000000000000000000000000000000000000000008E3502006F92676A00
08A4C0D40045000F49770D6300000000010001010101010101000000000000000000000000000000000000000000000000000000183400000000000000000000000000000000000028000000
088AC0D80013000F4977270A0000000001000002000000000000
0890C0D7003D000F49775A2F0000000000000000000000000000000000000000000000000000000000000000000000000000000000000000000000000100010001000100
08AAC0DA0049000F497773CA000000000002000007000000000000000200000000000000060000000000000000000000000000000000000000000000803E0000803E0000FFFFFFFFFFFFFFFF00000C00
08ADC0D700AD000F4978479B000000000000010001011F0000000300000000000000000000000000000000000000000010270000D5000000D4000000280A0000D3000000D5000000FFFFFFFFFFFFFFFFFFFFFFFFFFFFFFFFFFFFFFFFFFFFFFFFFFFFFFFFFFFFFFFFFFFFFFFFFFFFFFFFFFFFFFFFFFFFFFFFFFFFFFFFFFFFFFFFFFFFFFFFFFFFFFFFFFFFFFFFFFFFFFFFFFFFFFFFFFFFFFFFFFFFFFFFFFFFFFFFFFFFFFFFFFFFFFFFFFFFFFFFFFFFFFFFFFFFFFFF
08A7C0D800A5000F497847E60000000000000300FFFFFFFFFFFFFFFFFFFFFFFFFFFFFFFFFFFFFFFFFFFFFFFFFFFFFFFFFFFFFFFFFFFFFFFFFFFFFFFFFFFFFFFF333333333333333333333333333333333333333333333333333333333333333333333333333333333333333333333333333333333333333333333333333333333333333333333333333333333333333333333333333333330000000000000000000000000000000000000000
0887C0D8005D000F497863D100000000000000000000000000000000000000000000000000000000000000000000000000000000000000000000000000000000000000000000000000000000000000000000000000000000000000000000000000000000
0897C0D8003D000F497900140000000000000101E0840000000000003B4B010084007C13B300000002000000B20300002900000053030000780000000000630062000100
08A4C0D50045000F497A0A5400000000010001010101010101000000000000000000000000000000000000000000000000000000183400000000000000000000000000000000000028000000
088AC0D90013000F497A23F50000000001000002000000000000
0890C0D8003D000F497A571A0000000000000000000000000000000000000000000000000000000000000000000000000000000000000000000000000100010001000100
08AAC0DB0049000F497A70B5000000000002000007000000000000000200000000000000060000000000000000000000000000000000000000000000803E0000803E0000FFFFFFFFFFFFFFFF00000C00
09BAC0E20043000F497A8CEE000000007100000000003D0AE541F68874448F4294430000124214AEE9C1295C07C1E17AC0418FC2F5BC0AD723BD3333933F000000000000000000000000
09CAC0C30027000F497A8D390000000000000200000031083042DFF2ED41B8AE050000F6030028390000410C0000
09AAC0C30058000F497A8E9300000000000000B4C856406ABC5440AAF15240000080BF4E6250407D3F35404A0C4240B81E853FCDCCCC3F0000003F9A590F44000080BFCDCC4C3ECDCC4CBECDCCCCBECDCCCCBD010101000101010107000000
08ADC0D800AD000F497AD548000000000000010001011F0000000300000000000000000000000000000000000000000010270000D6000000D5000000310A0000D4000000D6000000FFFFFFFFFFFFFFFFFFFFFFFFFFFFFFFFFFFFFFFFFFFFFFFFFFFFFFFFFFFFFFFFFFFFFFFFFFFFFFFFFFFFFFFFFFFFFFFFFFFFFFFFFFFFFFFFFFFFFFFFFFFFFFFFFFFFFFFFFFFFFFFFFFFFFFFFFFFFFFFFFFFFFFFFFFFFFFFFFFFFFFFFFFFFFFFFFFFFFFFFFFFFFFFFFFFFFFFF
09DAC0A70099000F497AD5AA00000000000703000100012F7661722F70697361742F646174612F636170747572655F332E6A70670000000000000000000000000000000000000000000000000000000000000000000000000000000000000000000000000000000000000000000000000000000000000000000000000000000000000000000000000000000000000000000000000000008E3502006F92676A00
08B8C0D50069000F497B171D00000000000001000100010000000000000000000000000000000000110A0000000000002F63662F64735F66696C7465725F74626C2E74626C00000000000000000000000000000000000000000000000000000000000000000000000000000000000000
089BC0D80015000F497B30B400000000000000000000000003001400
08A7C0D900A5000F497B4A500000000000000300FFFFFFFFFFFFFFFFFFFFFFFFFFFFFFFFFFFFFFFFFFFFFFFFFFFFFFFFFFFFFFFFFFFFFFFFFFFFFFFFFFFFFFFF333333333333333333333333333333333333333333333333333333333333333333333333333333333333333333333333333333333333333333333333333333333333333333333333333333333333333333333333333333330000000000000000000000000000000000000000
0887C0D9005D000F497B63E800000000000000000000000000000000000000000000000000000000000000000000000000000000000000000000000000000000000000000000000000000000000000000000000000000000000000000000000000000000
0897C0D9003D000F497C215700000000000001015F85000000000000694C010085008E13B300000002000000B60300002900000056030000790000000D00630000000100
08A4C0D60045000F497E0CCE00000000010001010101010101000000000000000000000000000000000000000000000000000000183400000000000000000000000000000000000028000000
088AC0DA0013000F497E26740000000001000002000000000000
0890C0D9003D000F497E599A0000000000000000000000000000000000000000000000000000000000000000000000000000000000000000000000000100010001000100
08AAC0DC0049000F497E7335000000000002000007000000000000000200000000000000060000000000000000000000000000000000000000000000803E0000803E0000FFFFFFFFFFFFFFFF00000C00
08ADC0D900AD000F497ED326000000000000010001011F0000000300000000000000000000000000000000000000000010270000D7000000D60000003C0A0000D5000000D7000000FFFFFFFFFFFFFFFFFFFFFFFFFFFFFFFFFFFFFFFFFFFFFFFFFFFFFFFFFFFFFFFFFFFFFFFFFFFFFFFFFFFFFFFFFFFFFFFFFFFFFFFFFFFFFFFFFFFFFFFFFFFFFFFFFFFFFFFFFFFFFFFFFFFFFFFFFFFFFFFFFFFFFFFFFFFFFFFFFFFFFFFFFFFFFFFFFFFFFFFFFFFFFFFFFFFFFFFF
08B8C0D60069000F497F148E000000000000010001000100000000000000000000000000000000001D0A0000000000002F63662F64735F66696C7465725F74626C2E74626C00000000000000000000000000000000000000000000000000000000000000000000000000000000000000
089BC0D90015000F497F2E2500000000000000000000000003001400
08A7C0DA00A5000F497F47C10000000000000300FFFFFFFFFFFFFFFFFFFFFFFFFFFFFFFFFFFFFFFFFFFFFFFFFFFFFFFFFFFFFFFFFFFFFFFFFFFFFFFFFFFFFFFF333333333333333333333333333333333333333333333333333333333333333333333333333333333333333333333333333333333333333333333333333333333333333333333333333333333333333333333333333333330000000000000000000000000000000000000000
0887C0DA005D000F497F615800000000000000000000000000000000000000000000000000000000000000000000000000000000000000000000000000000000000000000000000000000000000000000000000000000000000000000000000000000000
09BAC0E30043000F497F8A84000000007100010101003D0AE54152887444CD4C9443B81E12429A99E5C1AE4709C10AD7E1410AD7A3BC0AD723BCE17A943F000000000000000000000000
09CAC0C40027000F497F8ABA00000000000002000000310830427725EA41B8AE050010F6030028390000410C0000
09AAC0C40058000F497F8C0D000000000000005A645B40AAF15240AAF15240000080BF60E55040AE47414058395440DD24863FCDCC0C4000000000CDCC1044000080BFCDCC4C3ECDCC4CBE9A9999BE9A9999BE010101000101010107000000
09DAC0A80099000F497F8D3500000000000703000100012F7661722F70697361742F646174612F636170747572655F332E6A70670000000000000000000000000000000000000000000000000000000000000000000000000000000000000000000000000000000000000000000000000000000000000000000000000000000000000000000000000000000000000000000000000000008E3502006F92676A00
0897C0DA003D000F49801EC70000000000000101EB85000000000000C34D010086009D13B400000002000000BA030000290000005A030000790000000C00630063000100
08B8C0D70069000F4982199D00000000000001000100010000000000000000000000000000000000290A0000000000002F63662F64735F66696C7465725F74626C2E74626C00000000000000000000000000000000000000000000000000000000000000000000000000000000000000
089BC0DA0015000F4982333300000000000000000000000003001400
08A7C0DB00A5000F49824CCF0000000000000300FFFFFFFFFFFFFFFFFFFFFFFFFFFFFFFFFFFFFFFFFFFFFFFFFFFFFFFFFFFFFFFFFFFFFFFFFFFFFFFFFFFFFFFF333333333333333333333333333333333333333333333333333333333333333333333333333333333333333333333333333333333333333333333333333333333333333333333333333333333333333333333333333333330000000000000000000000000000000000000000
09BAC0E40043000F49838A5F000000007200000000003D0AE54152887444CD4C9443B81E12429A99E5C1AE4709C10AD7E1410AD7A3BC0AD723BCE17A943F000000000000000000000000
09CAC0C50027000F49838A9C00000000000002000000310830422FA7E841B8AE050014F6030028390000410C0000
09AAC0C50058000F49838C0800000000000000759358401058394021B05240000080BFD7A35040F8534340C74B5740CBA1853F6766663F9A9999BE00600F44000080BFCDCCCC3DCDCC4CBE0000803F000000BF010101000101010107000000
09DAC0A90099000F49838D2500000000000703000100012F7661722F70697361742F646174612F636170747572655F332E6A70670000000000000000000000000000000000000000000000000000000000000000000000000000000000000000000000000000000000000000000000000000000000000000000000000000000000000000000000000000000000000000000000000000008E3502006F92676A00
08A4C0D70045000F498507BF00000000010001010101010101000000000000000000000000000000000000000000000000000000183400000000000000000000000000000000000029000000
088AC0DB0013000F49855CEF0000000001000002000000000000
0890C0DA003D000F4985667E0000000000000000000000000000000000000000000000000000000000000000000000000000000000000000000000000100010001000100
08AAC0DD0049000F49856E25000000000002000007000000000000000200000000000000060000000000000000000000000000000000000000000000803E0000803E0000FFFFFFFFFFFFFFFF00000C00
08B8C0D80069000F4986171E00000000000001000100010000000000000000000000000000000000300A0000000000002F63662F64735F66696C7465725F74626C2E74626C00000000000000000000000000000000000000000000000000000000000000000000000000000000000000
089BC0DB0015000F498630B400000000000000000000000003001400
08A7C0DC00A5000F49864A500000000000000300FFFFFFFFFFFFFFFFFFFFFFFFFFFFFFFFFFFFFFFFFFFFFFFFFFFFFFFFFFFFFFFFFFFFFFFFFFFFFFFFFFFFFFFF333333333333333333333333333333333333333333333333333333333333333333333333333333333333333333333333333333333333333333333333333333333333333333333333333333333333333333333333333333330000000000000000000000000000000000000000
08ADC0DA00AD000F49869F8E000000000000010001011F0000000300000000000000000000000000000000000000000010270000D9000000D8000000520A0000D7000000D9000000FFFFFFFFFFFFFFFFFFFFFFFFFFFFFFFFFFFFFFFFFFFFFFFFFFFFFFFFFFFFFFFFFFFFFFFFFFFFFFFFFFFFFFFFFFFFFFFFFFFFFFFFFFFFFFFFFFFFFFFFFFFFFFFFFFFFFFFFFFFFFFFFFFFFFFFFFFFFFFFFFFFFFFFFFFFFFFFFFFFFFFFFFFFFFFFFFFFFFFFFFFFFFFFFFFFFFFFF
0887C0DB005D000F49869FCF00000000000000000000000000000000000000000000000000000000000000000000000000000000000000000000000000000000000000000000000000000000000000000000000000000000000000000000000000000000
0897C0DB003D000F4986FD800000000000000101EC860000000000004A5001008800BD13B600000002000000C20300002900000060030000790000006300630000000100
09BAC0E50043000F49888F8E00000000720001010100C3F5E4413D8A7444CD2C9443B81E12423333F3C11F85E3C052B8EC410AD723BC0AD723BCD7A3903F000000000000000000000000
09CAC0C60027000F49888FCC0000000000000200000031083042F1E4E641B8AE050020F6030028390000410C0000
09AAC0C60058000F4988911200000000000000BC7453400AD7434021B05240000080BFE926514046B65340EC515840B81E853FCDCCCC3D9A9999BECD8C1144000080BF9A99993ECDCCCC3D3333B33FCDCC4CBE010101000101010107000000
09DAC0AA0099000F4988924A00000000000703000100012F7661722F70697361742F646174612F636170747572655F332E6A70670000000000000000000000000000000000000000000000000000000000000000000000000000000000000000000000000000000000000000000000000000000000000000000000000000000000000000000000000000000000000000000000000000008E3502006F92676A00
08B8C0D90069000F4989410E000000000000010001000100000000000000000000000000000000003C0A0000000000002F63662F64735F66696C7465725F74626C2E74626C00000000000000000000000000000000000000000000000000000000000000000000000000000000000000
089BC0DC0015000F49895AA500000000000000000000000003001400
08A7C0DD00A5000F498974410000000000000300FFFFFFFFFFFFFFFFFFFFFFFFFFFFFFFFFFFFFFFFFFFFFFFFFFFFFFFFFFFFFFFFFFFFFFFFFFFFFFFFFFFFFFFF333333333333333333333333333333333333333333333333333333333333333333333333333333333333333333333333333333333333333333333333333333333333333333333333333333333333333333333333333333330000000000000000000000000000000000000000
0887C0DC005D000F49898DD800000000000000000000000000000000000000000000000000000000000000000000000000000000000000000000000000000000000000000000000000000000000000000000000000000000000000000000000000000000
0897C0DC003D000F498A4B47000000000000010164870000000000007B5101008900CE13B800000002000000C60300002900000064030000790000002E00630010000100
08A4C0D80045000F498ADEC900000000010001010101010101000000000000000000000000000000000000000000000000000000183400000000000000000000000000000000000029000000
088AC0DC0013000F498AF86F0000000001000002000000000000
08B8C0DA0069000F498B171E00000000000001000100010000000000000000000000000000000000470A0000000000002F63662F64735F66696C7465725F74626C2E74626C00000000000000000000000000000000000000000000000000000000000000000000000000000000000000
089BC0DD0015000F498B30B400000000000000000000000003001400
08A7C0DE00A5000F498B4A500000000000000300FFFFFFFFFFFFFFFFFFFFFFFFFFFFFFFFFFFFFFFFFFFFFFFFFFFFFFFFFFFFFFFFFFFFFFFFFFFFFFFFFFFFFFFF333333333333333333333333333333333333333333333333333333333333333333333333333333333333333333333333333333333333333333333333333333333333333333333333333333333333333333333333333333330000000000000000000000000000000000000000
0887C0DD005D000F498B63E700000000000000000000000000000000000000000000000000000000000000000000000000000000000000000000000000000000000000000000000000000000000000000000000000000000000000000000000000000000
0897C0DD003D000F498C07BD0000000000000101D187000000000000865201008B00DF13B800000002000000CA03000029000000670300007C0000000300630000000101
08A4C0D90045000F498E0A4E00000000010001010101010101000000000000000000000000000000000000000000000000000000183400000000000000000000000000000000000029000000
088AC0DD0013000F498E23F40000000001000002000000000000
08ADC0DB00AD000F498E8A1A000000000000010001011F0000000300000000000000000000000000000000000000000010270000DC000000DB0000006D0A0000DA000000DC000000FFFFFFFFFFFFFFFFFFFFFFFFFFFFFFFFFFFFFFFFFFFFFFFFFFFFFFFFFFFFFFFFFFFFFFFFFFFFFFFFFFFFFFFFFFFFFFFFFFFFFFFFFFFFFFFFFFFFFFFFFFFFFFFFFFFFFFFFFFFFFFFFFFFFFFFFFFFFFFFFFFFFFFFFFFFFFFFFFFFFFFFFFFFFFFFFFFFFFFFFFFFFFFFFFFFFFFFF
0890C0DB003D000F498E8CDF0000000000000000000000000000000000000000000000000000000000000000000000000000000000000000000000000100010001000100
08AAC0DE0049000F498E91FD000000000002000007000000000000000200000000000000060000000000000000000000000000000000000000000000803E0000803E0000FFFFFFFFFFFFFFFF00000C00
08B8C0DB0069000F498F171F000000000000010001000100000000000000000000000000000000004F0A0000000000002F63662F64735F66696C7465725F74626C2E74626C00000000000000000000000000000000000000000000000000000000000000000000000000000000000000
089BC0DE0015000F498F30B400000000000000000000000003001400
08A7C0DF00A5000F498F4A500000000000000300FFFFFFFFFFFFFFFFFFFFFFFFFFFFFFFFFFFFFFFFFFFFFFFFFFFFFFFFFFFFFFFFFFFFFFFFFFFFFFFFFFFFFFFF333333333333333333333333333333333333333333333333333333333333333333333333333333333333333333333333333333333333333333333333333333333333333333333333333333333333333333333333333333330000000000000000000000000000000000000000
0887C0DE005D000F498F63E800000000000000000000000000000000000000000000000000000000000000000000000000000000000000000000000000000000000000000000000000000000000000000000000000000000000000000000000000000000
09BAC0E60043000F498FCF9000000000730000000000C3F5E4413D8A7444CD2C9443B81E12423333F3C11F85E3C052B8EC410AD723BC0AD723BCD7A3903F000000000000000000000000
09CAC0C70027000F498FCFCA0000000000000200000048E12D4262E1E241B8AE050030F6030028390000410C0000
09AAC0C70058000F498FD1350000000000000031084C40736851400E2D5240000080BFD7A35040508D5740CFF75340DD24863FCDCCCCBDCDCCCCBE00E00D44000080BFCDCCCC3E9A9919409A9999BE9A9999BE010101000101010107000000
09DAC0AB0099000F498FD25A00000000000703000100012F7661722F70697361742F646174612F636170747572655F332E6A70670000000000000000000000000000000000000000000000000000000000000000000000000000000000000000000000000000000000000000000000000000000000000000000000000000000000000000000000000000000000000000000000000000008E3502006F92676A00
0897C0DE003D000F498FFD8200000000000001017288000000000000165401008B00FC13B800000002000000CE030000290000006A0300007C0000006300630000000101
08A4C0DA0045000F49920CCD00000000010001010101010101000000000000000000000000000000000000000000000000000000183400000000000000000000000000000000000029000000
088AC0DE0013000F49925C390000000001000002000000000000
0890C0DC003D000F499266670000000000000000000000000000000000000000000000000000000000000000000000000000000000000000000000000100010001000100
08AAC0DF0049000F49927334000000000002000007000000000000000200000000000000060000000000000000000000000000000000000000000000803E0000803E0000FFFFFFFFFFFFFFFF00000C00
09BAC0E70043000F4992DA5000000000730001010100CDCCE4419A8974449A399443EC5112429A99FBC1F62804C19A99E1410AD723BD0AD723BC85EB913F000000000000000000000000
08B8C0DC0069000F4992148E000000000000010001000100000000000000000000000000000000005A0A0000000000002F63662F64735F66696C7465725F74626C2E74626C00000000000000000000000000000000000000000000000000000000000000000000000000000000000000
089BC0DF0015000F49922E2500000000000000000000000003001400
08A7C0E000A5000F499247C10000000000000300FFFFFFFFFFFFFFFFFFFFFFFFFFFFFFFFFFFFFFFFFFFFFFFFFFFFFFFFFFFFFFFFFFFFFFFFFFFFFFFFFFFFFFFF333333333333333333333333333333333333333333333333333333333333333333333333333333333333333333333333333333333333333333333333333333333333333333333333333333333333333333333333333333330000000000000000000000000000000000000000
09BAC0E80043000F49925A1400000000740000000000CDCCE4419A8974449A399443EC5112429A99FBC1F62804C19A99E1410AD723BD0AD723BC85EB913F000000000000000000000000
09CAC0C80027000F49925A480000000000000200000031083042814CCA41B8AE05003CF6030028390000410C0000
08ADC0DC00AD000F49929FF2000000000000010001011F0000000300000000000000000000000000000000000000000010270000DD000000DC0000007C0A0000DB000000DD000000FFFFFFFFFFFFFFFFFFFFFFFFFFFFFFFFFFFFFFFFFFFFFFFFFFFFFFFFFFFFFFFFFFFFFFFFFFFFFFFFFFFFFFFFFFFFFFFFFFFFFFFFFFFFFFFFFFFFFFFFFFFFFFFFFFFFFFFFFFFFFFFFFFFFFFFFFFFFFFFFFFFFFFFFFFFFFFFFFFFFFFFFFFFFFFFFFFFFFFFFFFFFFFFFFFFFFFFF
0887C0DF005D000F4992A03000000000000000000000000000000000000000000000000000000000000000000000000000000000000000000000000000000000000000000000000000000000000000000000000000000000000000000000000000000000
09AAC0C80058000F4992A1B30000000000000004564E40A245564058395440000080BF6ABC5440B4C85640560E2D40CBA1853FCDCCCCBD9A99993F0040C743000080BFCDCC4C3E3333333F9A9919BF9A9999BE010101000101010107000000
0897C0DF003D000F4992FAEF00000000000001010F89000000000000A65501008B001914B900000002000000D2030000290000006E0300007C0000006200630063000100
08A4C0DB0045000F49940A4A0000000001000101010101010100000000000000000000000000000000000000000000000000000018340000000000000000000000000000000000002A000000
088AC0DF0013000F499423F00000000001000002000000000000
0890C0DD003D000F499457160000000000000000000000000000000000000000000000000000000000000000000000000000000000000000000000000100010001000100
08AAC0E00049000F499470B1000000000002000007000000000000000200000000000000060000000000000000000000000000000000000000000000803E0000803E0000FFFFFFFFFFFFFFFF00000C00
08ADC0DD00AD000F49952AF1000000000000010001011F0000000300000000000000000000000000000000000000000010270000DD000000DC000000840A0000DB000000DD000000FFFFFFFFFFFFFFFFFFFFFFFFFFFFFFFFFFFFFFFFFFFFFFFFFFFFFFFFFFFFFFFFFFFFFFFFFFFFFFFFFFFFFFFFFFFFFFFFFFFFFFFFFFFFFFFFFFFFFFFFFFFFFFFFFFFFFFFFFFFFFFFFFFFFFFFFFFFFFFFFFFFFFFFFFFFFFFFFFFFFFFFFFFFFFFFFFFFFFFFFFFFFFFFFFFFFFFFF
08B8C0DD0069000F499530B400000000000001000100010000000000000000000000000000000000600A0000000000002F63662F64735F66696C7465725F74626C2E74626C00000000000000000000000000000000000000000000000000000000000000000000000000000000000000
089BC0E00015000F4995360300000000000000000000000003001400
08A7C0E100A5000F49954A4C0000000000000300FFFFFFFFFFFFFFFFFFFFFFFFFFFFFFFFFFFFFFFFFFFFFFFFFFFFFFFFFFFFFFFFFFFFFFFFFFFFFFFFFFFFFFFF333333333333333333333333333333333333333333333333333333333333333333333333333333333333333333333333333333333333333333333333333333333333333333333333333333333333333333333333333333330000000000000000000000000000000000000000
0887C0E0005D000F499563E400000000000000000000000000000000000000000000000000000000000000000000000000000000000000000000000000000000000000000000000000000000000000000000000000000000000000000000000000000000
0897C0E0003D000F49960A4900000000000001018589000000000000D45601008C002E14B900000002000000D603000029000000720300007D0000000400630000000100
09BAC0E90043000F4997BB1A0000000074000101010048E1E4415288744466469443EC511242D7A3EAC16666FEC014AEC7418FC2F5BC0AD723BCE17A943F000000000000000000000000
09CAC0C90027000F4997BB4B0000000000000200000031083042B2C90042B8AE050048F6030028390000410C0000
09AAC0C90058000F4997BC9B00000000000000508D57402B875640986E5240000080BF60E550406ABC544012834040B81E853F000000000000C03F9A990F44000080BFCDCC4C3ECDCCCCBDCDCCCCBD000000BF010101000101010107000000
09DAC0AC0099000F4997BDCC00000000000703000100012F7661722F70697361742F646174612F636170747572655F332E6A70670000000000000000000000000000000000000000000000000000000000000000000000000000000000000000000000000000000000000000000000000000000000000000000000000000000000000000000000000000000000000000000000000000008E3502006F92676A00
08A4C0DC0045000F499807BF0000000001000101010101010100000000000000000000000000000000000000000000000000000018340000000000000000000000000000000000002A000000
088AC0E00013000F499821650000000001000002000000000000
0890C0DE003D000F4998548B0000000000000000000000000000000000000000000000000000000000000000000000000000000000000000000000000100010001000100
08AAC0E10049000F49986E26000000000002000007000000000000000200000000000000060000000000000000000000000000000000000000000000803E0000803E0000FFFFFFFFFFFFFFFF00000C00
08ADC0DE00AD000F4998FCCF000000000000010001011F0000000300000000000000000000000000000000000000000010270000DE000000DD0000008F0A0000DC000000DE000000FFFFFFFFFFFFFFFFFFFFFFFFFFFFFFFFFFFFFFFFFFFFFFFFFFFFFFFFFFFFFFFFFFFFFFFFFFFFFFFFFFFFFFFFFFFFFFFFFFFFFFFFFFFFFFFFFFFFFFFFFFFFFFFFFFFFFFFFFFFFFFFFFFFFFFFFFFFFFFFFFFFFFFFFFFFFFFFFFFFFFFFFFFFFFFFFFFFFFFFFFFFFFFFFFFFFFFFF
08B8C0DE0069000F4999171A000000000000010001000100000000000000000000000000000000006B0A0000000000002F63662F64735F66696C7465725F74626C2E74626C00000000000000000000000000000000000000000000000000000000000000000000000000000000000000
089BC0E10015000F499930B100000000000000000000000003001400
08A7C0E200A5000F49994A4C0000000000000300FFFFFFFFFFFFFFFFFFFFFFFFFFFFFFFFFFFFFFFFFFFFFFFFFFFFFFFFFFFFFFFFFFFFFFFFFFFFFFFFFFFFFFFF333333333333333333333333333333333333333333333333333333333333333333333333333333333333333333333333333333333333333333333333333333333333333333333333333333333333333333333333333333330000000000000000000000000000000000000000
0887C0E1005D000F499963E400000000000000000000000000000000000000000000000000000000000000000000000000000000000000000000000000000000000000000000000000000000000000000000000000000000000000000000000000000000
0897C0E1003D000F499A42880000000000000101268A000000000000645801008C004614BA00000002000000DA03000029000000760300007E0000001900630000000101
08A4C0DD0045000F499C0A4A0000000001000101010101010100000000000000000000000000000000000000000000000000000018340000000000000000000000000000000000002A000000
088AC0E10013000F499C23EF0000000001000002000000000000
0890C0DF003D000F499C57160000000000000000000000000000000000000000000000000000000000000000000000000000000000000000000000000100010001000100
08AAC0E20049000F499C70B1000000000002000007000000000000000200000000000000060000000000000000000000000000000000000000000000803E0000803E0000FFFFFFFFFFFFFFFF00000C00
08ADC0DF00AD000F499CD3A1000000000000010001011F0000000300000000000000000000000000000000000000000010270000DF000000DE000000970A0000DD000000DF000000FFFFFFFFFFFFFFFFFFFFFFFFFFFFFFFFFFFFFFFFFFFFFFFFFFFFFFFFFFFFFFFFFFFFFFFFFFFFFFFFFFFFFFFFFFFFFFFFFFFFFFFFFFFFFFFFFFFFFFFFFFFFFFFFFFFFFFFFFFFFFFFFFFFFFFFFFFFFFFFFFFFFFFFFFFFFFFFFFFFFFFFFFFFFFFFFFFFFFFFFFFFFFFFFFFFFFFFF
09BAC0EA0043000F499CD3ED0000000075000000000048E1E4415288744466469443EC511242D7A3EAC16666FEC014AEC7418FC2F5BC0AD723BCE17A943F000000000000000000000000
09CAC0CA0027000F499CD41D0000000000000200000031083042C2A7E341B8AE050054F6030028390000410C0000
09AAC0CA0058000F499CD59A000000000000002B87564046B653400E2D5240000080BFD7A35040B4C83640AE474140CBA1853F33331340CDCCCC3D00E00E44000080BF00000000CDCCCCBD9A9999BECDCCCCBD010101000101010107000000
09DAC0AD0099000F499CD6A700000000000703000100012F7661722F70697361742F646174612F636170747572655F332E6A70670000000000000000000000000000000000000000000000000000000000000000000000000000000000000000000000000000000000000000000000000000000000000000000000000000000000000000000000000000000000000000000000000000008E3502006F92676A00
08B8C0DF0069000F499D171F00000000000001000100010000000000000000000000000000000000750A0000000000002F63662F64735F66696C7465725F74626C2E74626C00000000000000000000000000000000000000000000000000000000000000000000000000000000000000
089BC0E20015000F499D30B400000000000000000000000003001400
08A7C0E300A5000F499D4A510000000000000300FFFFFFFFFFFFFFFFFFFFFFFFFFFFFFFFFFFFFFFFFFFFFFFFFFFFFFFFFFFFFFFFFFFFFFFFFFFFFFFFFFFFFFFF333333333333333333333333333333333333333333333333333333333333333333333333333333333333333333333333333333333333333333333333333333333333333333333333333333333333333333333333333333330000000000000000000000000000000000000000
0887C0E2005D000F499D63E700000000000000000000000000000000000000000000000000000000000000000000000000000000000000000000000000000000000000000000000000000000000000000000000000000000000000000000000000000000
0897C0E2003D000F499E21570000000000000101B18A000000000000BE5901008D005714BA00000002000000DE030000290000007A0300007E0000000D00630000000101
08A4C0DE0045000F49A00A4E0000000001000101010101010100000000000000000000000000000000000000000000000000000018340000000000000000000000000000000000002A000000
088AC0E20013000F49A023F40000000001000002000000000000
08ADC0E000AD000F49A0D24E000000000000010001011F0000000300000000000000000000000000000000000000000010270000E0000000DF000000A20A0000DE000000E0000000FFFFFFFFFFFFFFFFFFFFFFFFFFFFFFFFFFFFFFFFFFFFFFFFFFFFFFFFFFFFFFFFFFFFFFFFFFFFFFFFFFFFFFFFFFFFFFFFFFFFFFFFFFFFFFFFFFFFFFFFFFFFFFFFFFFFFFFFFFFFFFFFFFFFFFFFFFFFFFFFFFFFFFFFFFFFFFFFFFFFFFFFFFFFFFFFFFFFFFFFFFFFFFFFFFFFFFFF
08B8C0E00069000F49A1199F00000000000001000100010000000000000000000000000000000000810A0000000000002F63662F64735F66696C7465725F74626C2E74626C00000000000000000000000000000000000000000000000000000000000000000000000000000000000000
089BC0E30015000F49A1333400000000000000000000000003001400
08A7C0E400A5000F49A14CD00000000000000300FFFFFFFFFFFFFFFFFFFFFFFFFFFFFFFFFFFFFFFFFFFFFFFFFFFFFFFFFFFFFFFFFFFFFFFFFFFFFFFFFFFFFFFF333333333333333333333333333333333333333333333333333333333333333333333333333333333333333333333333333333333333333333333333333333333333333333333333333333333333333333333333333333330000000000000000000000000000000000000000
0887C0E3005D000F49A1666700000000000000000000000000000000000000000000000000000000000000000000000000000000000000000000000000000000000000000000000000000000000000000000000000000000000000000000000000000000
09BAC0EB0043000F49A18F900000000075000101010048E1E441F6887444B83E9443EC511242295CF5C18FC2DDC085EBE341CDCC4CBD0AD7233C8FC2953F000000000000000000000000
09CAC0CB0027000F49A18FC90000000000000200000048E12D423A93CA41B8AE0500E4F6030028390000410C0000
09AAC0CB0058000F49A1911D00000000000000355E5A4085EB5140986E5240000080BFD7A3504037894140A2455640CBA1853F3333B33FCDCC4CBE9A590E44000080BFCDCC4C3E9A9999BECDCCCC3D9A9999BE010101000101010107000000
09DAC0AE0099000F49A1924400000000000703000100012F7661722F70697361742F646174612F636170747572655F332E6A70670000000000000000000000000000000000000000000000000000000000000000000000000000000000000000000000000000000000000000000000000000000000000000000000000000000000000000000000000000000000000000000000000000008E3502006F92676A00
0897C0E3003D000F49A21EB800000000000001013C8B000000000000185B01008E006514BB00000002000000E2030000290000007E0300007E0000000C00630000000100
08A4C0DF0045000F49A407BF0000000001000101010101010100000000000000000000000000000000000000000000000000000018340000000000000000000000000000000000002A000000
088AC0E30013000F49A421640000000001000002000000000000
0890C0E0003D000F49A4548B0000000000000000000000000000000000000000000000000000000000000000000000000000000000000000000000000100010001000100
08ADC0E100AD000F49A4A266000000000000010001011F0000000300000000000000000000000000000000000000000010270000E1000000E0000000AD0A0000DF000000E1000000FFFFFFFFFFFFFFFFFFFFFFFFFFFFFFFFFFFFFFFFFFFFFFFFFFFFFFFFFFFFFFFFFFFFFFFFFFFFFFFFFFFFFFFFFFFFFFFFFFFFFFFFFFFFFFFFFFFFFFFFFFFFFFFFFFFFFFFFFFFFFFFFFFFFFFFFFFFFFFFFFFFFFFFFFFFFFFFFFFFFFFFFFFFFFFFFFFFFFFFFFFFFFFFFFFFFFFFF
08AAC0E30049000F49A4A3EA000000000002000007000000000000000200000000000000060000000000000000000000000000000000000000000000803E0000803E0000FFFFFFFFFFFFFFFF00000C00
09BAC0EC0043000F49A58F6D0000000076000000000048E1E441F6887444B83E9443EC511242295CF5C18FC2DDC085EBE341CDCC4CBD0AD7233C8FC2953F000000000000000000000000
09CAC0CC0027000F49A58FA70000000000000200000048E12D42BDE9AD41B8AE0500E4F6030028390000410C0000
09AAC0CC0058000F49A5912000000000000000F4FD54406DE73B400E2D5240000080BF60E55040D34D4240FED45840CBA1853FCDCCCC3ECDCCCCBECD0C1144000080BFCDCCCC3DCDCC4CBE3333F33F9A9999BE010101000101010107000000
09DAC0AF0099000F49A5922E00000000000703000100012F7661722F70697361742F646174612F636170747572655F332E6A70670000000000000000000000000000000000000000000000000000000000000000000000000000000000000000000000000000000000000000000000000000000000000000000000000000000000000000000000000000000000000000000000000000008E3502006F92676A00
08A4C0E00045000F49A70CCE0000000001000101010101010100000000000000000000000000000000000000000000000000000018340000000000000000000000000000000000002A000000
088AC0E40013000F49A7571D0000000001000002000000000000
08ADC0E200AD000F49A7608F000000000000010001011F0000000300000000000000000000000000000000000000000010270000E2000000E1000000B40A0000E0000000E2000000FFFFFFFFFFFFFFFFFFFFFFFFFFFFFFFFFFFFFFFFFFFFFFFFFFFFFFFFFFFFFFFFFFFFFFFFFFFFFFFFFFFFFFFFFFFFFFFFFFFFFFFFFFFFFFFFFFFFFFFFFFFFFFFFFFFFFFFFFFFFFFFFFFFFFFFFFFFFFFFFFFFFFFFFFFFFFFFFFFFFFFFFFFFFFFFFFFFFFFFFFFFFFFFFFFFFFFFF
0890C0E1003D000F49A761490000000000000000000000000000000000000000000000000000000000000000000000000000000000000000000000000100010001000100
08AAC0E40049000F49A77335000000000002000007000000000000000200000000000000060000000000000000000000000000000000000000000000803E0000803E0000FFFFFFFFFFFFFFFF00000C00
08B8C0E10069000F49A7149000000000000001000100010000000000000000000000000000000000950A0000000000002F63662F64735F66696C7465725F74626C2E74626C00000000000000000000000000000000000000000000000000000000000000000000000000000000000000
089BC0E40015000F49A72E2500000000000000000000000003001400
08A7C0E500A5000F49A747C10000000000000300FFFFFFFFFFFFFFFFFFFFFFFFFFFFFFFFFFFFFFFFFFFFFFFFFFFFFFFFFFFFFFFFFFFFFFFFFFFFFFFFFFFFFFFF333333333333333333333333333333333333333333333333333333333333333333333333333333333333333333333333333333333333333333333333333333333333333333333333333333333333333333333333333333330000000000000000000000000000000000000000
0887C0E4005D000F49A79BC400000000000000000000000000000000000000000000000000000000000000000000000000000000000000000000000000000000000000000000000000000000000000000000000000000000000000000000000000000000
0897C0E4003D000F49A7FAF00000000000000101408C000000000000A05D010090008614BC00000002000000EA03000029000000840300007F0000006200630063000101
09BAC0ED0043000F49A88F8F0000000076000101010048E1E4419A89744452389443333312428FC2F5C15C8FD2C0D7A3E0418FC2F5BC0000000085EB913F000000000000000000000000
09CAC0CD0027000F49A88FCA00000000000002000000310830428D55E641B8AE050000F7030028390000410C0000
09AAC0CD0058000F49A89120000000000000006ABC544081954340986E5240000080BFD7A350407D3F554062105840CBA1853FCDCCCC3DCDCCCCBE9AF90D44000080BFCDCCCCBDCDCC4C3E9A99993FCDCCCC3D010101000101010107000000
09DAC0B00099000F49A8925100000000000703000100012F7661722F70697361742F646174612F636170747572655F332E6A70670000000000000000000000000000000000000000000000000000000000000000000000000000000000000000000000000000000000000000000000000000000000000000000000000000000000000000000000000000000000000000000000000000008E3502006F92676A00
08A4C0E10045000F49A907BE0000000001000101010101010100000000000000000000000000000001000000000000000000000018340000000000000000000000000000000000002A000000
088AC0E50013000F49A921640000000001000002000000000000
0890C0E2003D000F49A9548D0000000000000000000000000000000000000000000000000000000000000000000000000000000000000000000000000100010001000100
08AAC0E50049000F49A96E25000000000002000007000000000000000200000000000000060000000000000000000000000000000000000000000000803E0000803E0000FFFFFFFFFFFFFFFF00000C00
08ADC0E300AD000F49AA26AB000000000000010001011F0000000300000000000000000000000000000000000000000010270000E2000000E1000000C00A0000E0000000E2000000FFFFFFFFFFFFFFFFFFFFFFFFFFFFFFFFFFFFFFFFFFFFFFFFFFFFFFFFFFFFFFFFFFFFFFFFFFFFFFFFFFFFFFFFFFFFFFFFFFFFFFFFFFFFFFFFFFFFFFFFFFFFFFFFFFFFFFFFFFFFFFFFFFFFFFFFFFFFFFFFFFFFFFFFFFFFFFFFFFFFFFFFFFFFFFFFFFFFFFFFFFFFFFFFFFFFFFFF
08B8C0E20069000F49AA75DA00000000000001000100010000000000000000000000000000000000990A0000000000002F63662F64735F66696C7465725F74626C2E74626C00000000000000000000000000000000000000000000000000000000000000000000000000000000000000
089BC0E50015000F49AA7AF200000000000000000000000003001400
08A7C0E600A5000F49AA80130000000000000300FFFFFFFFFFFFFFFFFFFFFFFFFFFFFFFFFFFFFFFFFFFFFFFFFFFFFFFFFFFFFFFFFFFFFFFFFFFFFFFFFFFFFFFF333333333333333333333333333333333333333333333333333333333333333333333333333333333333333333333333333333333333333333333333333333333333333333333333333333333333333333333333333333330000000000000000000000000000000000000000
0887C0E5005D000F49AA852F00000000000000000000000000000000000000000000000000000000000000000000000000000000000000000000000000000000000000000000000000000000000000000000000000000000000000000000000000000000
0897C0E5003D000F49AAFAF00000000000000101BA8C000000000000CE5E010091009D14BD00000002000000EE0300002900000087030000800000006200630063000100
08A4C0E20045000F49AD0CCD0000000001000101010101010100000000000000000000000000000000000000000000000000000018340000000000000000000000000000000000002B000000
088AC0E60013000F49AD26720000000001000002000000000000
0890C0E3003D000F49AD59990000000000000000000000000000000000000000000000000000000000000000000000000000000000000000000000000100010001000100
08AAC0E60049000F49AD7333000000000002000007000000000000000200000000000000060000000000000000000000000000000000000000000000803E0000803E0000FFFFFFFFFFFFFFFF00000C00
09BAC0EE0043000F49AD8F6C0000000077000000000048E1E4419A89744452389443333312428FC2F5C15C8FD2C0D7A3E0418FC2F5BC0000000085EB913F000000000000000000000000
09CAC0CE0027000F49AD8FA400000000000002000000310830422231EF41B8AE050010F7030028390000410C0000
09AAC0CE0058000F49AD911D00000000000000DD244640B81E454021B05240000080BF60E55040D9CE574006815540F0A7863FCDCCCCBD000000BF9AD91044000080BF0000000033333340CDCC4C3ECDCC4CBE010101000101010107000000
09DAC0B10099000F49AD921600000000000703000100012F7661722F70697361742F646174612F636170747572655F332E6A70670000000000000000000000000000000000000000000000000000000000000000000000000000000000000000000000000000000000000000000000000000000000000000000000000000000000000000000000000000000000000000000000000000008E3502006F92676A00
08ADC0E400AD000F49ADF700000000000000010001011F0000000300000000000000000000000000000000000000000010270000E3000000E2000000CB0A0000E1000000E3000000FFFFFFFFFFFFFFFFFFFFFFFFFFFFFFFFFFFFFFFFFFFFFFFFFFFFFFFFFFFFFFFFFFFFFFFFFFFFFFFFFFFFFFFFFFFFFFFFFFFFFFFFFFFFFFFFFFFFFFFFFFFFFFFFFFFFFFFFFFFFFFFFFFFFFFFFFFFFFFFFFFFFFFFFFFFFFFFFFFFFFFFFFFFFFFFFFFFFFFFFFFFFFFFFFFFFFFFF
08B8C0E30069000F49AE148E00000000000001000100010000000000000000000000000000000000A40A0000000000002F63662F64735F66696C7465725F74626C2E74626C00000000000000000000000000000000000000000000000000000000000000000000000000000000000000
089BC0E60015000F49AE2E2500000000000000000000000003001400
08A7C0E700A5000F49AE47C10000000000000300FFFFFFFFFFFFFFFFFFFFFFFFFFFFFFFFFFFFFFFFFFFFFFFFFFFFFFFFFFFFFFFFFFFFFFFFFFFFFFFFFFFFFFFF333333333333333333333333333333333333333333333333333333333333333333333333333333333333333333333333333333333333333333333333333333333333333333333333333333333333333333333333333333330000000000000000000000000000000000000000
0887C0E6005D000F49AE615800000000000000000000000000000000000000000000000000000000000000000000000000000000000000000000000000000000000000000000000000000000000000000000000000000000000000000000000000000000
0897C0E6003D000F49AF3CB200000000000001015B8D0000000000005E6001009100B314BF00000002000000F2030000290000008C030000810000001700630063000101
09BAC0EF0043000F49B03C540000000077000101010048E1E44152887444AE479443AE471242713DF4C1A470D5C0A470D9410AD723BC0AD7233C85EB913F000000000000000000000000
09BAC0F00043000F49B03C6B0000000078000000000048E1E44152887444AE479443AE471242713DF4C1A470D5C0A470D9410AD723BC0AD7233C85EB913F000000000000000000000000
09CAC0CF0027000F49B0825A0000000000000200000031083042B1DC1B42B8AE050024F7030028390000410C0000
09AAC0CF0058000F49B0838700000000000000448B4C40FCA9514073685140000080BF6ABC544075935840E17A5440F0A7863F00000000CDCC4CBE33F30F44000080BFCDCC4C3E333313409A9999BECDCCCCBD010101000101010107000000
08B8C0E40069000F49B1199F00000000000001000100010000000000000000000000000000000000B00A0000000000002F63662F64735F66696C7465725F74626C2E74626C00000000000000000000000000000000000000000000000000000000000000000000000000000000000000
089BC0E70015000F49B1333400000000000000000000000003001400
08A7C0E800A5000F49B14CD00000000000000300FFFFFFFFFFFFFFFFFFFFFFFFFFFFFFFFFFFFFFFFFFFFFFFFFFFFFFFFFFFFFFFFFFFFFFFFFFFFFFFFFFFFFFFF333333333333333333333333333333333333333333333333333333333333333333333333333333333333333333333333333333333333333333333333333333333333333333333333333333333333333333333333333333330000000000000000000000000000000000000000
0887C0E7005D000F49B1666700000000000000000000000000000000000000000000000000000000000000000000000000000000000000000000000000000000000000000000000000000000000000000000000000000000000000000000000000000000
09BAC0F10043000F49B1C7E80000000078000101010048E1E4419A897444EC319443295C1242CDCCECC19A99E9C03333DB418FC2F5BC0AD7233C85EB913F000000000000000000000000
09CAC0D00027000F49B1C8200000000000000200000031083042C618BB41B8AE050024F7030028390000410C0000
09AAC0D00058000F49B1C96700000000000000560E4D40E17A54400E2D5240000080BF4E625040B4C8564085EB5140DD24863FCDCC4CBECDCCCC3DCD8C0E44000080BFCDCC4C3E9A99D93F9A9999BECDCC4CBE010101000101010107000000
09DAC0B20099000F49B1CAAE00000000000703000100012F7661722F70697361742F646174612F636170747572655F332E6A70670000000000000000000000000000000000000000000000000000000000000000000000000000000000000000000000000000000000000000000000000000000000000000000000000000000000000000000000000000000000000000000000000000008E3502006F92676A00
0897C0E7003D000F49B200120000000000000101D48D0000000000008C6101009200CF14BF00000002000000F6030000290000008F030000810000000000630063000100
08A4C0E30045000F49B407BE0000000001000101010101010100000000000000000000000000000000000000000000000000000018340000000000000000000000000000000000002B000000
088AC0E70013000F49B4549A0000000001000002000000000000
0890C0E4003D000F49B45EC80000000000000000000000000000000000000000000000000000000000000000000000000000000000000000000000000100010001000100
08AAC0E70049000F49B46E25000000000002000007000000000000000200000000000000060000000000000000000000000000000000000000000000803E0000803E0000FFFFFFFFFFFFFFFF00000C00
08B8C0E50069000F49B5171700000000000001000100010000000000000000000000000000000000B80A0000000000002F63662F64735F66696C7465725F74626C2E74626C00000000000000000000000000000000000000000000000000000000000000000000000000000000000000
089BC0E80015000F49B530AE00000000000000000000000003001400
08A7C0E900A5000F49B54A4A0000000000000300FFFFFFFFFFFFFFFFFFFFFFFFFFFFFFFFFFFFFFFFFFFFFFFFFFFFFFFFFFFFFFFFFFFFFFFFFFFFFFFFFFFFFFFF333333333333333333333333333333333333333333333333333333333333333333333333333333333333333333333333333333333333333333333333333333333333333333333333333333333333333333333333333333330000000000000000000000000000000000000000
08ADC0E500AD000F49B59829000000000000010001011F0000000300000000000000000000000000000000000000000010270000E5000000E4000000E10A0000E3000000E5000000FFFFFFFFFFFFFFFFFFFFFFFFFFFFFFFFFFFFFFFFFFFFFFFFFFFFFFFFFFFFFFFFFFFFFFFFFFFFFFFFFFFFFFFFFFFFFFFFFFFFFFFFFFFFFFFFFFFFFFFFFFFFFFFFFFFFFFFFFFFFFFFFFFFFFFFFFFFFFFFFFFFFFFFFFFFFFFFFFFFFFFFFFFFFFFFFFFFFFFFFFFFFFFFFFFFFFFFF
0887C0E8005D000F49B599A600000000000000000000000000000000000000000000000000000000000000000000000000000000000000000000000000000000000000000000000000000000000000000000000000000000000000000000000000000000
0897C0E8003D000F49B5FD7A0000000000000101718E0000000000001C6301009200EB14BF00000002000000FA0300002900000092030000810000006300630000000100
09BAC0F20043000F49B68F690000000079000000000048E1E4419A897444EC319443295C1242CDCCECC19A99E9C03333DB418FC2F5BC0AD7233C85EB913F000000000000000000000000
09CAC0D10027000F49B68FA60000000000000200000048E12D42B7F5CA41B8AE050030F7030028390000410C0000
09AAC0D10058000F49B69110000000000000003BDF4F40A2455640986E5240000080BFE92651406ABC5440F4FD3440CBA1853FCDCCCCBD3333134067E60E44000080BFCDCCCC3DCDCCCC3E9A9919BF9A9999BE010101000101010107000000
09DAC0B30099000F49B6922C00000000000703000100012F7661722F70697361742F646174612F636170747572655F332E6A70670000000000000000000000000000000000000000000000000000000000000000000000000000000000000000000000000000000000000000000000000000000000000000000000000000000000000000000000000000000000000000000000000000008E3502006F92676A00
08A4C0E40045000F49B829060000000001000101010101010100000000000000000000000000000000000000000000000000000018340000000000000000000000000000000000002B000000
088AC0E80013000F49B82E330000000001000002000000000000
0890C0E5003D000F49B8548A0000000000000000000000000000000000000000000000000000000000000000000000000000000000000000000000000100010001000100
08AAC0E80049000F49B86E25000000000002000007000000000000000200000000000000060000000000000000000000000000000000000000000000803E0000803E0000FFFFFFFFFFFFFFFF00000C00
08B8C0E60069000F49B9148D00000000000001000100010000000000000000000000000000000000C20A0000000000002F63662F64735F66696C7465725F74626C2E74626C00000000000000000000000000000000000000000000000000000000000000000000000000000000000000
08ADC0E600AD000F49B968DC000000000000010001011F0000000300000000000000000000000000000000000000000010270000E6000000E5000000EC0A0000E4000000E6000000FFFFFFFFFFFFFFFFFFFFFFFFFFFFFFFFFFFFFFFFFFFFFFFFFFFFFFFFFFFFFFFFFFFFFFFFFFFFFFFFFFFFFFFFFFFFFFFFFFFFFFFFFFFFFFFFFFFFFFFFFFFFFFFFFFFFFFFFFFFFFFFFFFFFFFFFFFFFFFFFFFFFFFFFFFFFFFFFFFFFFFFFFFFFFFFFFFFFFFFFFFFFFFFFFFFFFFFF
089BC0E90015000F49B9695300000000000000000000000003001400
08A7C0EA00A5000F49B96E310000000000000300FFFFFFFFFFFFFFFFFFFFFFFFFFFFFFFFFFFFFFFFFFFFFFFFFFFFFFFFFFFFFFFFFFFFFFFFFFFFFFFFFFFFFFFF333333333333333333333333333333333333333333333333333333333333333333333333333333333333333333333333333333333333333333333333333333333333333333333333333333333333333333333333333333330000000000000000000000000000000000000000
0887C0E9005D000F49B9734B00000000000000000000000000000000000000000000000000000000000000000000000000000000000000000000000000000000000000000000000000000000000000000000000000000000000000000000000000000000
0897C0E9003D000F49B9FAF00000000000000101128F000000000000AC64010092000215C000000002000000FE0300002900000096030000810000006200630063000100
09BAC0F30043000F49BB8A800000000079000101010048E1E4413D8A74443D2A944366661242F628EAC185EB05C1CDCCD8410AD723BD0AD7A33C8FC2953F000000000000000000000000
09CAC0D20027000F49BB8AB70000000000000200000048E12D423E06EF41B8AE05003CF7030028390000410C0000
09AAC0D20058000F49BB8C21000000000000007D3F554006815540986E5240000080BFD7A350404E625040C1CA4140CBA1853FCDCC4C3F6766663F9A590E44000080BF9A99993E00000000CDCCCCBE00000000010101000101010107000000
09DAC0B40099000F49BB8D3900000000000703000100012F7661722F70697361742F646174612F636170747572655F332E6A70670000000000000000000000000000000000000000000000000000000000000000000000000000000000000000000000000000000000000000000000000000000000000000000000000000000000000000000000000000000000000000000000000000008E3502006F92676A00
08A4C0E50045000F49BC0A4D0000000001000101010101010100000000000000000000000000000000000000000000000000000018340000000000000000000000000000000000002B000000
088AC0E90013000F49BC23F30000000001000002000000000000
0890C0E6003D000F49BC571A0000000000000000000000000000000000000000000000000000000000000000000000000000000000000000000000000100010001000100
08AAC0E90049000F49BC70B4000000000002000007000000000000000200000000000000060000000000000000000000000000000000000000000000803E0000803E0000FFFFFFFFFFFFFFFF00000C00
08ADC0E700AD000F49BD3933000000000000010001011F0000000300000000000000000000000000000000000000000010270000E7000000E6000000F30A0000E5000000E7000000FFFFFFFFFFFFFFFFFFFFFFFFFFFFFFFFFFFFFFFFFFFFFFFFFFFFFFFFFFFFFFFFFFFFFFFFFFFFFFFFFFFFFFFFFFFFFFFFFFFFFFFFFFFFFFFFFFFFFFFFFFFFFFFFFFFFFFFFFFFFFFFFFFFFFFFFFFFFFFFFFFFFFFFFFFFFFFFFFFFFFFFFFFFFFFFFFFFFFFFFFFFFFFFFFFFFFFFF
08B8C0E70069000F49BD3D8400000000000001000100010000000000000000000000000000000000CD0A0000000000002F63662F64735F66696C7465725F74626C2E74626C00000000000000000000000000000000000000000000000000000000000000000000000000000000000000
089BC0EA0015000F49BD42AA00000000000000000000000003001400
08A7C0EB00A5000F49BD4A500000000000000300FFFFFFFFFFFFFFFFFFFFFFFFFFFFFFFFFFFFFFFFFFFFFFFFFFFFFFFFFFFFFFFFFFFFFFFFFFFFFFFFFFFFFFFF333333333333333333333333333333333333333333333333333333333333333333333333333333333333333333333333333333333333333333333333333333333333333333333333333333333333333333333333333333330000000000000000000000000000000000000000
0887C0EA005D000F49BD63E700000000000000000000000000000000000000000000000000000000000000000000000000000000000000000000000000000000000000000000000000000000000000000000000000000000000000000000000000000000
0897C0EA003D000F49BDFD7F0000000000000101B38F0000000000003C66010092001E15C00000000200000002040000290000009A030000810000006300630000000100
08A4C0E60045000F49C007BE0000000001000101010101010100000000000000000000000000000000000000000000000000000018340000000000000000000000000000000000002C000000
088AC0EA0013000F49C021640000000001000002000000000000
0890C0E7003D000F49C0548A0000000000000000000000000000000000000000000000000000000000000000000000000000000000000000000000000100010001000100
08AAC0EA0049000F49C06E24000000000002000007000000000000000200000000000000060000000000000000000000000000000000000000000000803E0000803E0000FFFFFFFFFFFFFFFF00000C00
09BAC0F40043000F49C08A5D000000007A000000000048E1E4413D8A74443D2A944366661242F628EAC185EB05C1CDCCD8410AD723BD0AD7A33C8FC2953F000000000000000000000000
09CAC0D30027000F49C08A9600000000000002000000310830424B4BEB41B8AE05003CF7030028390000410C0000
09AAC0D30058000F49C08C110000000000000010585940BC745340986E5240000080BF4E6250403F353E4089414040DD24863F9A991940CDCCCC3D33331144000080BFCDCCCC3DCDCCCCBD333333BFCDCC4CBE010101000101010107000000
09DAC0B50099000F49C08D0E00000000000703000100012F7661722F70697361742F646174612F636170747572655F332E6A70670000000000000000000000000000000000000000000000000000000000000000000000000000000000000000000000000000000000000000000000000000000000000000000000000000000000000000000000000000000000000000000000000000008E3502006F92676A00
08ADC0E800AD000F49C114FB000000000000010001011F0000000300000000000000000000000000000000000000000010270000E8000000E7000000FE0A0000E6000000E8000000FFFFFFFFFFFFFFFFFFFFFFFFFFFFFFFFFFFFFFFFFFFFFFFFFFFFFFFFFFFFFFFFFFFFFFFFFFFFFFFFFFFFFFFFFFFFFFFFFFFFFFFFFFFFFFFFFFFFFFFFFFFFFFFFFFFFFFFFFFFFFFFFFFFFFFFFFFFFFFFFFFFFFFFFFFFFFFFFFFFFFFFFFFFFFFFFFFFFFFFFFFFFFFFFFFFFFFFF
08B8C0E80069000F49C1215A00000000000001000100010000000000000000000000000000000000D90A0000000000002F63662F64735F66696C7465725F74626C2E74626C00000000000000000000000000000000000000000000000000000000000000000000000000000000000000
089BC0EB0015000F49C12E2400000000000000000000000003001400
08A7C0EC00A5000F49C147C00000000000000300FFFFFFFFFFFFFFFFFFFFFFFFFFFFFFFFFFFFFFFFFFFFFFFFFFFFFFFFFFFFFFFFFFFFFFFFFFFFFFFFFFFFFFFF333333333333333333333333333333333333333333333333333333333333333333333333333333333333333333333333333333333333333333333333333333333333333333333333333333333333333333333333333333330000000000000000000000000000000000000000
0887C0EB005D000F49C1615700000000000000000000000000000000000000000000000000000000000000000000000000000000000000000000000000000000000000000000000000000000000000000000000000000000000000000000000000000000
0897C0EB003D000F49C1FAEF000000000000010140900000000000009567010093002D15C20000000200000006040000290000009E030000810000006200630063000100
08A4C0E70045000F49C40CCE0000000001000101010101010100000000000000000000000000000000000000000000000000000018340000000000000000000000000000000000002C000000
088AC0EB0013000F49C426730000000001000002000000000000
0890C0E8003D000F49C459990000000000000000000000000000000000000000000000000000000000000000000000000000000000000000000000000100010001000100
08AAC0EB0049000F49C47334000000000002000007000000000000000200000000000000060000000000000000000000000000000000000000000000803E0000803E0000FFFFFFFFFFFFFFFF00000C00
08ADC0E900AD000F49C5164F000000000000010001011F0000000300000000000000000000000000000000000000000010270000E9000000E8000000090B0000E7000000E9000000FFFFFFFFFFFFFFFFFFFFFFFFFFFFFFFFFFFFFFFFFFFFFFFFFFFFFFFFFFFFFFFFFFFFFFFFFFFFFFFFFFFFFFFFFFFFFFFFFFFFFFFFFFFFFFFFFFFFFFFFFFFFFFFFFFFFFFFFFFFFFFFFFFFFFFFFFFFFFFFFFFFFFFFFFFFFFFFFFFFFFFFFFFFFFFFFFFFFFFFFFFFFFFFFFFFFFFFF
08B8C0E90069000F49C5171300000000000001000100010000000000000000000000000000000000E50A0000000000002F63662F64735F66696C7465725F74626C2E74626C00000000000000000000000000000000000000000000000000000000000000000000000000000000000000
089BC0EC0015000F49C5333400000000000000000000000003001400
08A7C0ED00A5000F49C54CD00000000000000300FFFFFFFFFFFFFFFFFFFFFFFFFFFFFFFFFFFFFFFFFFFFFFFFFFFFFFFFFFFFFFFFFFFFFFFFFFFFFFFFFFFFFFFF333333333333333333333333333333333333333333333333333333333333333333333333333333333333333333333333333333333333333333333333333333333333333333333333333333333333333333333333333333330000000000000000000000000000000000000000
0887C0EC005D000F49C5666700000000000000000000000000000000000000000000000000000000000000000000000000000000000000000000000000000000000000000000000000000000000000000000000000000000000000000000000000000000
09BAC0F50043000F49C58F8F000000007A000101010048E1E44152887444A45094431F8512429A99F5C1D7A3D0C0713DD6410AD723BC0AD7A33C3333933F000000000000000000000000
09CAC0D40027000F49C58FC50000000000000200000031083042545DE741B8AE050048F7030028390000410C0000
09AAC0D40058000F49C59118000000000000006ABC54401B2F3D400E2D5240000080BF4E6250405C8F42402B875640DD24863FCDCC4C3FCDCCCCBECD8C1044000080BFCDCCCC3E000000BF6766663FCDCC4CBE010101000101010107000000
09DAC0B60099000F49C5924100000000000703000100012F7661722F70697361742F646174612F636170747572655F332E6A70670000000000000000000000000000000000000000000000000000000000000000000000000000000000000000000000000000000000000000000000000000000000000000000000000000000000000000000000000000000000000000000000000000008E3502006F92676A00
0897C0EC003D000F49C5FFFF0000000000000101D290000000000000EE68010094003B15C5000000020000000A04000029000000A3030000810000000000630000000100
08B8C0EA0069000F49C7199F00000000000001000100010000000000000000000000000000000000EF0A0000000000002F63662F64735F66696C7465725F74626C2E74626C00000000000000000000000000000000000000000000000000000000000000000000000000000000000000
089BC0ED0015000F49C7333400000000000000000000000003001400
08A7C0EE00A5000F49C74CD00000000000000300FFFFFFFFFFFFFFFFFFFFFFFFFFFFFFFFFFFFFFFFFFFFFFFFFFFFFFFFFFFFFFFFFFFFFFFFFFFFFFFFFFFFFFFF333333333333333333333333333333333333333333333333333333333333333333333333333333333333333333333333333333333333333333333333333333333333333333333333333333333333333333333333333333330000000000000000000000000000000000000000
0887C0ED005D000F49C7666700000000000000000000000000000000000000000000000000000000000000000000000000000000000000000000000000000000000000000000000000000000000000000000000000000000000000000000000000000000
0897C0ED003D000F49C80013000000000000010147910000000000001C6A010095005215C5000000020000000E04000029000000A6030000820000000000630063000100
09BAC0F60043000F49C88A5F000000007B000000000048E1E44152887444A45094431F8512429A99F5C1D7A3D0C0713DD6410AD723BC0AD7A33C3333933F000000000000000000000000
09CAC0D50027000F49C88A980000000000000200000048E12D4286C5B841B8AE050050F7030028390000410C0000
09AAC0D50058000F49C88C0500000000000000F4FD5440EE7C3F400E2D5240000080BFD7A350405C8F424075935840CBA1853FCDCCCC3D9A9999BE00E00D44000080BF9A99993ECDCCCCBD00000040000000BF010101000101010107000000
09DAC0B70099000F49C88D1A00000000000703000100012F7661722F70697361742F646174612F636170747572655F332E6A70670000000000000000000000000000000000000000000000000000000000000000000000000000000000000000000000000000000000000000000000000000000000000000000000000000000000000000000000000000000000000000000000000000008E3502006F92676A00
08A4C0E80045000F49CA07BF0000000001000101010101010100000000000000000000000000000000000000000000000000000018340000000000000000000000000000000000002C000000
088AC0EC0013000F49CA21650000000001000002000000000000
0890C0E9003D000F49CA548B0000000000000000000000000000000000000000000000000000000000000000000000000000000000000000000000000100010001000100
08AAC0EC0049000F49CA9C44000000000002000007000000000000000200000000000000060000000000000000000000000000000000000000000000803E0000803E0000FFFFFFFFFFFFFFFF00000C00
08ADC0EA00AD000F49CAA67A000000000000010001011F0000000300000000000000000000000000000000000000000010270000EB000000EA0000001B0B0000E9000000EB000000FFFFFFFFFFFFFFFFFFFFFFFFFFFFFFFFFFFFFFFFFFFFFFFFFFFFFFFFFFFFFFFFFFFFFFFFFFFFFFFFFFFFFFFFFFFFFFFFFFFFFFFFFFFFFFFFFFFFFFFFFFFFFFFFFFFFFFFFFFFFFFFFFFFFFFFFFFFFFFFFFFFFFFFFFFFFFFFFFFFFFFFFFFFFFFFFFFFFFFFFFFFFFFFFFFFFFFFF
09BAC0F70043000F49CC8A80000000007B000101010048E1E441F6887444B83E9443AE47124252B8EAC1295CBFC085EBD341000000800AD7A33C85EB913F000000000000000000000000
09CAC0D60027000F49CC8AB70000000000000200000048E12D428406E641B8AE05005CF7030028390000410C0000
09AAC0D60058000F49CC8C220000000000000004564E4054E345400E2D5240000080BF60E55040508D5740B4C85640CBA1853FCDCCCCBD9A9999BE33530E44000080BFCDCC4C3E6766A63F0000003FCDCC4CBE010101000101010107000000
09DAC0B80099000F49CC8D3D00000000000703000100012F7661722F70697361742F646174612F636170747572655F332E6A70670000000000000000000000000000000000000000000000000000000000000000000000000000000000000000000000000000000000000000000000000000000000000000000000000000000000000000000000000000000000000000000000000000008E3502006F92676A00
08A4C0E90045000F49CD2E250000000001000101010101010100000000000000000000000000000000000000000000000000000018340000000000000000000000000000000000002C000000
088AC0ED0013000F49CD33520000000001000002000000000000
0890C0EA003D000F49CD548B0000000000000000000000000000000000000000000000000000000000000000000000000000000000000000000000000100010001000100
08AAC0ED0049000F49CD6E26000000000002000007000000000000000200000000000000060000000000000000000000000000000000000000000000803E0000803E0000FFFFFFFFFFFFFFFF00000C00
08B8C0EB0069000F49CE148E00000000000001000100010000000000000000000000000000000000000B0000000000002F63662F64735F66696C7465725F74626C2E74626C00000000000000000000000000000000000000000000000000000000000000000000000000000000000000
09BAC0F80043000F49CE2649000000007C000000000048E1E441F6887444B83E9443AE47124252B8EAC1295CBFC085EBD341000000800AD7A33C85EB913F000000000000000000000000
08ADC0EB00AD000F49CE6DAA000000000000010001011F0000000300000000000000000000000000000000000000000010270000EC000000EB000000260B0000EA000000EC000000FFFFFFFFFFFFFFFFFFFFFFFFFFFFFFFFFFFFFFFFFFFFFFFFFFFFFFFFFFFFFFFFFFFFFFFFFFFFFFFFFFFFFFFFFFFFFFFFFFFFFFFFFFFFFFFFFFFFFFFFFFFFFFFFFFFFFFFFFFFFFFFFFFFFFFFFFFFFFFFFFFFFFFFFFFFFFFFFFFFFFFFFFFFFFFFFFFFFFFFFFFFFFFFFFFFFFFFF
089BC0EE0015000F49CE6DEF00000000000000000000000003001400
09CAC0D70027000F49CE6E36000000000000020000005EBA2B4271C3FD41B8AE050064F7030028390000410C0000
09AAC0D70058000F49CE6F73000000000000001D5A4440DD2446404E625040000080BF0E2D524023DB59407D3F5540CBA1853FCDCCCCBDCDCCCCBE3373E743000080BF0000000033331340CDCCCC3D9A9999BE010101000101010107000000
08A7C0EF00A5000F49CE70BA0000000000000300FFFFFFFFFFFFFFFFFFFFFFFFFFFFFFFFFFFFFFFFFFFFFFFFFFFFFFFFFFFFFFFFFFFFFFFFFFFFFFFFFFFFFFFF333333333333333333333333333333333333333333333333333333333333333333333333333333333333333333333333333333333333333333333333333333333333333333333333333333333333333333333333333333330000000000000000000000000000000000000000
0887C0EE005D000F49CEB93000000000000000000000000000000000000000000000000000000000000000000000000000000000000000000000000000000000000000000000000000000000000000000000000000000000000000000000000000000000
09BAC0F90043000F49CEB977000000007C0001010100C3F5E4419A897444A430944333331242A470F1C1D7A3C8C014AEE7410AD7A33C0AD7233C85EB913F000000000000000000000000
0897C0EE003D000F49CEFAF000000000000001014C92000000000000A46C010097007515C5000000020000001604000029000000AC030000820000006200630063000100
08A4C0EA0045000F49D007BF0000000001000101010101010100000000000000000000000000000000000000000000000000000018340000000000000000000000000000000000002C000000
088AC0EE0013000F49D021650000000001000002000000000000
0890C0EB003D000F49D0548B0000000000000000000000000000000000000000000000000000000000000000000000000000000000000000000000000100010001000100
08AAC0EE0049000F49D06E26000000000002000007000000000000000200000000000000060000000000000000000000000000000000000000000000803E0000803E0000FFFFFFFFFFFFFFFF00000C00
09BAC0FA0043000F49D08A5E000000007D0000000000C3F5E4419A897444A430944333331242A470F1C1D7A3C8C014AEE7410AD7A33C0AD7233C85EB913F000000000000000000000000
09CAC0D80027000F49D08A9600000000000002000000310830423312EB41B8AE050064F7030028390000410C0000
09AAC0D80058000F49D08C0F00000000000000022B4740F8534340986E5240000080BFD7A35040759358406ABC5440DD24863FCDCC4CBE000000BFCDEC0F44000080BFCDCCCC3D0000404000000000CDCC4CBE010101000101010107000000
09DAC0B90099000F49D08D0C00000000000703000100012F7661722F70697361742F646174612F636170747572655F332E6A70670000000000000000000000000000000000000000000000000000000000000000000000000000000000000000000000000000000000000000000000000000000000000000000000000000000000000000000000000000000000000000000000000000008E3502006F92676A00
08ADC0EC00AD000F49D0F89D000000000000010001011F0000000300000000000000000000000000000000000000000010270000EC000000EB0000002E0B0000EA000000EC000000FFFFFFFFFFFFFFFFFFFFFFFFFFFFFFFFFFFFFFFFFFFFFFFFFFFFFFFFFFFFFFFFFFFFFFFFFFFFFFFFFFFFFFFFFFFFFFFFFFFFFFFFFFFFFFFFFFFFFFFFFFFFFFFFFFFFFFFFFFFFFFFFFFFFFFFFFFFFFFFFFFFFFFFFFFFFFFFFFFFFFFFFFFFFFFFFFFFFFFFFFFFFFFFFFFFFFFFF
08B8C0EC0069000F49D1171D00000000000001000100010000000000000000000000000000000000070B0000000000002F63662F64735F66696C7465725F74626C2E74626C00000000000000000000000000000000000000000000000000000000000000000000000000000000000000
089BC0EF0015000F49D130B400000000000000000000000003001400
08A7C0F000A5000F49D14A510000000000000300FFFFFFFFFFFFFFFFFFFFFFFFFFFFFFFFFFFFFFFFFFFFFFFFFFFFFFFFFFFFFFFFFFFFFFFFFFFFFFFFFFFFFFFF333333333333333333333333333333333333333333333333333333333333333333333333333333333333333333333333333333333333333333333333333333333333333333333333333333333333333333333333333333330000000000000000000000000000000000000000
0887C0EF005D000F49D163E800000000000000000000000000000000000000000000000000000000000000000000000000000000000000000000000000000000000000000000000000000000000000000000000000000000000000000000000000000000
0897C0EF003D000F49D23E460000000000000101C692000000000000D26D010098008515C5000000020000001A04000029000000B0030000830000001800630000000101
08A4C0EB0045000F49D40CD80000000001000101010101010100000000000000000000000000000000000000000000000000000018340000000000000000000000000000000000002D000000
088AC0EF0013000F49D423EE0000000001000002000000000000
0890C0EC003D000F49D457140000000000000000000000000000000000000000000000000000000000000000000000000000000000000000000000000100010001000100
08AAC0EF0049000F49D470AF000000000002000007000000000000000200000000000000060000000000000000000000000000000000000000000000803E0000803E0000FFFFFFFFFFFFFFFF00000C00
08ADC0ED00AD000F49D4CA6C000000000000010001011F0000000300000000000000000000000000000000000000000010270000ED000000EC000000390B0000EB000000ED000000FFFFFFFFFFFFFFFFFFFFFFFFFFFFFFFFFFFFFFFFFFFFFFFFFFFFFFFFFFFFFFFFFFFFFFFFFFFFFFFFFFFFFFFFFFFFFFFFFFFFFFFFFFFFFFFFFFFFFFFFFFFFFFFFFFFFFFFFFFFFFFFFFFFFFFFFFFFFFFFFFFFFFFFFFFFFFFFFFFFFFFFFFFFFFFFFFFFFFFFFFFFFFFFFFFFFFFFF
08B8C0ED0069000F49D5199E00000000000001000100010000000000000000000000000000000000120B0000000000002F63662F64735F66696C7465725F74626C2E74626C00000000000000000000000000000000000000000000000000000000000000000000000000000000000000
089BC0F00015000F49D5333500000000000000000000000003001400
08A7C0F100A5000F49D54CD00000000000000300FFFFFFFFFFFFFFFFFFFFFFFFFFFFFFFFFFFFFFFFFFFFFFFFFFFFFFFFFFFFFFFFFFFFFFFFFFFFFFFFFFFFFFFF333333333333333333333333333333333333333333333333333333333333333333333333333333333333333333333333333333333333333333333333333333333333333333333333333333333333333333333333333333330000000000000000000000000000000000000000
0887C0F0005D000F49D5666800000000000000000000000000000000000000000000000000000000000000000000000000000000000000000000000000000000000000000000000000000000000000000000000000000000000000000000000000000000
09BAC0FB0043000F49D58F8D000000007D00010101003D0AE5419A8974447B349443AE471242295CFFC1B81EF5C0AE47D3410AD723BC0AD7233DE17A943F000000000000000000000000
09CAC0D90027000F49D58FC40000000000000200000031083042C932E941B8AE050078F7030028390000410C0000
09AAC0D90058000F49D59122000000000000007B144E40190456400E2D5240000080BFD7A3504019045640A2453640CBA1853F00000000CDCC4C3FCD4C0F44000080BFCDCC4C3E0000803FCDCCCCBECDCC4CBE010101000101010107000000
09DAC0BA0099000F49D5924000000000000703000100012F7661722F70697361742F646174612F636170747572655F332E6A70670000000000000000000000000000000000000000000000000000000000000000000000000000000000000000000000000000000000000000000000000000000000000000000000000000000000000000000000000000000000000000000000000000008E3502006F92676A00
0897C0F0003D000F49D6199900000000000001016793000000000000626F01009800A515C6000000020000001E04000029000000B4030000830000000A00630000000100
08A4C0EC0045000F49D707C00000000001000101010101010100000000000000000000000000000000000000000000000000000018340000000000000000000000000000000000002D000000
088AC0F00013000F49D721660000000001000002000000000000
0890C0ED003D000F49D7548C0000000000000000000000000000000000000000000000000000000000000000000000000000000000000000000000000100010001000100
08ADC0EE00AD000F49D79C4E000000000000010001011F0000000300000000000000000000000000000000000000000010270000EE000000ED000000440B0000EC000000EE000000FFFFFFFFFFFFFFFFFFFFFFFFFFFFFFFFFFFFFFFFFFFFFFFFFFFFFFFFFFFFFFFFFFFFFFFFFFFFFFFFFFFFFFFFFFFFFFFFFFFFFFFFFFFFFFFFFFFFFFFFFFFFFFFFFFFFFFFFFFFFFFFFFFFFFFFFFFFFFFFFFFFFFFFFFFFFFFFFFFFFFFFFFFFFFFFFFFFFFFFFFFFFFFFFFFFFFFFF
08AAC0F00049000F49D79ED8000000000002000007000000000000000200000000000000060000000000000000000000000000000000000000000000803E0000803E0000FFFFFFFFFFFFFFFF00000C00
08B8C0EE0069000F49D8453E000000000000010001000100000000000000000000000000000000001D0B0000000000002F63662F64735F66696C7465725F74626C2E74626C00000000000000000000000000000000000000000000000000000000000000000000000000000000000000
089BC0F10015000F49D84A7E00000000000000000000000003001400
08A7C0F200A5000F49D84F770000000000000300FFFFFFFFFFFFFFFFFFFFFFFFFFFFFFFFFFFFFFFFFFFFFFFFFFFFFFFFFFFFFFFFFFFFFFFFFFFFFFFFFFFFFFFF333333333333333333333333333333333333333333333333333333333333333333333333333333333333333333333333333333333333333333333333333333333333333333333333333333333333333333333333333333330000000000000000000000000000000000000000
0887C0F1005D000F49D8615A00000000000000000000000000000000000000000000000000000000000000000000000000000000000000000000000000000000000000000000000000000000000000000000000000000000000000000000000000000000
0897C0F1003D000F49D8FAF100000000000001010494000000000000F27001009800C515C7000000020000002204000029000000B7030000830000006200630063000100
09BAC0FC0043000F49D98A5F000000007E00000000003D0AE5419A8974447B349443AE471242295CFFC1B81EF5C0AE47D3410AD723BC0AD7233DE17A943F000000000000000000000000
09CAC0DA0027000F49D98A9B0000000000000200000048E12D420438ED41B8AE050088F7030028390000410C0000
09AAC0DA0058000F49D98C0500000000000000C5205040A2455640986E5240000080BFC520504046B65340B6F33D40CBA1853F00000000CDCCCC3FCDCC1044000080BF9A99993ECDCC4C3E9A9919BF9A9999BE010101000101010107000000
09DAC0BB0099000F49D98D1D00000000000703000100012F7661722F70697361742F646174612F636170747572655F332E6A70670000000000000000000000000000000000000000000000000000000000000000000000000000000000000000000000000000000000000000000000000000000000000000000000000000000000000000000000000000000000000000000000000000008E3502006F92676A00
08A4C0ED0045000F49DB07C00000000001000101010101010100000000000000000000000000000000000000000000000000000018340000000000000000000000000000000000002D000000
088AC0F10013000F49DB21660000000001000002000000000000
0890C0EE003D000F49DB73450000000000000000000000000000000000000000000000000000000000000000000000000000000000000000000000000100010001000100
08AAC0F10049000F49DB7864000000000002000007000000000000000200000000000000060000000000000000000000000000000000000000000000803E0000803E0000FFFFFFFFFFFFFFFF00000C00
08B8C0EF0069000F49DC172000000000000001000100010000000000000000000000000000000000260B0000000000002F63662F64735F66696C7465725F74626C2E74626C00000000000000000000000000000000000000000000000000000000000000000000000000000000000000
089BC0F20015000F49DC30B500000000000000000000000003001400
08A7C0F300A5000F49DC4A520000000000000300FFFFFFFFFFFFFFFFFFFFFFFFFFFFFFFFFFFFFFFFFFFFFFFFFFFFFFFFFFFFFFFFFFFFFFFFFFFFFFFFFFFFFFFF333333333333333333333333333333333333333333333333333333333333333333333333333333333333333333333333333333333333333333333333333333333333333333333333333333333333333333333333333333330000000000000000000000000000000000000000
0887C0F2005D000F49DC63E900000000000000000000000000000000000000000000000000000000000000000000000000000000000000000000000000000000000000000000000000000000000000000000000000000000000000000000000000000000
08ADC0EF00AD000F49DCB3DD000000000000010001011F0000000300000000000000000000000000000000000000000010270000EF000000EE0000004D0B0000ED000000EF000000FFFFFFFFFFFFFFFFFFFFFFFFFFFFFFFFFFFFFFFFFFFFFFFFFFFFFFFFFFFFFFFFFFFFFFFFFFFFFFFFFFFFFFFFFFFFFFFFFFFFFFFFFFFFFFFFFFFFFFFFFFFFFFFFFFFFFFFFFFFFFFFFFFFFFFFFFFFFFFFFFFFFFFFFFFFFFFFFFFFFFFFFFFFFFFFFFFFFFFFFFFFFFFFFFFFFFFFF
0897C0F2003D000F49DCFD800000000000000101A594000000000000827201009800DA15C8000000020000002604000029000000BB030000830000006300630000000100
09BAC0FD0043000F49DE8D11000000007E00010101003D0AE5413D8A7444AE279443F6281242000000C27B1412C19A99BF410AD723BC8FC2F53CE17A943F000000000000000000000000
09CAC0DB0027000F49DE8D490000000000000200000048E12D4238BCE541B8AE050090F7030028390000410C0000
09AAC0DB0058000F49DE8EA00000000000000006815540E17A54400E2D5240000080BFD7A3504021B0324037894140CBA1853F6766E63F0000003FCDEC0E44000080BFCDCC4C3ECDCC4CBE9A9999BE9A9999BE010101000101010107000000
09DAC0BC0099000F49DE8FCC00000000000703000100012F7661722F70697361742F646174612F636170747572655F332E6A70670000000000000000000000000000000000000000000000000000000000000000000000000000000000000000000000000000000000000000000000000000000000000000000000000000000000000000000000000000000000000000000000000000008E3502006F92676A00
08A4C0EE0045000F49DF40120000000001000101010101010100000000000000000000000000000000000000000000000000000018340000000000000000000000000000000000002D000000
088AC0F20013000F49DF453F0000000001000002000000000000
0890C0EF003D000F49DF571B0000000000000000000000000000000000000000000000000000000000000000000000000000000000000000000000000100010001000100
08AAC0F20049000F49DF70B6000000000002000007000000000000000200000000000000060000000000000000000000000000000000000000000000803E0000803E0000FFFFFFFFFFFFFFFF00000C00
08B8C0F00069000F49E0171F000000000000010001000100000000000000000000000000000000002F0B0000000000002F63662F64735F66696C7465725F74626C2E74626C00000000000000000000000000000000000000000000000000000000000000000000000000000000000000
089BC0F30015000F49E030B500000000000000000000000003001400
08ADC0F000AD000F49E0843E000000000000010001011F0000000300000000000000000000000000000000000000000010270000F0000000EF000000580B0000EE000000F0000000FFFFFFFFFFFFFFFFFFFFFFFFFFFFFFFFFFFFFFFFFFFFFFFFFFFFFFFFFFFFFFFFFFFFFFFFFFFFFFFFFFFFFFFFFFFFFFFFFFFFFFFFFFFFFFFFFFFFFFFFFFFFFFFFFFFFFFFFFFFFFFFFFFFFFFFFFFFFFFFFFFFFFFFFFFFFFFFFFFFFFFFFFFFFFFFFFFFFFFFFFFFFFFFFFFFFFFFF
08A7C0F400A5000F49E084840000000000000300FFFFFFFFFFFFFFFFFFFFFFFFFFFFFFFFFFFFFFFFFFFFFFFFFFFFFFFFFFFFFFFFFFFFFFFFFFFFFFFFFFFFFFFF333333333333333333333333333333333333333333333333333333333333333333333333333333333333333333333333333333333333333333333333333333333333333333333333333333333333333333333333333333330000000000000000000000000000000000000000
0887C0F3005D000F49E087C700000000000000000000000000000000000000000000000000000000000000000000000000000000000000000000000000000000000000000000000000000000000000000000000000000000000000000000000000000000
0897C0F3003D000F49E0FD7F00000000000001014695000000000000127401009800F615C8000000020000002A04000029000000BF030000840000006300630000000101
09BAC0FE0043000F49E24AF2000000007F00000000003D0AE5413D8A7444AE279443F6281242000000C27B1412C19A99BF410AD723BC8FC2F53CE17A943F000000000000000000000000
09BAC0FF0043000F49E24B29000000007F0001010100B81EE5413D8A74441F259443F628124214AE00C29A9905C15C8FB241000000800AD7233C8FC2953F000000000000000000000000
09CAC0DC0027000F49E24B5B00000000000002000000310830423F7EBC41B8AE05009CF7030028390000410C0000
09AAC0DC0058000F49E24C9D00000000000000BE9F5A40BC74534021B05240000080BF6ABC54406F12434004564E40DD24863F9A991940CDCC4CBE33F3F943000080BF9A99993E9A9999BE000000BFCDCCCCBD010101000101010107000000
088AC0F30013000F49E326740000000001000002000000000000
0890C0F0003D000F49E35AB30000000000000000000000000000000000000000000000000000000000000000000000000000000000000000000000000100010001000100
08AAC0F30049000F49E37334000000000002000007000000000000000200000000000000060000000000000000000000000000000000000000000000803E0000803E0000FFFFFFFFFFFFFFFF00000C00
09BAC1000043000F49E38F6D00000000800000000000B81EE5413D8A74441F259443F628124214AE00C29A9905C15C8FB241000000800AD7233C8FC2953F000000000000000000000000
09CAC0DD0027000F49E38FA50000000000000200000031083042CFF33442B8AE05009CF7030028390000410C0000
09AAC0DD0058000F49E3912300000000000000B4C856400E2D524085EB5140000080BF4E62504000004040CFF75340DD24863F6766E63FCDCC4CBE33130D44000080BFCDCC4C3E9A9999BECDCCCCBD00000000010101000101010107000000
09DAC0BD0099000F49E3922C00000000000703000100012F7661722F70697361742F646174612F636170747572655F332E6A70670000000000000000000000000000000000000000000000000000000000000000000000000000000000000000000000000000000000000000000000000000000000000000000000000000000000000000000000000000000000000000000000000000008E3502006F92676A00
19DAC00000010200
08ADC0F100AD000F49E45B0F000000000000010001011F0000000300000000000000000000000000000000000000000010270000F1000000F0000000630B0000EF000000F1000000FFFFFFFFFFFFFFFFFFFFFFFFFFFFFFFFFFFFFFFFFFFFFFFFFFFFFFFFFFFFFFFFFFFFFFFFFFFFFFFFFFFFFFFFFFFFFFFFFFFFFFFFFFFFFFFFFFFFFFFFFFFFFFFFFFFFFFFFFFFFFFFFFFFFFFFFFFFFFFFFFFFFFFFFFFFFFFFFFFFFFFFFFFFFFFFFFFFFFFFFFFFFFFFFFFFFFFFF
08B8C0F10069000F49E45B4E000000000000010001000100000000000000000000000000000000003C0B0000000000002F63662F64735F66696C7465725F74626C2E74626C00000000000000000000000000000000000000000000000000000000000000000000000000000000000000
089BC0F40015000F49E45EB900000000000000000000000003001400
08A7C0F500A5000F49E463DC0000000000000300FFFFFFFFFFFFFFFFFFFFFFFFFFFFFFFFFFFFFFFFFFFFFFFFFFFFFFFFFFFFFFFFFFFFFFFFFFFFFFFFFFFFFFFF333333333333333333333333333333333333333333333333333333333333333333333333333333333333333333333333333333333333333333333333333333333333333333333333333333333333333333333333333333330000000000000000000000000000000000000000
0887C0F4005D000F49E468F600000000000000000000000000000000000000000000000000000000000000000000000000000000000000000000000000000000000000000000000000000000000000000000000000000000000000000000000000000000
0897C0F4003D000F49E500240000000000000101D8950000000000006B75010099000516CA000000020000002E04000029000000C4030000840000000000630063000100
08A4C0EF0045000F49E60CCF0000000001000101010101010100000000000000000000000000000000000000000000000000000018340000000000000000000000000000000000002D000000
09BAC1010043000F49E61FBA000000008000010101003333E5419A897444E13A9443B81E1242CDCCF8C1E17A00C185EBD3410AD723BC8FC2F53CE17A943F000000000000000000000000
088AC0F40013000F49E626750000000001000002000000000000
0890C0F1003D000F49E6599A0000000000000000000000000000000000000000000000000000000000000000000000000000000000000000000000000100010001000100
08AAC0F40049000F49E67334000000000002000007000000000000000200000000000000060000000000000000000000000000000000000000000000803E0000803E0000FFFFFFFFFFFFFFFF00000C00
08ADC0F200AD000F49E6E600000000000000010001011F0000000300000000000000000000000000000000000000000010270000F2000000F10000006C0B0000F0000000F2000000FFFFFFFFFFFFFFFFFFFFFFFFFFFFFFFFFFFFFFFFFFFFFFFFFFFFFFFFFFFFFFFFFFFFFFFFFFFFFFFFFFFFFFFFFFFFFFFFFFFFFFFFFFFFFFFFFFFFFFFFFFFFFFFFFFFFFFFFFFFFFFFFFFFFFFFFFFFFFFFFFFFFFFFFFFFFFFFFFFFFFFFFFFFFFFFFFFFFFFFFFFFFFFFFFFFFFFFF
08B8C0F20069000F49E7148E00000000000001000100010000000000000000000000000000000000480B0000000000002F63662F64735F66696C7465725F74626C2E74626C00000000000000000000000000000000000000000000000000000000000000000000000000000000000000
089BC0F50015000F49E72E2500000000000000000000000003001400
08A7C0F600A5000F49E747C10000000000000300FFFFFFFFFFFFFFFFFFFFFFFFFFFFFFFFFFFFFFFFFFFFFFFFFFFFFFFFFFFFFFFFFFFFFFFFFFFFFFFFFFFFFFFF333333333333333333333333333333333333333333333333333333333333333333333333333333333333333333333333333333333333333333333333333333333333333333333333333333333333333333333333333333330000000000000000000000000000000000000000
0887C0F5005D000F49E7615800000000000000000000000000000000000000000000000000000000000000000000000000000000000000000000000000000000000000000000000000000000000000000000000000000000000000000000000000000000
09BAC1020043000F49E78A5F000000008100000000003333E5419A897444E13A9443B81E1242CDCCF8C1E17A00C185EBD3410AD723BC8FC2F53CE17A943F000000000000000000000000
09CAC0DE0027000F49E78AA9000000000000020000001B2F32423C3CBC41B8AE05008CF7030028390000410C0000
09AAC0DE0058000F49E78C03000000000000007D3F554023DB3940986E5240000080BFC5205040F8534340C74B5740CBA1853F9A99193FCDCCCCBECD4C1144000080BF9A99993E000000009A99D93FCDCCCC3D010101000101010107000000
09DAC0BE0099000F49E78D1600000000000904000100012F7661722F70697361742F646174612F636170747572655F342E6A7067000000000000000000000000000000000000000000000000000000000000000000000000000000000000000000000000000000000000000000000000000000000000000000000000000000000000000000000000000000000000000000000000000000A01F02006493676A00
0897C0F5003D000F49E85A1200000000000001015396000000000000897601009B001416CA000000020000003304000029000000C7030000850000002300530063000100
188CC00000011000
188CC00000010B00
189FC00000010C00
189FC00000010800
185AC00000811D00737469785F6C6F675F303030342E6A736F6E000000000000000000000000000000000000000000000000000000000000000000000000000000000000000000002F6C6F67732F737469785F6C6F672E6A736F6E000000000000000000000000000000000000000000000000000000000000000000000000000000000000000000
08A4C0F00045000F49EA0A4F0000000003000101010101010100000000000000000000000000000000000000000000000000000018340000000000000000000000000000000000002E000000
088AC0F50013000F49EA23F50000000003000003000000000000
0890C0F2003D000F49EA571A0000000000000000000000000000000000000000000000000000000000000000000000000000000000000000000000000100010001000100
08AAC0F50049000F49EA70B5000000000002000007000000000000000200000000000000060000000000000000000000000000000000000000000000803E0000803E0000FFFFFFFFFFFFFFFF00000C00
08ADC0F300AD000F49EAE353000000000000010001011F0000000300000000000000000000000000000000000000000010270000F3000000F1000000760B0000F0000000F2000000FFFFFFFFFFFFFFFFFFFFFFFFFFFFFFFFFFFFFFFFFFFFFFFFFFFFFFFFFFFFFFFFFFFFFFFFFFFFFFFFFFFFFFFFFFFFFFFFFFFFFFFFFFFFFFFFFFFFFFFFFFFFFFFFFFFFFFFFFFFFFFFFFFFFFFFFFFFFFFFFFFFFFFFFFFFFFFFFFFFFFFFFFFFFFFFFFFFFFFFFFFFFFFFFFFFFFFFF
08B8C0F30069000F49EB199E000000000000010001000100000000000000000000000000000000005B0B0000000000002F63662F64735F66696C7465725F74626C2E74626C00000000000000000000000000000000000000000000000000000000000000000000000000000000000000
089BC0F60015000F49EB333400000000000000000000000003001400
08A7C0F700A5000F49EB4CD00000000000000300FFFFFFFFFFFFFFFFFFFFFFFFFFFFFFFFFFFFFFFFFFFFFFFFFFFFFFFFFFFFFFFFFFFFFFFFFFFFFFFFFFFFFFFF333333333333333333333333333333333333333333333333333333333333333333333333333333333333333333333333333333333333333333333333333333333333333333333333333333333333333333333333333333330000000000000000000000000000000000000000
0887C0F6005D000F49EB666900000000000000000000000000000000000000000000000000000000000000000000000000000000000000000000000000000000000000000000000000000000000000000000000000000000000000000000000000000000
0897C0F6003D000F49EC2B850000000000000101DD96000000000000F47701009B002516CC000000020000003604000029000000CB030000850000001100630000000100
09BAC1030043000F49EC8F9200000000810001010100AE47E541F6887444B83E94437B1412426666F4C1000020C1CDCCCC41000000000AD7A33C3D0A973F000000000000000000000000
09CAC0DF0027000F49EC8FC900000000000002000000310830426593ED41B8AE0500B8F7030028390000410C0000
09AAC0DF0058000F49EC911F00000000000000068155409318444085EB5140000080BF4E625040F4FD54402B875640B81E853FCDCCCC3D000000BF00000E44000080BF000000009A99993E6766A63FCDCC4CBE010101000101010107000000
09DAC0BF0099000F49EC924A00000000000904000100012F7661722F70697361742F646174612F636170747572655F342E6A7067000000000000000000000000000000000000000000000000000000000000000000000000000000000000000000000000000000000000000000000000000000000000000000000000000000000000000000000000000000000000000000000000000000A01F02006493676A00
08A4C0F10045000F49ED07BF0000000003000101010101010100000000000000000000000000000000000000000000000000000018340000000000000000000000000000000000002E000000
088AC0F60013000F49ED21660000000003000003000000000000
0890C0F3003D000F49ED548B0000000000000000000000000000000000000000000000000000000000000000000000000000000000000000000000000100010001000100
08AAC0F60049000F49ED6E25000000000002000007000000000000000200000000000000060000000000000000000000000000000000000000000000803E0000803E0000FFFFFFFFFFFFFFFF00000C00
08ADC0F400AD000F49EDE695000000000000010001011F0000000300000000000000000000000000000000000000000010270000F4000000F2000000810B0000F1000000F3000000FFFFFFFFFFFFFFFFFFFFFFFFFFFFFFFFFFFFFFFFFFFFFFFFFFFFFFFFFFFFFFFFFFFFFFFFFFFFFFFFFFFFFFFFFFFFFFFFFFFFFFFFFFFFFFFFFFFFFFFFFFFFFFFFFFFFFFFFFFFFFFFFFFFFFFFFFFFFFFFFFFFFFFFFFFFFFFFFFFFFFFFFFFFFFFFFFFFFFFFFFFFFFFFFFFFFFFFF
09BAC1040043000F49EF8F6F00000000820000000000AE47E541F6887444B83E94437B1412426666F4C1000020C1CDCCCC41000000000AD7A33C3D0A973F000000000000000000000000
09CAC0E00027000F49EF8FA80000000000000200000048E12D422FA7E841B8AE0500F8F7030028390000410C0000
09AAC0E00058000F49EF911C000000000000000AD74340DD24464085EB5140000080BF4E6250403D0A574058395440CBA1853FCDCCCCBD000000BF9AF90C44000080BF0000000033331340CDCCCCBDCDCCCCBD010101000101010107000000
09DAC0C00099000F49EF923200000000000904000100012F7661722F70697361742F646174612F636170747572655F342E6A7067000000000000000000000000000000000000000000000000000000000000000000000000000000000000000000000000000000000000000000000000000000000000000000000000000000000000000000000000000000000000000000000000000000A01F02006493676A00
08A4C0F20045000F49F04A930000000003000101010101010100000000000000000000000000000000000000000000000000000018340000000000000000000000000000000000002E000000
088AC0F70013000F49F04F6C0000000003000003000000000000
0890C0F4003D000F49F059990000000000000000000000000000000000000000000000000000000000000000000000000000000000000000000000000100010001000100
08AAC0F70049000F49F07334000000000002000007000000000000000200000000000000060000000000000000000000000000000000000000000000803E0000803E0000FFFFFFFFFFFFFFFF00000C00
08B8C0F40069000F49F1148E00000000000001000100010000000000000000000000000000000000890B0000000000002F63662F64735F66696C7465725F74626C2E74626C00000000000000000000000000000000000000000000000000000000000000000000000000000000000000
089BC0F70015000F49F12E2500000000000000000000000003001400
08A7C0F800A5000F49F147C00000000000000300FFFFFFFFFFFFFFFFFFFFFFFFFFFFFFFFFFFFFFFFFFFFFFFFFFFFFFFFFFFFFFFFFFFFFFFFFFFFFFFFFFFFFFFF333333333333333333333333333333333333333333333333333333333333333333333333333333333333333333333333333333333333333333333333333333333333333333333333333333333333333333333333333333330000000000000000000000000000000000000000
08ADC0F500AD000F49F18F34000000000000010001011F0000000300000000000000000000000000000000000000000010270000F5000000F30000008C0B0000F2000000F4000000FFFFFFFFFFFFFFFFFFFFFFFFFFFFFFFFFFFFFFFFFFFFFFFFFFFFFFFFFFFFFFFFFFFFFFFFFFFFFFFFFFFFFFFFFFFFFFFFFFFFFFFFFFFFFFFFFFFFFFFFFFFFFFFFFFFFFFFFFFFFFFFFFFFFFFFFFFFFFFFFFFFFFFFFFFFFFFFFFFFFFFFFFFFFFFFFFFFFFFFFFFFFFFFFFFFFFFFF
0887C0F7005D000F49F1920300000000000000000000000000000000000000000000000000000000000000000000000000000000000000000000000000000000000000000000000000000000000000000000000000000000000000000000000000000000
0897C0F7003D000F49F2051A0000000000000101E2970000000000007B7A01009D004D16CD000000020000003E04000029000000D2030000870000000200630000000101
08A4C0F30045000F49F421590000000003000101010101010100000000000000000000000000000000000000000000000000000018340000000000000000000000000000000000002E000000
088AC0F80013000F49F426840000000003000003000000000000
0890C0F5003D000F49F4548B0000000000000000000000000000000000000000000000000000000000000000000000000000000000000000000000000100010001000100
08AAC0F80049000F49F46E26000000000002000007000000000000000200000000000000060000000000000000000000000000000000000000000000803E0000803E0000FFFFFFFFFFFFFFFF00000C00
09BAC1050043000F49F48A8200000000820001010100AE47E5413D8A7444CD2C94437B14124252B8EAC16666FEC0E17ADA410AD7233D0AD7A33C85EB913F000000000000000000000000
09CAC0E10027000F49F48AB800000000000002000000310830423E06EF41B8AE05001CF8030028390000410C0000
09AAC0E10058000F49F48C0C0000000000000004564E40BC745340986E5240000080BF4E625040B4C85640986E5240DD24863FCDCC4CBECDCC4C3ECD2C1144000080BFCDCCCC3D9A99D93FCDCCCCBECDCCCCBD010101000101010107000000
09DAC0C10099000F49F48D3100000000000904000100012F7661722F70697361742F646174612F636170747572655F342E6A7067000000000000000000000000000000000000000000000000000000000000000000000000000000000000000000000000000000000000000000000000000000000000000000000000000000000000000000000000000000000000000000000000000000A01F02006493676A00
08B8C0F50069000F49F5148E000000000000010001000100000000000000000000000000000000009F0B0000000000002F63662F64735F66696C7465725F74626C2E74626C00000000000000000000000000000000000000000000000000000000000000000000000000000000000000
08ADC0F600AD000F49F55DBE000000000000010001011F0000000300000000000000000000000000000000000000000010270000F6000000F4000000970B0000F3000000F5000000FFFFFFFFFFFFFFFFFFFFFFFFFFFFFFFFFFFFFFFFFFFFFFFFFFFFFFFFFFFFFFFFFFFFFFFFFFFFFFFFFFFFFFFFFFFFFFFFFFFFFFFFFFFFFFFFFFFFFFFFFFFFFFFFFFFFFFFFFFFFFFFFFFFFFFFFFFFFFFFFFFFFFFFFFFFFFFFFFFFFFFFFFFFFFFFFFFFFFFFFFFFFFFFFFFFFFFFF
089BC0F80015000F49F55EF800000000000000000000000003001400
08A7C0F900A5000F49F563F00000000000000300FFFFFFFFFFFFFFFFFFFFFFFFFFFFFFFFFFFFFFFFFFFFFFFFFFFFFFFFFFFFFFFFFFFFFFFFFFFFFFFFFFFFFFFF333333333333333333333333333333333333333333333333333333333333333333333333333333333333333333333333333333333333333333333333333333333333333333333333333333333333333333333333333333330000000000000000000000000000000000000000
0887C0F8005D000F49F5690800000000000000000000000000000000000000000000000000000000000000000000000000000000000000000000000000000000000000000000000000000000000000000000000000000000000000000000000000000000
0897C0F8003D000F49F5FAF0000000000000010183980000000000000B7C01009D006416CE000000020000004204000029000000D5030000870000006200630063000100
08A4C0F40045000F49F740080000000003000101010101010100000000000000000000000000000000000000000000000000000018340000000000000000000000000000000000002E000000
088AC0F90013000F49F745330000000003000003000000000000
0890C0F6003D000F49F7599C0000000000000000000000000000000000000000000000000000000000000000000000000000000000000000000000000100010001000100
08AAC0F90049000F49F77335000000000002000007000000000000000200000000000000060000000000000000000000000000000000000000000000803E0000803E0000FFFFFFFFFFFFFFFF00000C00
08ADC0F700AD000F49F7E8B9000000000000010001011F0000000300000000000000000000000000000000000000000010270000F6000000F40000009C0B0000F3000000F5000000FFFFFFFFFFFFFFFFFFFFFFFFFFFFFFFFFFFFFFFFFFFFFFFFFFFFFFFFFFFFFFFFFFFFFFFFFFFFFFFFFFFFFFFFFFFFFFFFFFFFFFFFFFFFFFFFFFFFFFFFFFFFFFFFFFFFFFFFFFFFFFFFFFFFFFFFFFFFFFFFFFFFFFFFFFFFFFFFFFFFFFFFFFFFFFFFFFFFFFFFFFFFFFFFFFFFFFFF
08B8C0F60069000F49F8199D00000000000001000100010000000000000000000000000000000000AD0B0000000000002F63662F64735F66696C7465725F74626C2E74626C00000000000000000000000000000000000000000000000000000000000000000000000000000000000000
089BC0F90015000F49F8333400000000000000000000000003001400
08A7C0FA00A5000F49F84CD00000000000000300FFFFFFFFFFFFFFFFFFFFFFFFFFFFFFFFFFFFFFFFFFFFFFFFFFFFFFFFFFFFFFFFFFFFFFFFFFFFFFFFFFFFFFFF333333333333333333333333333333333333333333333333333333333333333333333333333333333333333333333333333333333333333333333333333333333333333333333333333333333333333333333333333333330000000000000000000000000000000000000000
0887C0F9005D000F49F8666700000000000000000000000000000000000000000000000000000000000000000000000000000000000000000000000000000000000000000000000000000000000000000000000000000000000000000000000000000000
09BAC1060043000F49F88F6E00000000830000000000AE47E5413D8A7444CD2C94437B14124252B8EAC16666FEC0E17ADA410AD7233D0AD7A33C85EB913F000000000000000000000000
09CAC0E20027000F49F88FA50000000000000200000031083042C31FFA41B8AE050098F8030028390000410C0000
09AAC0E20058000F49F89117000000000000003BDF4F408FC255400E2D5240000080BFC52050406ABC5440E9263140CBA1853F000000009A99D93F00801244000080BF000000009A99993ECDCCCCBE9A9999BE010101000101010107000000
09DAC0C20099000F49F8921500000000000904000100012F7661722F70697361742F646174612F636170747572655F342E6A7067000000000000000000000000000000000000000000000000000000000000000000000000000000000000000000000000000000000000000000000000000000000000000000000000000000000000000000000000000000000000000000000000000000A01F02006493676A00
0897C0F9003D000F49F92E1C0000000000000101FD98000000000000397D01009E007B16CE000000020000004604000029000000D9030000870000001200630000000100
08A4C0F50045000F49FA07BF0000000003000101010101010100000000000000000000000000000000000000000000000000000018340000000000000000000000000000000000002E000000
088AC0FA0013000F49FA21650000000003000003000000000000
0890C0F7003D000F49FA548B0000000000000000000000000000000000000000000000000000000000000000000000000000000000000000000000000100010001000100
08AAC0FA0049000F49FA6E25000000000002000007000000000000000200000000000000060000000000000000000000000000000000000000000000803E0000803E0000FFFFFFFFFFFFFFFF00000C00
08ADC0F800AD000F49FAB6F4000000000000010001011F0000000300000000000000000000000000000000000000000010270000F7000000F5000000A40B0000F4000000F6000000FFFFFFFFFFFFFFFFFFFFFFFFFFFFFFFFFFFFFFFFFFFFFFFFFFFFFFFFFFFFFFFFFFFFFFFFFFFFFFFFFFFFFFFFFFFFFFFFFFFFFFFFFFFFFFFFFFFFFFFFFFFFFFFFFFFFFFFFFFFFFFFFFFFFFFFFFFFFFFFFFFFFFFFFFFFFFFFFFFFFFFFFFFFFFFFFFFFFFFFFFFFFFFFFFFFFFFFF
08B8C0F70069000F49FB171E00000000000001000100010000000000000000000000000000000000C50B0000000000002F63662F64735F66696C7465725F74626C2E74626C00000000000000000000000000000000000000000000000000000000000000000000000000000000000000
089BC0FA0015000F49FB30B400000000000000000000000003001400
08A7C0FB00A5000F49FB82A40000000000000300FFFFFFFFFFFFFFFFFFFFFFFFFFFFFFFFFFFFFFFFFFFFFFFFFFFFFFFFFFFFFFFFFFFFFFFFFFFFFFFFFFFFFFFF333333333333333333333333333333333333333333333333333333333333333333333333333333333333333333333333333333333333333333333333333333333333333333333333333333333333333333333333333333330000000000000000000000000000000000000000
0887C0FA005D000F49FB87BF00000000000000000000000000000000000000000000000000000000000000000000000000000000000000000000000000000000000000000000000000000000000000000000000000000000000000000000000000000000
0897C0FA003D000F49FC0A4400000000000001019A99000000000000C97E01009E009C16CF000000020000004A04000029000000DD030000890000000400630000000101
09BAC1070043000F49FC8D0900000000830001010100295CE541F6887444B83E944300001242A470E9C100000CC10000DA410AD7A33C8FC2F53CE17A943F000000000000000000000000
09CAC0E30027000F49FC8D3F000000000000020000003108304263F2E941B8AE0500B0F8030028390000410C0000
09AAC0E30058000F49FC8E9500000000000000A24556401904564085EB5140000080BF3BDF4F40AAF152409CC44040CBA1853FCDCCCC3ECDCC8C3F67E61244000080BFCDCC4C3E00000000333333BF9A9999BE010101000101010107000000
09DAC0C30099000F49FC8FC300000000000904000100012F7661722F70697361742F646174612F636170747572655F342E6A7067000000000000000000000000000000000000000000000000000000000000000000000000000000000000000000000000000000000000000000000000000000000000000000000000000000000000000000000000000000000000000000000000000000A01F02006493676A00
08A4C0F60045000F49FE0A460000000003000101010101010100000000000000000000000000000000000000000000000000000018340000000000000000000000000000000000002F000000
088AC0FB0013000F49FE23EB0000000003000003000000000000
08ADC0F900AD000F49FE8877000000000000010001011F0000000300000000000000000000000000000000000000000010270000F8000000F6000000AF0B0000F5000000F7000000FFFFFFFFFFFFFFFFFFFFFFFFFFFFFFFFFFFFFFFFFFFFFFFFFFFFFFFFFFFFFFFFFFFFFFFFFFFFFFFFFFFFFFFFFFFFFFFFFFFFFFFFFFFFFFFFFFFFFFFFFFFFFFFFFFFFFFFFFFFFFFFFFFFFFFFFFFFFFFFFFFFFFFFFFFFFFFFFFFFFFFFFFFFFFFFFFFFFFFFFFFFFFFFFFFFFFFFF
0890C0F8003D000F49FE8A480000000000000000000000000000000000000000000000000000000000000000000000000000000000000000000000000100010001000100
08AAC0FB0049000F49FE8F65000000000002000007000000000000000200000000000000060000000000000000000000000000000000000000000000803E0000803E0000FFFFFFFFFFFFFFFF00000C00
08B8C0F80069000F49FF149000000000000001000100010000000000000000000000000000000000DC0B0000000000002F63662F64735F66696C7465725F74626C2E74626C00000000000000000000000000000000000000000000000000000000000000000000000000000000000000
089BC0FB0015000F49FF2E2500000000000000000000000003001400
08A7C0FC00A5000F49FF47C10000000000000300FFFFFFFFFFFFFFFFFFFFFFFFFFFFFFFFFFFFFFFFFFFFFFFFFFFFFFFFFFFFFFFFFFFFFFFFFFFFFFFFFFFFFFFF333333333333333333333333333333333333333333333333333333333333333333333333333333333333333333333333333333333333333333333333333333333333333333333333333333333333333333333333333333330000000000000000000000000000000000000000
0887C0FB005D000F49FF615800000000000000000000000000000000000000000000000000000000000000000000000000000000000000000000000000000000000000000000000000000000000000000000000000000000000000000000000000000000
0897C0FB003D000F49FFFAF000000000000001013B9A000000000000598001009E00B316CF000000020000004E04000029000000E0030000890000006200630063000101
09BAC1080043000F4A00CA5400000000840000000000295CE541F6887444B83E944300001242A470E9C100000CC10000DA410AD7A33C8FC2F53CE17A943F000000000000000000000000
09CAC0E40027000F4A00CA8B00000000000002000000310830425BD6E141B8AE0500B0F8030028390000410C0000
09AAC0E40058000F4A00CC00000000000000008FC25540AAF1524073685140000080BFB29D4F40C74B374037894140CBA1853FCDCC0C409A99993E9A191544000080BF00000000CDCC4CBE9A9999BECDCC4CBE010101000101010107000000
09DAC0C40099000F4A00CD2700000000000904000100012F7661722F70697361742F646174612F636170747572655F342E6A7067000000000000000000000000000000000000000000000000000000000000000000000000000000000000000000000000000000000000000000000000000000000000000000000000000000000000000000000000000000000000000000000000000000A01F02006493676A00
08A4C0F70045000F4A0123DE0000000003000101010101010100000000000000000000000000000000000000000000000000000018340000000000000000000000000000000000002F000000
088AC0FC0013000F4A0129100000000003000003000000000000
0890C0F9003D000F4A01599B0000000000000000000000000000000000000000000000000000000000000000000000000000000000000000000000000100010001000100
08AAC0FC0049000F4A017335000000000002000007000000000000000200000000000000060000000000000000000000000000000000000000000000803E0000803E0000FFFFFFFFFFFFFFFF00000C00
08ADC0FA00AD000F4A0258B5000000000000010001011F0000000300000000000000000000000000000000000000000010270000F8000000F6000000B90B0000F5000000F7000000FFFFFFFFFFFFFFFFFFFFFFFFFFFFFFFFFFFFFFFFFFFFFFFFFFFFFFFFFFFFFFFFFFFFFFFFFFFFFFFFFFFFFFFFFFFFFFFFFFFFFFFFFFFFFFFFFFFFFFFFFFFFFFFFFFFFFFFFFFFFFFFFFFFFFFFFFFFFFFFFFFFFFFFFFFFFFFFFFFFFFFFFFFFFFFFFFFFFFFFFFFFFFFFFFFFFFFFF
08B8C0F90069000F4A0258F600000000000001000100010000000000000000000000000000000000E90B0000000000002F63662F64735F66696C7465725F74626C2E74626C00000000000000000000000000000000000000000000000000000000000000000000000000000000000000
089BC0FC0015000F4A025C2B00000000000000000000000003001400
08A7C0FD00A5000F4A02614C0000000000000300FFFFFFFFFFFFFFFFFFFFFFFFFFFFFFFFFFFFFFFFFFFFFFFFFFFFFFFFFFFFFFFFFFFFFFFFFFFFFFFFFFFFFFFF333333333333333333333333333333333333333333333333333333333333333333333333333333333333333333333333333333333333333333333333333333333333333333333333333333333333333333333333333333330000000000000000000000000000000000000000
0887C0FC005D000F4A02666700000000000000000000000000000000000000000000000000000000000000000000000000000000000000000000000000000000000000000000000000000000000000000000000000000000000000000000000000000000
0897C0FC003D000F4A02001F0000000000000101B59A000000000000878101009F00C916CF000000020000005204000029000000E40300008A0000000000630063000101
08A4C0F80045000F4A030CCF0000000003000101010101010100000000000000000000000000000000000000000000000000000018340000000000000000000000000000000000002F000000
088AC0FD0013000F4A0326750000000003000003000000000000
0890C0FA003D000F4A03599B0000000000000000000000000000000000000000000000000000000000000000000000000000000000000000000000000100010001000100
08AAC0FD0049000F4A037335000000000002000007000000000000000200000000000000060000000000000000000000000000000000000000000000803E0000803E0000FFFFFFFFFFFFFFFF00000C00
09BAC1090043000F4A038F9400000000840001010100A470E541E18A7444711D944385EB11427B1400C25C8FAAC0CDCCCE418FC2F53C0AD7233CD7A3903F000000000000000000000000
09CAC0E50027000F4A038FC80000000000000200000048E12D429C2CC341B8AE0500BCF8030028390000410C0000
09AAC0E50058000F4A03911E00000000000000C74B574021B052400E2D5240000080BFC520504077BE3F4058395440DD24863FCDCC0C40CDCC4CBECDCC1044000080BF000000009A9999BECDCCCCBDCDCC4CBE010101000101010107000000
09DAC0C50099000F4A03924800000000000904000100012F7661722F70697361742F646174612F636170747572655F342E6A7067000000000000000000000000000000000000000000000000000000000000000000000000000000000000000000000000000000000000000000000000000000000000000000000000000000000000000000000000000000000000000000000000000000A01F02006493676A00
08ADC0FB00AD000F4A03E215000000000000010001011F0000000300000000000000000000000000000000000000000010270000F9000000F7000000C20B0000F6000000F8000000FFFFFFFFFFFFFFFFFFFFFFFFFFFFFFFFFFFFFFFFFFFFFFFFFFFFFFFFFFFFFFFFFFFFFFFFFFFFFFFFFFFFFFFFFFFFFFFFFFFFFFFFFFFFFFFFFFFFFFFFFFFFFFFFFFFFFFFFFFFFFFFFFFFFFFFFFFFFFFFFFFFFFFFFFFFFFFFFFFFFFFFFFFFFFFFFFFFFFFFFFFFFFFFFFFFFFFFF
08B8C0FA0069000F4A04148E00000000000001000100010000000000000000000000000000000000FE0B0000000000002F63662F64735F66696C7465725F74626C2E74626C00000000000000000000000000000000000000000000000000000000000000000000000000000000000000
089BC0FD0015000F4A042E2500000000000000000000000003001400
08A7C0FE00A5000F4A0447C00000000000000300FFFFFFFFFFFFFFFFFFFFFFFFFFFFFFFFFFFFFFFFFFFFFFFFFFFFFFFFFFFFFFFFFFFFFFFFFFFFFFFFFFFFFFFF333333333333333333333333333333333333333333333333333333333333333333333333333333333333333333333333333333333333333333333333333333333333333333333333333333333333333333333333333333330000000000000000000000000000000000000000
0887C0FD005D000F4A04615800000000000000000000000000000000000000000000000000000000000000000000000000000000000000000000000000000000000000000000000000000000000000000000000000000000000000000000000000000000
0897C0FD003D000F4A05572A00000000000001012E9B000000000000A2820100A100D916D0000000020000005704000029000000E70300008B0000002200500063000100
09BAC10A0043000F4A05D6E600000000850000000000A470E541E18A7444711D944385EB11427B1400C25C8FAAC0CDCCCE418FC2F53C0AD7233CD7A3903F000000000000000000000000
09BAC10B0043000F4A05D725000000008500010101001F85E5419A897444C3359443CDCC114252B8E6C17B14EEC0EC51C6418FC2F53C0AD7A33C3333933F000000000000000000000000
09CAC0E60027000F4A05D7590000000000000200000048E12D4264771842B8AE0500D0F8030028390000410C0000
09AAC0E60058000F4A05D89F000000000000007D3F5540F2D24D4060E55040000080BF85EB5140B81E45402B875640DD24863F9A99993FCDCCCCBE33B3CB43000080BFCDCCCC3D9A9999BE9A99993ECDCC4CBE010101000101010107000000
08A4C0F90045000F4A070A4F0000000003000101010101010100000000000000000000000000000000000000000000000000000018340000000000000000000000000000000000002F000000
088AC0FE0013000F4A0723F40000000003000003000000000000
0890C0FB003D000F4A07571A0000000000000000000000000000000000000000000000000000000000000000000000000000000000000000000000000100010001000100
08AAC0FE0049000F4A0770B5000000000002000007000000000000000200000000000000060000000000000000000000000000000000000000000000803E0000803E0000FFFFFFFFFFFFFFFF00000C00
08ADC0FC00AD000F4A07E03C000000000000010001011F0000000300000000000000000000000000000000000000000010270000FA000000F7000000CC0B0000F6000000F8000000FFFFFFFFFFFFFFFFFFFFFFFFFFFFFFFFFFFFFFFFFFFFFFFFFFFFFFFFFFFFFFFFFFFFFFFFFFFFFFFFFFFFFFFFFFFFFFFFFFFFFFFFFFFFFFFFFFFFFFFFFFFFFFFFFFFFFFFFFFFFFFFFFFFFFFFFFFFFFFFFFFFFFFFFFFFFFFFFFFFFFFFFFFFFFFFFFFFFFFFFFFFFFFFFFFFFFFFF
08B8C0FB0069000F4A08199E00000000000001000100010000000000000000000000000000000000110C0000000000002F63662F64735F66696C7465725F74626C2E74626C00000000000000000000000000000000000000000000000000000000000000000000000000000000000000
089BC0FE0015000F4A08333400000000000000000000000003001400
08A7C0FF00A5000F4A084CD00000000000000300FFFFFFFFFFFFFFFFFFFFFFFFFFFFFFFFFFFFFFFFFFFFFFFFFFFFFFFFFFFFFFFFFFFFFFFFFFFFFFFFFFFFFFFF333333333333333333333333333333333333333333333333333333333333333333333333333333333333333333333333333333333333333333333333333333333333333333333333333333333333333333333333333333330000000000000000000000000000000000000000
0887C0FE005D000F4A08666800000000000000000000000000000000000000000000000000000000000000000000000000000000000000000000000000000000000000000000000000000000000000000000000000000000000000000000000000000000
09BAC10C0043000F4A088F6D000000008600000000001F85E5419A897444C3359443CDCC114252B8E6C17B14EEC0EC51C6418FC2F53C0AD7A33C3333933F000000000000000000000000
09CAC0E70027000F4A088FA50000000000000200000048E12D42BF1AB341B8AE0500D0F8030028390000410C0000
09AAC0E70058000F4A08911E00000000000000F4FD5440F6283C4085EB5140000080BFC52050406F12434062105840DD24863F0000003F000000BF9A790D44000080BF000000009A9999BECDCCCC3F9A9999BE010101000101010107000000
09DAC0C60099000F4A08921B00000000000904000100012F7661722F70697361742F646174612F636170747572655F342E6A7067000000000000000000000000000000000000000000000000000000000000000000000000000000000000000000000000000000000000000000000000000000000000000000000000000000000000000000000000000000000000000000000000000000A01F02006493676A00
0897C0FE003D000F4A0928F60000000000000101BD9B0000000000000E840100A100EB16D3000000020000005A04000029000000EB0300008B0000001000630000000100
08A4C0FA0045000F4A0A07C00000000003000101010101010100000000000000000000000000000000000000000000000000000018340000000000000000000000000000000000002F000000
088AC0FF0013000F4A0A21650000000003000003000000000000
0890C0FC003D000F4A0A548B0000000000000000000000000000000000000000000000000000000000000000000000000000000000000000000000000100010001000100
08AAC0FF0049000F4A0A6E26000000000002000007000000000000000200000000000000060000000000000000000000000000000000000000000000803E0000803E0000FFFFFFFFFFFFFFFF00000C00
08ADC0FD00AD000F4A0AE181000000000000010001011F0000000300000000000000000000000000000000000000000010270000FB000000F8000000D70B0000F7000000F9000000FFFFFFFFFFFFFFFFFFFFFFFFFFFFFFFFFFFFFFFFFFFFFFFFFFFFFFFFFFFFFFFFFFFFFFFFFFFFFFFFFFFFFFFFFFFFFFFFFFFFFFFFFFFFFFFFFFFFFFFFFFFFFFFFFFFFFFFFFFFFFFFFFFFFFFFFFFFFFFFFFFFFFFFFFFFFFFFFFFFFFFFFFFFFFFFFFFFFFFFFFFFFFFFFFFFFFFFF
09BAC10D0043000F4A0B8F93000000008600010101001F85E541E18A7444482194438FC21142AE47EDC17B14AEC0F628D241CDCC4C3D0000008085EB913F000000000000000000000000
09CAC0E80027000F4A0B8FCB0000000000000200000048E12D42C118EA41B8AE050060F9030028390000410C0000
09AAC0E80058000F4A0B911200000000000000B4C856409318444085EB5140000080BFC5205040986E52403D0A5740CBA1853FCDCCCC3E000000BF9AF91144000080BFCDCC4CBECDCC4CBE0000C03FCDCCCCBD010101000101010107000000
09DAC0C70099000F4A0B924300000000000904000100012F7661722F70697361742F646174612F636170747572655F342E6A7067000000000000000000000000000000000000000000000000000000000000000000000000000000000000000000000000000000000000000000000000000000000000000000000000000000000000000000000000000000000000000000000000000000A01F02006493676A00
08A4C0FB0045000F4A0D0CCE0000000003000101010101010100000000000000000000000000000000000000000000000000000018340000000000000000000000000000000000002F000000
088AC1000013000F4A0D6B2C0000000003000003000000000000
0890C0FD003D000F4A0D73340000000000000000000000000000000000000000000000000000000000000000000000000000000000000000000000000100010001000100
08AAC1000049000F4A0D7853000000000002000007000000000000000200000000000000060000000000000000000000000000000000000000000000803E0000803E0000FFFFFFFFFFFFFFFF00000C00
08B8C0FC0069000F4A0E148F00000000000001000100010000000000000000000000000000000000390C0000000000002F63662F64735F66696C7465725F74626C2E74626C00000000000000000000000000000000000000000000000000000000000000000000000000000000000000
089BC0FF0015000F4A0E2FEA00000000000000000000000003001400
08A7C10000A5000F4A0E47C10000000000000300FFFFFFFFFFFFFFFFFFFFFFFFFFFFFFFFFFFFFFFFFFFFFFFFFFFFFFFFFFFFFFFFFFFFFFFFFFFFFFFFFFFFFFFF333333333333333333333333333333333333333333333333333333333333333333333333333333333333333333333333333333333333333333333333333333333333333333333333333333333333333333333333333333330000000000000000000000000000000000000000
0887C0FF005D000F4A0E615800000000000000000000000000000000000000000000000000000000000000000000000000000000000000000000000000000000000000000000000000000000000000000000000000000000000000000000000000000000
08ADC0FE00AD000F4A0EF4DB000000000000010001011F0000000300000000000000000000000000000000000000000010270000FC000000F9000000E20B0000F8000000FA000000FFFFFFFFFFFFFFFFFFFFFFFFFFFFFFFFFFFFFFFFFFFFFFFFFFFFFFFFFFFFFFFFFFFFFFFFFFFFFFFFFFFFFFFFFFFFFFFFFFFFFFFFFFFFFFFFFFFFFFFFFFFFFFFFFFFFFFFFFFFFFFFFFFFFFFFFFFFFFFFFFFFFFFFFFFFFFFFFFFFFFFFFFFFFFFFFFFFFFFFFFFFFFFFFFFFFFFFF
09BAC10E0043000F4A0F8F6E000000008700000000001F85E541E18A7444482194438FC21142AE47EDC17B14AEC0F628D241CDCC4C3D0000008085EB913F000000000000000000000000
09CAC0E90027000F4A0F8FA70000000000000200000048E12D428D9CF441B8AE050064F9030028390000410C0000
09AAC0E90058000F4A0F910E0000000000000089414040F0A7464085EB5140000080BFC52050402B87564006815540DD24863FCDCCCCBD9A9999BE9AD90E44000080BFCDCCCCBD00000040CDCCCC3D000000BF010101000101010107000000
09DAC0C80099000F4A0F922F00000000000904000100012F7661722F70697361742F646174612F636170747572655F342E6A7067000000000000000000000000000000000000000000000000000000000000000000000000000000000000000000000000000000000000000000000000000000000000000000000000000000000000000000000000000000000000000000000000000000A01F02006493676A00
08A4C0FC0045000F4A1028F70000000003000101010101010100000000000000000000000000000000000000000000000000000018340000000000000000000000000000000000002F000000
088AC1010013000F4A102E220000000003000003000000000000
0890C0FE003D000F4A10599A0000000000000000000000000000000000000000000000000000000000000000000000000000000000000000000000000100010001000100
08AAC1010049000F4A107335000000000002000007000000000000000200000000000000060000000000000000000000000000000000000000000000803E0000803E0000FFFFFFFFFFFFFFFF00000C00
08B8C0FD0069000F4A11199D00000000000001000100010000000000000000000000000000000000460C0000000000002F63662F64735F66696C7465725F74626C2E74626C00000000000000000000000000000000000000000000000000000000000000000000000000000000000000
08ADC0FF00AD000F4A1163AC000000000000010001011F0000000300000000000000000000000000000000000000000010270000FC000000F9000000E80B0000F8000000FA000000FFFFFFFFFFFFFFFFFFFFFFFFFFFFFFFFFFFFFFFFFFFFFFFFFFFFFFFFFFFFFFFFFFFFFFFFFFFFFFFFFFFFFFFFFFFFFFFFFFFFFFFFFFFFFFFFFFFFFFFFFFFFFFFFFFFFFFFFFFFFFFFFFFFFFFFFFFFFFFFFFFFFFFFFFFFFFFFFFFFFFFFFFFFFFFFFFFFFFFFFFFFFFFFFFFFFFFFF
089BC1000015000F4A11666B00000000000000000000000003001400
08A7C10100A5000F4A116B890000000000000300FFFFFFFFFFFFFFFFFFFFFFFFFFFFFFFFFFFFFFFFFFFFFFFFFFFFFFFFFFFFFFFFFFFFFFFFFFFFFFFFFFFFFFFF333333333333333333333333333333333333333333333333333333333333333333333333333333333333333333333333333333333333333333333333333333333333333333333333333333333333333333333333333333330000000000000000000000000000000000000000
0887C100005D000F4A1170A500000000000000000000000000000000000000000000000000000000000000000000000000000000000000000000000000000000000000000000000000000000000000000000000000000000000000000000000000000000
0897C0FF003D000F4A1200200000000000000101249D0000000000008F870100A5001517D4000000020000006604000029000000F50300008D0000000000630063000101
08A4C0FD0045000F4A130CCF00000000030001010101010101000000000000000000000000000000000000000000000000000000183400000000000000000000000000000000000030000000
088AC1020013000F4A1326740000000003000003000000000000
0890C0FF003D000F4A13599A0000000000000000000000000000000000000000000000000000000000000000000000000000000000000000000000000100010001000100
08AAC1020049000F4A137335000000000002000007000000000000000200000000000000060000000000000000000000000000000000000000000000803E0000803E0000FFFFFFFFFFFFFFFF00000C00
09BAC10F0043000F4A138F93000000008700010101009A99E541F68874441F45944348E111425C8FF6C16666FEC08FC2D3418FC2F53C0AD7A33CE17A943F000000000000000000000000
09CAC0EA0027000F4A138FD6000000000000020000005EBA2B42B06BBD41B8AE050080F9030028390000410C0000
09AAC0EA0058000F4A13911D000000000000007B144E40A01A4F4085EB5140000080BF4E625040B4C85640AAF15240F0A7863FCDCCCCBDCDCCCCBECDEC0E44000080BF000000009A991940CDCC4CBECDCC4CBE010101000101010107000000
09DAC0C90099000F4A13925300000000000904000100012F7661722F70697361742F646174612F636170747572655F342E6A7067000000000000000000000000000000000000000000000000000000000000000000000000000000000000000000000000000000000000000000000000000000000000000000000000000000000000000000000000000000000000000000000000000000A01F02006493676A00
08ADC10000AD000F4A13ED0D000000000000010001011F0000000300000000000000000000000000000000000000000010270000FD000000FA000000F10B0000F9000000FB000000FFFFFFFFFFFFFFFFFFFFFFFFFFFFFFFFFFFFFFFFFFFFFFFFFFFFFFFFFFFFFFFFFFFFFFFFFFFFFFFFFFFFFFFFFFFFFFFFFFFFFFFFFFFFFFFFFFFFFFFFFFFFFFFFFFFFFFFFFFFFFFFFFFFFFFFFFFFFFFFFFFFFFFFFFFFFFFFFFFFFFFFFFFFFFFFFFFFFFFFFFFFFFFFFFFFFFFFF
08B8C0FE0069000F4A144296000000000000010001000100000000000000000000000000000000005A0C0000000000002F63662F64735F66696C7465725F74626C2E74626C00000000000000000000000000000000000000000000000000000000000000000000000000000000000000
089BC1010015000F4A1447E500000000000000000000000003001400
08A7C10200A5000F4A144CDB0000000000000300FFFFFFFFFFFFFFFFFFFFFFFFFFFFFFFFFFFFFFFFFFFFFFFFFFFFFFFFFFFFFFFFFFFFFFFFFFFFFFFFFFFFFFFF333333333333333333333333333333333333333333333333333333333333333333333333333333333333333333333333333333333333333333333333333333333333333333333333333333333333333333333333333333330000000000000000000000000000000000000000
0887C101005D000F4A14666800000000000000000000000000000000000000000000000000000000000000000000000000000000000000000000000000000000000000000000000000000000000000000000000000000000000000000000000000000000
0897C100003D000F4A1535C90000000000000101A39D000000000000BD880100A6002C17D5000000020000006A04000029000000F80300008E0000001500630000000101
08A4C0FE0045000F4A1707BE00000000030001010101010101000000000000000000000000000000000000000000000000000000183400000000000000000000000000000000000030000000
088AC1030013000F4A1721640000000003000003000000000000
0890C100003D000F4A17548A0000000000000000000000000000000000000000000000000000000000000000000000000000000000000000000000000100010001000100
08AAC1030049000F4A176E25000000000002000007000000000000000200000000000000060000000000000000000000000000000000000000000000803E0000803E0000FFFFFFFFFFFFFFFF00000C00
08ADC10100AD000F4A17BCBA000000000000010001011F0000000300000000000000000000000000000000000000000010270000FE000000FB000000F90B0000FA000000FC000000FFFFFFFFFFFFFFFFFFFFFFFFFFFFFFFFFFFFFFFFFFFFFFFFFFFFFFFFFFFFFFFFFFFFFFFFFFFFFFFFFFFFFFFFFFFFFFFFFFFFFFFFFFFFFFFFFFFFFFFFFFFFFFFFFFFFFFFFFFFFFFFFFFFFFFFFFFFFFFFFFFFFFFFFFFFFFFFFFFFFFFFFFFFFFFFFFFFFFFFFFFFFFFFFFFFFFFFF
08B8C0FF0069000F4A18171E00000000000001000100010000000000000000000000000000000000710C0000000000002F63662F64735F66696C7465725F74626C2E74626C00000000000000000000000000000000000000000000000000000000000000000000000000000000000000
089BC1020015000F4A18334200000000000000000000000003001400
08A7C10300A5000F4A184A500000000000000300FFFFFFFFFFFFFFFFFFFFFFFFFFFFFFFFFFFFFFFFFFFFFFFFFFFFFFFFFFFFFFFFFFFFFFFFFFFFFFFFFFFFFFFF333333333333333333333333333333333333333333333333333333333333333333333333333333333333333333333333333333333333333333333333333333333333333333333333333333333333333333333333333333330000000000000000000000000000000000000000
0887C102005D000F4A1863E700000000000000000000000000000000000000000000000000000000000000000000000000000000000000000000000000000000000000000000000000000000000000000000000000000000000000000000000000000000
09BAC1100043000F4A188CEE000000008800000000009A99E541F68874441F45944348E111425C8FF6C16666FEC08FC2D3418FC2F53C0AD7A33CE17A943F000000000000000000000000
09CAC0EB0027000F4A188D2700000000000002000000310830423E06EF41B8AE050084F9030028390000410C0000
09AAC0EB0058000F4A188E9600000000000000E92651408FC255400E2D5240000080BFC5205040068155404E623040DD24863FCDCCCCBDCDCCCC3F33B31044000080BFCDCC4C3ECDCCCC3E000000BFCDCCCCBD010101000101010107000000
09DAC0CA0099000F4A188FA400000000000904000100012F7661722F70697361742F646174612F636170747572655F342E6A7067000000000000000000000000000000000000000000000000000000000000000000000000000000000000000000000000000000000000000000000000000000000000000000000000000000000000000000000000000000000000000000000000000000A01F02006493676A00
0897C101003D000F4A190B500000000000000101449E0000000000004D8A0100A6004617D6000000020000006E04000029000000FC030000900000000500630000000101
08A4C0FF0045000F4A1B0A4F00000000030001010101010101000000000000000000000000000000000000000000000000000000183400000000000000000000000000000000000030000000
088AC1040013000F4A1B23F40000000003000003000000000000
08ADC10200AD000F4A1B8C88000000000000010001011F0000000300000000000000000000000000000000000000000010270000FF000000FC0000000A0C0000FB000000FD000000FFFFFFFFFFFFFFFFFFFFFFFFFFFFFFFFFFFFFFFFFFFFFFFFFFFFFFFFFFFFFFFFFFFFFFFFFFFFFFFFFFFFFFFFFFFFFFFFFFFFFFFFFFFFFFFFFFFFFFFFFFFFFFFFFFFFFFFFFFFFFFFFFFFFFFFFFFFFFFFFFFFFFFFFFFFFFFFFFFFFFFFFFFFFFFFFFFFFFFFFFFFFFFFFFFFFFFFF
0890C101003D000F4A1B8CDE0000000000000000000000000000000000000000000000000000000000000000000000000000000000000000000000000100010001000100
08AAC1040049000F4A1B91FE000000000002000007000000000000000200000000000000060000000000000000000000000000000000000000000000803E0000803E0000FFFFFFFFFFFFFFFF00000C00
08B8C1000069000F4A1C171E00000000000001000100010000000000000000000000000000000000870C0000000000002F63662F64735F66696C7465725F74626C2E74626C00000000000000000000000000000000000000000000000000000000000000000000000000000000000000
089BC1030015000F4A1C30B400000000000000000000000003001400
08A7C10400A5000F4A1C4A500000000000000300FFFFFFFFFFFFFFFFFFFFFFFFFFFFFFFFFFFFFFFFFFFFFFFFFFFFFFFFFFFFFFFFFFFFFFFFFFFFFFFFFFFFFFFF333333333333333333333333333333333333333333333333333333333333333333333333333333333333333333333333333333333333333333333333333333333333333333333333333333333333333333333333333333330000000000000000000000000000000000000000
0887C103005D000F4A1C63E700000000000000000000000000000000000000000000000000000000000000000000000000000000000000000000000000000000000000000000000000000000000000000000000000000000000000000000000000000000
0897C102003D000F4A1CFD7F0000000000000101E19E000000000000DD8B0100A6006417D7000000020000007204000029000000FF030000910000006300630000000100
09BAC1110043000F4A1D8D13000000008800010101001F85E5419A8974447B34944348E11142295CEFC185EBC1C052B8DA410AD7233D000000003333933F000000000000000000000000
09CAC0EC0027000F4A1D8D490000000000000200000048E12D42830EEE41B8AE050090F9030028390000410C0000
09AAC0EC0058000F4A1D8EA0000000000000001904564006815540FCA95140000080BF4E6250400E2D5240AE474140CBA1853FCDCCCC3E0000803F00A00E44000080BFCDCC4C3E00000000CDCCCCBE9A9999BE010101000101010107000000
09DAC0CB0099000F4A1D8FD500000000000904000100012F7661722F70697361742F646174612F636170747572655F342E6A7067000000000000000000000000000000000000000000000000000000000000000000000000000000000000000000000000000000000000000000000000000000000000000000000000000000000000000000000000000000000000000000000000000000A01F02006493676A00
08A4C1000045000F4A1F0A4D00000000030001010101010101000000000000000000000000000000000000000000000000000000183400000000000000000000000000000000000030000000
088AC1050013000F4A1F5F160000000003000003000000000000
0890C102003D000F4A1F690C0000000000000000000000000000000000000000000000000000000000000000000000000000000000000000000000000100010001000100
08AAC1050049000F4A1F70B4000000000002000007000000000000000200000000000000060000000000000000000000000000000000000000000000803E0000803E0000FFFFFFFFFFFFFFFF00000C00
08B8C1010069000F4A20171E000000000000010001000100000000000000000000000000000000009D0C0000000000002F63662F64735F66696C7465725F74626C2E74626C00000000000000000000000000000000000000000000000000000000000000000000000000000000000000
089BC1040015000F4A2030B400000000000000000000000003001400
08A7C10500A5000F4A204A510000000000000300FFFFFFFFFFFFFFFFFFFFFFFFFFFFFFFFFFFFFFFFFFFFFFFFFFFFFFFFFFFFFFFFFFFFFFFFFFFFFFFFFFFFFFFF333333333333333333333333333333333333333333333333333333333333333333333333333333333333333333333333333333333333333333333333333333333333333333333333333333333333333333333333333333330000000000000000000000000000000000000000
08ADC10300AD000F4A20A373000000000000010001011F000000030000000000000000000000000000000000000000001027000000010000FD000000190C0000FC000000FE000000FFFFFFFFFFFFFFFFFFFFFFFFFFFFFFFFFFFFFFFFFFFFFFFFFFFFFFFFFFFFFFFFFFFFFFFFFFFFFFFFFFFFFFFFFFFFFFFFFFFFFFFFFFFFFFFFFFFFFFFFFFFFFFFFFFFFFFFFFFFFFFFFFFFFFFFFFFFFFFFFFFFFFFFFFFFFFFFFFFFFFFFFFFFFFFFFFFFFFFFFFFFFFFFFFFFFFFFF
0887C104005D000F4A20A3AF00000000000000000000000000000000000000000000000000000000000000000000000000000000000000000000000000000000000000000000000000000000000000000000000000000000000000000000000000000000
0897C103003D000F4A20FD7F0000000000000101829F0000000000006D8D0100A6008017D700000002000000760400002900000003040000910000006300630000000100
09BAC1120043000F4A228A5E000000008900000000001F85E5419A8974447B34944348E11142295CEFC185EBC1C052B8DA410AD7233D000000003333933F000000000000000000000000
09CAC0ED0027000F4A228A9800000000000002000000310830422231EF41B8AE05009CF9030028390000410C0000
09AAC0ED0058000F4A228C040000000000000048E15A40AAF15240FCA95140000080BFB29D4F407D3F3540C9763E40DD24863F676626409A9999BE9AD90C44000080BF9A99993E00000000000000BFCDCCCCBD010101000101010107000000
09DAC0CC0099000F4A228D1F00000000000904000100012F7661722F70697361742F646174612F636170747572655F342E6A7067000000000000000000000000000000000000000000000000000000000000000000000000000000000000000000000000000000000000000000000000000000000000000000000000000000000000000000000000000000000000000000000000000000A01F02006493676A00
08A4C1010045000F4A2330B500000000030001010101010101000000000000000000000000000000000000000000000000000000183400000000000000000000000000000000000030000000
088AC1060013000F4A2335E20000000003000003000000000000
0890C103003D000F4A23548B0000000000000000000000000000000000000000000000000000000000000000000000000000000000000000000000000100010001000100
09BAC1130043000F4A2367AC000000008900010101009A99E5413D8A7444142E944348E11142E17AF0C1713DCAC052B8C6410AD7A33C0AD723BCE17A943F000000000000000000000000
09AAC0EE0058000F4A23693900000000000000A2455640C74B5740E17A5440000080BF46B65340BE9F3A40DBF93E40DD24863F33333340CDCCCCBDCD4CC643000080BF9A99993E9A9999BE9A9999BE00000000010101000101010107000000
08AAC1060049000F4A236E27000000000002000007000000000000000200000000000000060000000000000000000000000000000000000000000000803E0000803E0000FFFFFFFFFFFFFFFF00000C00
09BAC1140043000F4A24092D000000008A00000000009A99E5413D8A7444142E944348E11142E17AF0C1713DCAC052B8C6410AD7A33C0AD723BCE17A943F000000000000000000000000
09CAC0EE0027000F4A24096000000000000002000000310830421F1A1B42B8AE0500A4F9030028390000410C0000
08B8C1020069000F4A24171E00000000000001000100010000000000000000000000000000000000B20C0000000000002F63662F64735F66696C7465725F74626C2E74626C00000000000000000000000000000000000000000000000000000000000000000000000000000000000000
08ADC10400AD000F4A247333000000000000010001011F000000030000000000000000000000000000000000000000001027000001010000FE000000240C0000FD000000FF000000FFFFFFFFFFFFFFFFFFFFFFFFFFFFFFFFFFFFFFFFFFFFFFFFFFFFFFFFFFFFFFFFFFFFFFFFFFFFFFFFFFFFFFFFFFFFFFFFFFFFFFFFFFFFFFFFFFFFFFFFFFFFFFFFFFFFFFFFFFFFFFFFFFFFFFFFFFFFFFFFFFFFFFFFFFFFFFFFFFFFFFFFFFFFFFFFFFFFFFFFFFFFFFFFFFFFFFFF
089BC1050015000F4A24737600000000000000000000000003001400
08A7C10600A5000F4A2478650000000000000300FFFFFFFFFFFFFFFFFFFFFFFFFFFFFFFFFFFFFFFFFFFFFFFFFFFFFFFFFFFFFFFFFFFFFFFFFFFFFFFFFFFFFFFF333333333333333333333333333333333333333333333333333333333333333333333333333333333333333333333333333333333333333333333333333333333333333333333333333333333333333333333333333333330000000000000000000000000000000000000000
0887C105005D000F4A247D8200000000000000000000000000000000000000000000000000000000000000000000000000000000000000000000000000000000000000000000000000000000000000000000000000000000000000000000000000000000
0897C104003D000F4A24FAF0000000000000010123A0000000000000FD8E0100A6009E17D8000000020000007A0400002900000007040000910000006200630063000100
08A4C1020045000F4A270E8800000000030001010101010101000000000000000000000000000000000000000000000000000000183400000000000000000000000000000000000031000000
088AC1070013000F4A27259F0000000003000003000000000000
0890C104003D000F4A2758C50000000000000000000000000000000000000000000000000000000000000000000000000000000000000000000000000100010001000100
08AAC1070049000F4A277260000000000002000007000000000000000200000000000000060000000000000000000000000000000000000000000000803E0000803E0000FFFFFFFFFFFFFFFF00000C00
09BAC1150043000F4A278EBE000000008A0001010100295CE5419A897444EC3194430AD71142B81EF5C1AE471DC1D7A3EE41000000808FC2F5BC8FC2953F000000000000000000000000
09CAC0EF0027000F4A278EF20000000000000200000048E12D420000C841B8AE0500A8F9030028390000410C0000
09AAC0EF0058000F4A27904600000000000000583954407B144E40FCA95140000080BF295C4F40378941402B875640CBA1853F6766A63FCDCCCCBE67A60F44000080BFCDCCCCBD000000BF0000003FCDCC4CBE010101000101010107000000
09DAC0CD0099000F4A27916F00000000000904000100012F7661722F70697361742F646174612F636170747572655F342E6A7067000000000000000000000000000000000000000000000000000000000000000000000000000000000000000000000000000000000000000000000000000000000000000000000000000000000000000000000000000000000000000000000000000000A01F02006493676A00
08ADC10500AD000F4A284597000000000000010001011F000000030000000000000000000000000000000000000000001027000002010000FF000000320C0000FE00000000010000FFFFFFFFFFFFFFFFFFFFFFFFFFFFFFFFFFFFFFFFFFFFFFFFFFFFFFFFFFFFFFFFFFFFFFFFFFFFFFFFFFFFFFFFFFFFFFFFFFFFFFFFFFFFFFFFFFFFFFFFFFFFFFFFFFFFFFFFFFFFFFFFFFFFFFFFFFFFFFFFFFFFFFFFFFFFFFFFFFFFFFFFFFFFFFFFFFFFFFFFFFFFFFFFFFFFFFFF
08B8C1030069000F4A2847C600000000000001000100010000000000000000000000000000000000CA0C0000000000002F63662F64735F66696C7465725F74626C2E74626C00000000000000000000000000000000000000000000000000000000000000000000000000000000000000
089BC1060015000F4A284CDD00000000000000000000000003001400
08A7C10700A5000F4A2851FF0000000000000300FFFFFFFFFFFFFFFFFFFFFFFFFFFFFFFFFFFFFFFFFFFFFFFFFFFFFFFFFFFFFFFFFFFFFFFFFFFFFFFFFFFFFFFF333333333333333333333333333333333333333333333333333333333333333333333333333333333333333333333333333333333333333333333333333333333333333333333333333333333333333333333333333333330000000000000000000000000000000000000000
0887C106005D000F4A28615800000000000000000000000000000000000000000000000000000000000000000000000000000000000000000000000000000000000000000000000000000000000000000000000000000000000000000000000000000000
0897C105003D000F4A28FAF00000000000000101C4A00000000000008D900100A600B417D9000000020000007E040000290000000B040000920000006200630063000100
08A4C1030045000F4A2B0A4D00000000030001010101010101000000000000000000000000000000000000000000000000000000183400000000000000000000000000000000000031000000
088AC1080013000F4A2B23F30000000003000003000000000000
0890C105003D000F4A2B571A0000000000000000000000000000000000000000000000000000000000000000000000000000000000000000000000000100010001000100
08AAC1080049000F4A2B70B4000000000002000007000000000000000200000000000000060000000000000000000000000000000000000000000000803E0000803E0000FFFFFFFFFFFFFFFF00000C00
08ADC10600AD000F4A2C1DE0000000000000010001011F000000030000000000000000000000000000000000000000001027000002010000000100003E0C0000FE00000000010000FFFFFFFFFFFFFFFFFFFFFFFFFFFFFFFFFFFFFFFFFFFFFFFFFFFFFFFFFFFFFFFFFFFFFFFFFFFFFFFFFFFFFFFFFFFFFFFFFFFFFFFFFFFFFFFFFFFFFFFFFFFFFFFFFFFFFFFFFFFFFFFFFFFFFFFFFFFFFFFFFFFFFFFFFFFFFFFFFFFFFFFFFFFFFFFFFFFFFFFFFFFFFFFFFFFFFFFF
08B8C1040069000F4A2C267A00000000000001000100010000000000000000000000000000000000DC0C0000000000002F63662F64735F66696C7465725F74626C2E74626C00000000000000000000000000000000000000000000000000000000000000000000000000000000000000
089BC1070015000F4A2C30B400000000000000000000000003001400
08A7C10800A5000F4A2C4A500000000000000300FFFFFFFFFFFFFFFFFFFFFFFFFFFFFFFFFFFFFFFFFFFFFFFFFFFFFFFFFFFFFFFFFFFFFFFFFFFFFFFFFFFFFFFF333333333333333333333333333333333333333333333333333333333333333333333333333333333333333333333333333333333333333333333333333333333333333333333333333333333333333333333333333333330000000000000000000000000000000000000000
0887C107005D000F4A2C63E700000000000000000000000000000000000000000000000000000000000000000000000000000000000000000000000000000000000000000000000000000000000000000000000000000000000000000000000000000000
09BAC1160043000F4A2C8CED000000008B0000000000295CE5419A897444EC3194430AD71142B81EF5C1AE471DC1D7A3EE41000000808FC2F5BC8FC2953F000000000000000000000000
09CAC0F00027000F4A2C8D2500000000000002000000310830428B9FEA41B8AE0500BCF9030028390000410C0000
09AAC0F00058000F4A2C8E99000000000000003333534077BE3F40FCA95140000080BF3BDF4F4077BE3F40D9CE5740CBA1853FCDCC4C3ECDCCCCBE00A00C44000080BF00000000CDCC4CBE6766E63FCDCCCC3D010101000101010107000000
09DAC0CE0099000F4A2C8F9300000000000904000100012F7661722F70697361742F646174612F636170747572655F342E6A7067000000000000000000000000000000000000000000000000000000000000000000000000000000000000000000000000000000000000000000000000000000000000000000000000000000000000000000000000000000000000000000000000000000A01F02006493676A00
0897C106003D000F4A2CFD7F00000000000001014BA1000000000000E8910100A700C217DA0000000200000082040000290000000F040000930000006300630000000100
08A4C1040045000F4A2F07BE00000000030001010101010101000000000000000000000000000000000000000000000000000000183400000000000000000000000000000000000031000000
088AC1090013000F4A2F21640000000003000003000000000000
0890C106003D000F4A2F548A0000000000000000000000000000000000000000000000000000000000000000000000000000000000000000000000000100010001000100
08AAC1090049000F4A2F6E25000000000002000007000000000000000200000000000000060000000000000000000000000000000000000000000000803E0000803E0000FFFFFFFFFFFFFFFF00000C00
08ADC10700AD000F4A301DC3000000000000010001011F00000003000000000000000000000000000000000000000000102700000301000001010000490C0000FF00000001010000FFFFFFFFFFFFFFFFFFFFFFFFFFFFFFFFFFFFFFFFFFFFFFFFFFFFFFFFFFFFFFFFFFFFFFFFFFFFFFFFFFFFFFFFFFFFFFFFFFFFFFFFFFFFFFFFFFFFFFFFFFFFFFFFFFFFFFFFFFFFFFFFFFFFFFFFFFFFFFFFFFFFFFFFFFFFFFFFFFFFFFFFFFFFFFFFFFFFFFFFFFFFFFFFFFFFFFFF
08B8C1050069000F4A30267900000000000001000100010000000000000000000000000000000000F40C0000000000002F63662F64735F66696C7465725F74626C2E74626C00000000000000000000000000000000000000000000000000000000000000000000000000000000000000
089BC1080015000F4A302E2400000000000000000000000003001400
08A7C10900A5000F4A3047C00000000000000300FFFFFFFFFFFFFFFFFFFFFFFFFFFFFFFFFFFFFFFFFFFFFFFFFFFFFFFFFFFFFFFFFFFFFFFFFFFFFFFFFFFFFFFF333333333333333333333333333333333333333333333333333333333333333333333333333333333333333333333333333333333333333333333333333333333333333333333333333333333333333333333333333333330000000000000000000000000000000000000000
0887C108005D000F4A30615800000000000000000000000000000000000000000000000000000000000000000000000000000000000000000000000000000000000000000000000000000000000000000000000000000000000000000000000000000000
0897C107003D000F4A30FAEF0000000000000101D5A100000000000042930100A800D117DC00000002000000860400002900000013040000930000006200630063000100
09BAC1170043000F4A318A83000000008B0001010100B81EE541F688744400409443CDCC11426666F8C1EC5100C16666C441000000800AD723BC3333933F000000000000000000000000
09CAC0F10027000F4A318AB7000000000000020000001B2F324263F2E941B8AE0500C4F9030028390000410C0000
09AAC0F10058000F4A318C0E00000000000000E5D04240022B4740FCA95140000080BFC5205040190456408FC25540DD24863F9A9999BECDCCCCBE33930E44000080BFCDCCCC3D9A99D93FCDCCCC3DCDCC4CBE010101000101010107000000
09DAC0CF0099000F4A318D3700000000000904000100012F7661722F70697361742F646174612F636170747572655F342E6A7067000000000000000000000000000000000000000000000000000000000000000000000000000000000000000000000000000000000000000000000000000000000000000000000000000000000000000000000000000000000000000000000000000000A01F02006493676A00
08A4C1050045000F4A320CCE00000000030001010101010101000000000000000000000000000000000000000000000000000000183400000000000000000000000000000000000031000000
088AC10A0013000F4A3226740000000003000003000000000000
0890C107003D000F4A32599A0000000000000000000000000000000000000000000000000000000000000000000000000000000000000000000000000100010001000100
08ADC10800AD000F4A32A73A000000000000010001011F00000003000000000000000000000000000000000000000000102700000401000002010000500C00000001000002010000FFFFFFFFFFFFFFFFFFFFFFFFFFFFFFFFFFFFFFFFFFFFFFFFFFFFFFFFFFFFFFFFFFFFFFFFFFFFFFFFFFFFFFFFFFFFFFFFFFFFFFFFFFFFFFFFFFFFFFFFFFFFFFFFFFFFFFFFFFFFFFFFFFFFFFFFFFFFFFFFFFFFFFFFFFFFFFFFFFFFFFFFFFFFFFFFFFFFFFFFFFFFFFFFFFFFFFFF
08AAC10A0049000F4A32A8FC000000000002000007000000000000000200000000000000060000000000000000000000000000000000000000000000803E0000803E0000FFFFFFFFFFFFFFFF00000C00
08B8C1060069000F4A33148E00000000000001000100010000000000000000000000000000000000070D0000000000002F63662F64735F66696C7465725F74626C2E74626C00000000000000000000000000000000000000000000000000000000000000000000000000000000000000
089BC1090015000F4A332E2500000000000000000000000003001400
08A7C10A00A5000F4A3347C10000000000000300FFFFFFFFFFFFFFFFFFFFFFFFFFFFFFFFFFFFFFFFFFFFFFFFFFFFFFFFFFFFFFFFFFFFFFFFFFFFFFFFFFFFFFFF333333333333333333333333333333333333333333333333333333333333333333333333333333333333333333333333333333333333333333333333333333333333333333333333333333333333333333333333333333330000000000000000000000000000000000000000
0887C109005D000F4A33615800000000000000000000000000000000000000000000000000000000000000000000000000000000000000000000000000000000000000000000000000000000000000000000000000000000000000000000000000000000
0897C108003D000F4A34311800000000000001014BA200000000000050940100AA00E017DC000000020000008B0400002900000017040000930000001300430063000100
09BAC1180043000F4A358A5E000000008C0000000000B81EE541F688744400409443CDCC11426666F8C1EC5100C16666C441000000800AD723BC3333933F000000000000000000000000
09CAC0F20027000F4A358AAA00000000000002000000310830421347E441B8AE050058FA030028390000410C0000
09AAC0F20058000F4A358C050000000000000083C04A402FDD444073685140000080BFC52050403D0A574058395440DD24863FCDCC4CBE9A9919BF9AD90C44000080BFCDCC4C3E33333340CDCC4CBECDCC4CBE010101000101010107000000
09DAC0D00099000F4A358D2400000000000904000100012F7661722F70697361742F646174612F636170747572655F342E6A7067000000000000000000000000000000000000000000000000000000000000000000000000000000000000000000000000000000000000000000000000000000000000000000000000000000000000000000000000000000000000000000000000000000A01F02006493676A00
08A4C1060045000F4A3607BF00000000030001010101010101000000000000000000000000000000000000000000000000000000183400000000000000000000000000000000000031000000
088AC10B0013000F4A3621640000000003000003000000000000
0890C108003D000F4A3687C00000000000000000000000000000000000000000000000000000000000000000000000000000000000000000000000000100010001000100
08AAC10B0049000F4A368CDE000000000002000007000000000000000200000000000000060000000000000000000000000000000000000000000000803E0000803E0000FFFFFFFFFFFFFFFF00000C00
08ADC10900AD000F4A3696F3000000000000010001011F00000003000000000000000000000000000000000000000000102700000501000002010000580C00000101000002010000FFFFFFFFFFFFFFFFFFFFFFFFFFFFFFFFFFFFFFFFFFFFFFFFFFFFFFFFFFFFFFFFFFFFFFFFFFFFFFFFFFFFFFFFFFFFFFFFFFFFFFFFFFFFFFFFFFFFFFFFFFFFFFFFFFFFFFFFFFFFFFFFFFFFFFFFFFFFFFFFFFFFFFFFFFFFFFFFFFFFFFFFFFFFFFFFFFFFFFFFFFFFFFFFFFFFFFFF
08B8C1070069000F4A37171F000000000000010001000100000000000000000000000000000000001D0D0000000000002F63662F64735F66696C7465725F74626C2E74626C00000000000000000000000000000000000000000000000000000000000000000000000000000000000000
089BC10A0015000F4A3730B400000000000000000000000003001400
08A7C10B00A5000F4A374A520000000000000300FFFFFFFFFFFFFFFFFFFFFFFFFFFFFFFFFFFFFFFFFFFFFFFFFFFFFFFFFFFFFFFFFFFFFFFFFFFFFFFFFFFFFFFF333333333333333333333333333333333333333333333333333333333333333333333333333333333333333333333333333333333333333333333333333333333333333333333333333333333333333333333333333333330000000000000000000000000000000000000000
0887C10A005D000F4A3763E800000000000000000000000000000000000000000000000000000000000000000000000000000000000000000000000000000000000000000000000000000000000000000000000000000000000000000000000000000000
0897C109003D000F4A37FD7F0000000000000101E2A2000000000000CB950100AA00F517DD000000020000008E040000290000001A040000930000006300630000000100
08A4C1070045000F4A3A0A4C00000000030001010101010101000000000000000000000000000000000000000000000000000000183400000000000000000000000000000000000031000000
088AC10C0013000F4A3A572A0000000003000003000000000000
0890C109003D000F4A3A61560000000000000000000000000000000000000000000000000000000000000000000000000000000000000000000000000100010001000100
08AAC10C0049000F4A3A70B4000000000002000007000000000000000200000000000000060000000000000000000000000000000000000000000000803E0000803E0000FFFFFFFFFFFFFFFF00000C00
09BAC1190043000F4A3A8D0D000000008C0001010100B81EE5413D8A74443D2A94430AD71142CDCCF2C1295CC7C06666CA4100000080000000808FC2953F000000000000000000000000
09CAC0F30027000F4A3A8D4400000000000002000000310830422231EF41B8AE050064FA030028390000410C0000
09AAC0F30058000F4A3A8EA900000000000000F2D24D4019045640FCA95140000080BF3BDF4F40E17A544004562E40CBA1853FCDCC4CBE6766A63F67861144000080BFCDCC4C3E0000003F9A9919BFCDCC4CBE010101000101010107000000
09DAC0D10099000F4A3A8FCA00000000000904000100012F7661722F70697361742F646174612F636170747572655F342E6A7067000000000000000000000000000000000000000000000000000000000000000000000000000000000000000000000000000000000000000000000000000000000000000000000000000000000000000000000000000000000000000000000000000000A01F02006493676A00
08B8C1080069000F4A3B171E00000000000001000100010000000000000000000000000000000000340D0000000000002F63662F64735F66696C7465725F74626C2E74626C00000000000000000000000000000000000000000000000000000000000000000000000000000000000000
089BC10B0015000F4A3B30B400000000000000000000000003001400
08A7C10C00A5000F4A3B4A510000000000000300FFFFFFFFFFFFFFFFFFFFFFFFFFFFFFFFFFFFFFFFFFFFFFFFFFFFFFFFFFFFFFFFFFFFFFFFFFFFFFFFFFFFFFFF333333333333333333333333333333333333333333333333333333333333333333333333333333333333333333333333333333333333333333333333333333333333333333333333333333333333333333333333333333330000000000000000000000000000000000000000
08ADC10A00AD000F4A3B9A6D000000000000010001011F00000003000000000000000000000000000000000000000000102700000601000003010000670C00000201000003010000FFFFFFFFFFFFFFFFFFFFFFFFFFFFFFFFFFFFFFFFFFFFFFFFFFFFFFFFFFFFFFFFFFFFFFFFFFFFFFFFFFFFFFFFFFFFFFFFFFFFFFFFFFFFFFFFFFFFFFFFFFFFFFFFFFFFFFFFFFFFFFFFFFFFFFFFFFFFFFFFFFFFFFFFFFFFFFFFFFFFFFFFFFFFFFFFFFFFFFFFFFFFFFFFFFFFFFFF
0887C10B005D000F4A3B9C3D00000000000000000000000000000000000000000000000000000000000000000000000000000000000000000000000000000000000000000000000000000000000000000000000000000000000000000000000000000000
0897C10A003D000F4A3BFD7F000000000000010183A30000000000005B970100AA001118DD0000000200000092040000290000001E040000930000006300630000000100
08A4C1080045000F4A3E2B9600000000030001010101010101000000000000000000000000000000000000000000000000000000183400000000000000000000000000000000000032000000
088AC10D0013000F4A3E30C10000000003000003000000000000
0890C10A003D000F4A3E548B0000000000000000000000000000000000000000000000000000000000000000000000000000000000000000000000000100010001000100
08AAC10D0049000F4A3E6E26000000000002000007000000000000000200000000000000060000000000000000000000000000000000000000000000803E0000803E0000FFFFFFFFFFFFFFFF00000C00
08B8C1090069000F4A3F148F000000000000010001000100000000000000000000000000000000004A0D0000000000002F63662F64735F66696C7465725F74626C2E74626C00000000000000000000000000000000000000000000000000000000000000000000000000000000000000
08ADC10B00AD000F4A3F68DD000000000000010001011F00000003000000000000000000000000000000000000000000102700000701000004010000720C00000301000004010000FFFFFFFFFFFFFFFFFFFFFFFFFFFFFFFFFFFFFFFFFFFFFFFFFFFFFFFFFFFFFFFFFFFFFFFFFFFFFFFFFFFFFFFFFFFFFFFFFFFFFFFFFFFFFFFFFFFFFFFFFFFFFFFFFFFFFFFFFFFFFFFFFFFFFFFFFFFFFFFFFFFFFFFFFFFFFFFFFFFFFFFFFFFFFFFFFFFFFFFFFFFFFFFFFFFFFFFF
089BC10C0015000F4A3F695200000000000000000000000003001400
08A7C10D00A5000F4A3F6E310000000000000300FFFFFFFFFFFFFFFFFFFFFFFFFFFFFFFFFFFFFFFFFFFFFFFFFFFFFFFFFFFFFFFFFFFFFFFFFFFFFFFFFFFFFFFF333333333333333333333333333333333333333333333333333333333333333333333333333333333333333333333333333333333333333333333333333333333333333333333333333333333333333333333333333333330000000000000000000000000000000000000000
0887C10C005D000F4A3F734B00000000000000000000000000000000000000000000000000000000000000000000000000000000000000000000000000000000000000000000000000000000000000000000000000000000000000000000000000000000
09BAC11A0043000F4A3F8A5F000000008D0000000000B81EE5413D8A74443D2A94430AD71142CDCCF2C1295CC7C06666CA4100000080000000808FC2953F000000000000000000000000
09CAC0F40027000F4A3F8A9A000000000000020000001B2F32422231EF41B8AE050064FA030028390000410C0000
09AAC0F40058000F4A3F8C0500000000000000AAF15240F4FD544073685140000080BFB29D4F40986E524012834040CBA1853FCDCCCC3E9A99993FCD2C0E44000080BFCDCCCC3DCDCCCCBDCDCCCCBE000000BF010101000101010107000000
09DAC0D20099000F4A3F8D1D00000000000904000100012F7661722F70697361742F646174612F636170747572655F342E6A7067000000000000000000000000000000000000000000000000000000000000000000000000000000000000000000000000000000000000000000000000000000000000000000000000000000000000000000000000000000000000000000000000000000A01F02006493676A00
0897C10B003D000F4A3FFAF0000000000000010124A4000000000000EB980100AA002E18DE00000002000000960400002900000022040000930000006200630063000100
08A4C1090045000F4A4207BE00000000030001010101010101000000000000000000000000000000000000000000000000000000183400000000000000000000000000000000000032000000
088AC10E0013000F4A4221640000000003000003000000000000
0890C10B003D000F4A42548B0000000000000000000000000000000000000000000000000000000000000000000000000000000000000000000000000100010001000100
08AAC10E0049000F4A426E25000000000002000007000000000000000200000000000000060000000000000000000000000000000000000000000000803E0000803E0000FFFFFFFFFFFFFFFF00000C00
09BAC11B0043000F4A427253000000008D000101010048E1E4413D8A74443D2A9443C3F51142F628EEC13333E3C0A470E3410AD7A3BC0AD7A3BCE17A943F000000000000000000000000
09BAC11C0043000F4A42F207000000008E000000000048E1E4413D8A74443D2A9443C3F51142F628EEC13333E3C0A470E3410AD7A3BC0AD7A3BCE17A943F000000000000000000000000
09CAC0F50027000F4A42F2410000000000000200000031083042C2078F41B8AE050070FA030028390000410C0000
08ADC10C00AD000F4A433763000000000000010001011F000000030000000000000000000000000000000000000000001027000008010000050100007F0C00000401000005010000FFFFFFFFFFFFFFFFFFFFFFFFFFFFFFFFFFFFFFFFFFFFFFFFFFFFFFFFFFFFFFFFFFFFFFFFFFFFFFFFFFFFFFFFFFFFFFFFFFFFFFFFFFFFFFFFFFFFFFFFFFFFFFFFFFFFFFFFFFFFFFFFFFFFFFFFFFFFFFFFFFFFFFFFFFFFFFFFFFFFFFFFFFFFFFFFFFFFFFFFFFFFFFFFFFFFFFFF
09AAC0F50058000F4A43390500000000000000EC51584033335340CFF75340000080BF33335340E926314025064140CBA1853F6766E63FCDCCCC3D0080E843000080BFCDCCCC3DCDCCCCBECDCCCCBE9A9999BE010101000101010107000000
08B8C10A0069000F4A433AF700000000000001000100010000000000000000000000000000000000620D0000000000002F63662F64735F66696C7465725F74626C2E74626C00000000000000000000000000000000000000000000000000000000000000000000000000000000000000
089BC10D0015000F4A43403C00000000000000000000000003001400
08A7C10E00A5000F4A4347C10000000000000300FFFFFFFFFFFFFFFFFFFFFFFFFFFFFFFFFFFFFFFFFFFFFFFFFFFFFFFFFFFFFFFFFFFFFFFFFFFFFFFFFFFFFFFF333333333333333333333333333333333333333333333333333333333333333333333333333333333333333333333333333333333333333333333333333333333333333333333333333333333333333333333333333333330000000000000000000000000000000000000000
0887C10D005D000F4A43615800000000000000000000000000000000000000000000000000000000000000000000000000000000000000000000000000000000000000000000000000000000000000000000000000000000000000000000000000000000
0897C10C003D000F4A4407C40000000000000101C1A40000000000007B9A0100AA004918E0000000020000009A0400002900000027040000930000000300630063000100
09BAC11D0043000F4A448A82000000008E00010101005C8FE4419A8974447B349443F6281242B81EF5C1666612C1D7A3CE418FC2F5BC8FC2F5BC3D0A973F000000000000000000000000
09CAC0F60027000F4A448ABA000000000000020000003108304223D65542B8AE05007CFA030028390000410C0000
09AAC0F60058000F4A448C02000000000000009A995940AAF1524060E55040000080BF295C4F4006813540643B3F40CBA1853F33331340CDCCCC3D67A61544000080BF9A99993E9A9999BE000000BF9A9999BE010101000101010107000000
09DAC0D30099000F4A448D4100000000000904000100012F7661722F70697361742F646174612F636170747572655F342E6A7067000000000000000000000000000000000000000000000000000000000000000000000000000000000000000000000000000000000000000000000000000000000000000000000000000000000000000000000000000000000000000000000000000000A01F02006493676A00
08A4C10A0045000F4A450CCE00000000030001010101010101000000000000000000000000000000000000000000000000000000183400000000000000000000000000000000000032000000
088AC10F0013000F4A4526740000000003000003000000000000
0890C10C003D000F4A45599A0000000000000000000000000000000000000000000000000000000000000000000000000000000000000000000000000100010001000100
08AAC10F0049000F4A457334000000000002000007000000000000000200000000000000060000000000000000000000000000000000000000000000803E0000803E0000FFFFFFFFFFFFFFFF00000C00
08ADC10D00AD000F4A45C0CE000000000000010001011F00000003000000000000000000000000000000000000000000102700000901000006010000860C00000501000006010000FFFFFFFFFFFFFFFFFFFFFFFFFFFFFFFFFFFFFFFFFFFFFFFFFFFFFFFFFFFFFFFFFFFFFFFFFFFFFFFFFFFFFFFFFFFFFFFFFFFFFFFFFFFFFFFFFFFFFFFFFFFFFFFFFFFFFFFFFFFFFFFFFFFFFFFFFFFFFFFFFFFFFFFFFFFFFFFFFFFFFFFFFFFFFFFFFFFFFFFFFFFFFFFFFFFFFFFF
08B8C10B0069000F4A46149000000000000001000100010000000000000000000000000000000000750D0000000000002F63662F64735F66696C7465725F74626C2E74626C00000000000000000000000000000000000000000000000000000000000000000000000000000000000000
089BC10E0015000F4A462E2600000000000000000000000003001400
08A7C10F00A5000F4A4647C20000000000000300FFFFFFFFFFFFFFFFFFFFFFFFFFFFFFFFFFFFFFFFFFFFFFFFFFFFFFFFFFFFFFFFFFFFFFFFFFFFFFFFFFFFFFFF333333333333333333333333333333333333333333333333333333333333333333333333333333333333333333333333333333333333333333333333333333333333333333333333333333333333333333333333333333330000000000000000000000000000000000000000
0887C10E005D000F4A46615900000000000000000000000000000000000000000000000000000000000000000000000000000000000000000000000000000000000000000000000000000000000000000000000000000000000000000000000000000000
0897C10D003D000F4A470F6C000000000000010140A5000000000000A99B0100AB005F18E0000000020000009E040000290000002A040000930000000600630063000100
09BAC11E0043000F4A488A5F000000008F00000000005C8FE4419A8974447B349443F6281242B81EF5C1666612C1D7A3CE418FC2F5BC8FC2F5BC3D0A973F000000000000000000000000
09CAC0F70027000F4A488A980000000000000200000031083042180DB441B8AE05007CFA030028390000410C0000
09AAC0F70058000F4A488BFF00000000000000B4C8564085EB5140FCA95140000080BF295C4F4000004040E17A5440DD24863F3333F33FCDCC4CBE33731144000080BF00000000CDCC4CBECDCC4CBECDCC4CBE010101000101010107000000
09DAC0D40099000F4A488D3200000000000904000100012F7661722F70697361742F646174612F636170747572655F342E6A7067000000000000000000000000000000000000000000000000000000000000000000000000000000000000000000000000000000000000000000000000000000000000000000000000000000000000000000000000000000000000000000000000000000A01F02006493676A00
08A4C10B0045000F4A4944DE00000000030001010101010101000000000000000000000000000000000000000000000000000000183400000000000000000000000000000000000032000000
088AC1100013000F4A4947D40000000003000003000000000000
0890C10D003D000F4A49948C0000000000000000000000000000000000000000000000000000000000000000000000000000000000000000000000000100010001000100
08AAC1100049000F4A4999AB000000000002000007000000000000000200000000000000060000000000000000000000000000000000000000000000803E0000803E0000FFFFFFFFFFFFFFFF00000C00
08B8C10C0069000F4A4A1490000000000000010001000100000000000000000000000000000000008C0D0000000000002F63662F64735F66696C7465725F74626C2E74626C00000000000000000000000000000000000000000000000000000000000000000000000000000000000000
089BC10F0015000F4A4A2E2600000000000000000000000003001400
08A7C11000A5000F4A4A47C30000000000000300FFFFFFFFFFFFFFFFFFFFFFFFFFFFFFFFFFFFFFFFFFFFFFFFFFFFFFFFFFFFFFFFFFFFFFFFFFFFFFFFFFFFFFFF333333333333333333333333333333333333333333333333333333333333333333333333333333333333333333333333333333333333333333333333333333333333333333333333333333333333333333333333333333330000000000000000000000000000000000000000
0887C10F005D000F4A4A615900000000000000000000000000000000000000000000000000000000000000000000000000000000000000000000000000000000000000000000000000000000000000000000000000000000000000000000000000000000
08ADC10E00AD000F4A4AD449000000000000010001011F00000003000000000000000000000000000000000000000000102700000A010000070100008F0C00000601000007010000FFFFFFFFFFFFFFFFFFFFFFFFFFFFFFFFFFFFFFFFFFFFFFFFFFFFFFFFFFFFFFFFFFFFFFFFFFFFFFFFFFFFFFFFFFFFFFFFFFFFFFFFFFFFFFFFFFFFFFFFFFFFFFFFFFFFFFFFFFFFFFFFFFFFFFFFFFFFFFFFFFFFFFFFFFFFFFFFFFFFFFFFFFFFFFFFFFFFFFFFFFFFFFFFFFFFFFFF
0897C10E003D000F4A4AFAF10000000000000101E1A5000000000000399D0100AB007C18E000000002000000A2040000290000002D040000930000006200630063000100
08A4C10C0045000F4A4D0A4E00000000030001010101010101000000000000000000000000000000000000000000000000000000183400000000000000000000000000000000000032000000
088AC1110013000F4A4D5E190000000003000003000000000000
0890C10E003D000F4A4D667E0000000000000000000000000000000000000000000000000000000000000000000000000000000000000000000000000100010001000100
08AAC1110049000F4A4D70B5000000000002000007000000000000000200000000000000060000000000000000000000000000000000000000000000803E0000803E0000FFFFFFFFFFFFFFFF00000C00
09BAC11F0043000F4A4D8D11000000008F0001010100EC51E441E18A7444D723944366661242C3F5FAC114AEF7C0713DE0410AD7A3BCCDCC4CBDD7A3903F000000000000000000000000
09CAC0F80027000F4A4D8D450000000000000200000048E12D425CD1EA41B8AE050090FA030028390000410C0000
09AAC0F80058000F4A4D8EAD00000000000000068155401B2F3D40FCA95140000080BFB29D4F406F1243403D0A5740DD24863F9A99193FCDCCCCBE33B31044000080BF9A99993ECDCC4CBE6766E63F9A9999BE010101000101010107000000
09DAC0D50099000F4A4D8FC800000000000904000100012F7661722F70697361742F646174612F636170747572655F342E6A7067000000000000000000000000000000000000000000000000000000000000000000000000000000000000000000000000000000000000000000000000000000000000000000000000000000000000000000000000000000000000000000000000000000A01F02006493676A00
08B8C10D0069000F4A4E171F00000000000001000100010000000000000000000000000000000000A30D0000000000002F63662F64735F66696C7465725F74626C2E74626C00000000000000000000000000000000000000000000000000000000000000000000000000000000000000
089BC1100015000F4A4E30B500000000000000000000000003001400
08ADC10F00AD000F4A4ECE8F000000000000010001011F00000003000000000000000000000000000000000000000000102700000B010000080100009A0C00000701000008010000FFFFFFFFFFFFFFFFFFFFFFFFFFFFFFFFFFFFFFFFFFFFFFFFFFFFFFFFFFFFFFFFFFFFFFFFFFFFFFFFFFFFFFFFFFFFFFFFFFFFFFFFFFFFFFFFFFFFFFFFFFFFFFFFFFFFFFFFFFFFFFFFFFFFFFFFFFFFFFFFFFFFFFFFFFFFFFFFFFFFFFFFFFFFFFFFFFFFFFFFFFFFFFFFFFFFFFFF
08A4C10D0045000F4A510CCE00000000030001010101010101000000000000000000000000000000000000000000000000000000183400000000000000000000000000000000000032000000
088AC1120013000F4A5159AD0000000003000003000000000000
0890C10F003D000F4A5163D80000000000000000000000000000000000000000000000000000000000000000000000000000000000000000000000000100010001000100
08AAC1120049000F4A517337000000000002000007000000000000000200000000000000060000000000000000000000000000000000000000000000803E0000803E0000FFFFFFFFFFFFFFFF00000C00
08B8C10E0069000F4A52149000000000000001000100010000000000000000000000000000000000BA0D0000000000002F63662F64735F66696C7465725F74626C2E74626C00000000000000000000000000000000000000000000000000000000000000000000000000000000000000
089BC1110015000F4A522E2500000000000000000000000003001400
08A7C11100A5000F4A5247C20000000000000300FFFFFFFFFFFFFFFFFFFFFFFFFFFFFFFFFFFFFFFFFFFFFFFFFFFFFFFFFFFFFFFFFFFFFFFFFFFFFFFFFFFFFFFF333333333333333333333333333333333333333333333333333333333333333333333333333333333333333333333333333333333333333333333333333333333333333333333333333333333333333333333333333333330000000000000000000000000000000000000000
08ADC11000AD000F4A529CF9000000000000010001011F00000003000000000000000000000000000000000000000000102700000C01000009010000A50C00000801000009010000FFFFFFFFFFFFFFFFFFFFFFFFFFFFFFFFFFFFFFFFFFFFFFFFFFFFFFFFFFFFFFFFFFFFFFFFFFFFFFFFFFFFFFFFFFFFFFFFFFFFFFFFFFFFFFFFFFFFFFFFFFFFFFFFFFFFFFFFFFFFFFFFFFFFFFFFFFFFFFFFFFFFFFFFFFFFFFFFFFFFFFFFFFFFFFFFFFFFFFFFFFFFFFFFFFFFFFFF
0887C110005D000F4A529D3400000000000000000000000000000000000000000000000000000000000000000000000000000000000000000000000000000000000000000000000000000000000000000000000000000000000000000000000000000000
09BAC1200043000F4A52A3FB00000000900000000000EC51E441E18A7444D723944366661242C3F5FAC114AEF7C0713DE0410AD7A3BCCDCC4CBDD7A3903F000000000000000000000000
09CAC0F90027000F4A52A436000000000000020000003108304208B8E541B8AE050098FA030028390000410C0000
09AAC0F90058000F4A52A59D00000000000000D7A35040DD24464073685140000080BF3BDF4F40F4FD544006815540DD24863FCDCCCCBDCDCCCCBE33730F44000080BF9A99993E6766663F3333333F9A9999BE010101000101010107000000
09DAC0D60099000F4A52A6C700000000000904000100012F7661722F70697361742F646174612F636170747572655F342E6A7067000000000000000000000000000000000000000000000000000000000000000000000000000000000000000000000000000000000000000000000000000000000000000000000000000000000000000000000000000000000000000000000000000000A01F02006493676A00
0897C10F003D000F4A52FAF000000000000001010EA700000000000024A00100AC00A018E200000002000000AA0400002900000035040000930000006200630063000100
0890C110003D000F4A54599A0000000000000000000000000000000000000000000000000000000000000000000000000000000000000000000000000100010001000100
08AAC1130049000F4A547334000000000002000007000000000000000200000000000000060000000000000000000000000000000000000000000000803E0000803E0000FFFFFFFFFFFFFFFF00000C00
08B8C10F0069000F4A5551F200000000000001000100010000000000000000000000000000000000C80D0000000000002F63662F64735F66696C7465725F74626C2E74626C00000000000000000000000000000000000000000000000000000000000000000000000000000000000000
089BC1120015000F4A55570C00000000000000000000000003001400
08ADC11100AD000F4A5559A2000000000000010001011F00000003000000000000000000000000000000000000000000102700000C01000009010000AB0C00000801000009010000FFFFFFFFFFFFFFFFFFFFFFFFFFFFFFFFFFFFFFFFFFFFFFFFFFFFFFFFFFFFFFFFFFFFFFFFFFFFFFFFFFFFFFFFFFFFFFFFFFFFFFFFFFFFFFFFFFFFFFFFFFFFFFFFFFFFFFFFFFFFFFFFFFFFFFFFFFFFFFFFFFFFFFFFFFFFFFFFFFFFFFFFFFFFFFFFFFFFFFFFFFFFFFFFFFFFFFFF
08A7C11200A5000F4A555C2F0000000000000300FFFFFFFFFFFFFFFFFFFFFFFFFFFFFFFFFFFFFFFFFFFFFFFFFFFFFFFFFFFFFFFFFFFFFFFFFFFFFFFFFFFFFFFF333333333333333333333333333333333333333333333333333333333333333333333333333333333333333333333333333333333333333333333333333333333333333333333333333333333333333333333333333333330000000000000000000000000000000000000000
0887C111005D000F4A55666700000000000000000000000000000000000000000000000000000000000000000000000000000000000000000000000000000000000000000000000000000000000000000000000000000000000000000000000000000000
0897C110003D000F4A550020000000000000010173A70000000000001CA10100AE00A818E300000002000000AE0400002900000039040000940000000000630063000101
09BAC1210043000F4A559EFD00000000900001010100713DE441E18A7444291C9443AE4712420000FCC19A99B9C00AD7D5410AD723BC8FC2F5BC3333933F000000000000000000000000
09CAC0FA0027000F4A559F350000000000000200000031083042BEE5EB41B8AE05009CFA030028390000410C0000
09AAC0FA0058000F4A55A08B00000000000000E5D04240B81E454073685140000080BF3BDF4F40B4C8564046B65340CBA1853FCDCCCCBD9A9919BFCD2C1044000080BFCDCC4C3ECDCC4C40CDCCCCBD00000000010101000101010107000000
09DAC0D70099000F4A55A1C600000000000904000100012F7661722F70697361742F646174612F636170747572655F342E6A7067000000000000000000000000000000000000000000000000000000000000000000000000000000000000000000000000000000000000000000000000000000000000000000000000000000000000000000000000000000000000000000000000000000A01F02006493676A00
08A4C10E0045000F4A560CCF00000000030001010101010101000000000000000000000000000000000000000000000000000000183400000000000000000000000000000000000033000000
088AC1130013000F4A5626750000000003000003000000000000
0890C111003D000F4A56599B0000000000000000000000000000000000000000000000000000000000000000000000000000000000000000000000000100010001000100
08AAC1140049000F4A567335000000000002000007000000000000000200000000000000060000000000000000000000000000000000000000000000803E0000803E0000FFFFFFFFFFFFFFFF00000C00
08ADC11200AD000F4A56DBF9000000000000010001011F00000003000000000000000000000000000000000000000000102700000D0100000A010000B40C0000090100000A010000FFFFFFFFFFFFFFFFFFFFFFFFFFFFFFFFFFFFFFFFFFFFFFFFFFFFFFFFFFFFFFFFFFFFFFFFFFFFFFFFFFFFFFFFFFFFFFFFFFFFFFFFFFFFFFFFFFFFFFFFFFFFFFFFFFFFFFFFFFFFFFFFFFFFFFFFFFFFFFFFFFFFFFFFFFFFFFFFFFFFFFFFFFFFFFFFFFFFFFFFFFFFFFFFFFFFFFFF
08B8C1100069000F4A57148E00000000000001000100010000000000000000000000000000000000DC0D0000000000002F63662F64735F66696C7465725F74626C2E74626C00000000000000000000000000000000000000000000000000000000000000000000000000000000000000
089BC1130015000F4A572E2500000000000000000000000003001400
08A7C11300A5000F4A5747C10000000000000300FFFFFFFFFFFFFFFFFFFFFFFFFFFFFFFFFFFFFFFFFFFFFFFFFFFFFFFFFFFFFFFFFFFFFFFFFFFFFFFFFFFFFFFF333333333333333333333333333333333333333333333333333333333333333333333333333333333333333333333333333333333333333333333333333333333333333333333333333333333333333333333333333333330000000000000000000000000000000000000000
0887C112005D000F4A57615800000000000000000000000000000000000000000000000000000000000000000000000000000000000000000000000000000000000000000000000000000000000000000000000000000000000000000000000000000000
0897C111003D000F4A5826750000000000000101F2A70000000000004AA20100AF00BA18E300000002000000B2040000290000003C040000950000000F00630063000100
09BAC1220043000F4A598A5F00000000910000000000713DE441E18A7444291C9443AE4712420000FCC19A99B9C00AD7D5410AD723BC8FC2F5BC3333933F000000000000000000000000
09CAC0FB0027000F4A598A9F00000000000002000000310830427AEDF341B8AE0500B4FA030028390000410C0000
09AAC0FB0058000F4A598C0400000000000000560E4D4046B65340E9265140000080BF3BDF4F402B875640E9265140DD24863FCDCC4CBECDCCCC3DCDAC0F44000080BFCDCCCC3E0000C03FCDCC4CBE9A9999BE010101000101010107000000
09DAC0D80099000F4A598D2500000000000904000100012F7661722F70697361742F646174612F636170747572655F342E6A7067000000000000000000000000000000000000000000000000000000000000000000000000000000000000000000000000000000000000000000000000000000000000000000000000000000000000000000000000000000000000000000000000000000A01F02006493676A00
08A4C10F0045000F4A5A0A4F00000000030001010101010101000000000000000000000000000000000000000000000000000000183400000000000000000000000000000000000033000000
088AC1140013000F4A5A23F50000000003000003000000000000
0890C112003D000F4A5A571A0000000000000000000000000000000000000000000000000000000000000000000000000000000000000000000000000100010001000100
08ADC11300AD000F4A5AAE5A000000000000010001011F00000003000000000000000000000000000000000000000000102700000E0100000B010000BF0C00000A0100000B010000FFFFFFFFFFFFFFFFFFFFFFFFFFFFFFFFFFFFFFFFFFFFFFFFFFFFFFFFFFFFFFFFFFFFFFFFFFFFFFFFFFFFFFFFFFFFFFFFFFFFFFFFFFFFFFFFFFFFFFFFFFFFFFFFFFFFFFFFFFFFFFFFFFFFFFFFFFFFFFFFFFFFFFFFFFFFFFFFFFFFFFFFFFFFFFFFFFFFFFFFFFFFFFFFFFFFFFFF
08AAC1150049000F4A5AAEA2000000000002000007000000000000000200000000000000060000000000000000000000000000000000000000000000803E0000803E0000FFFFFFFFFFFFFFFF00000C00
08B8C1110069000F4A5B199E00000000000001000100010000000000000000000000000000000000F40D0000000000002F63662F64735F66696C7465725F74626C2E74626C00000000000000000000000000000000000000000000000000000000000000000000000000000000000000
089BC1140015000F4A5B333500000000000000000000000003001400
08A7C11400A5000F4A5B4CD00000000000000300FFFFFFFFFFFFFFFFFFFFFFFFFFFFFFFFFFFFFFFFFFFFFFFFFFFFFFFFFFFFFFFFFFFFFFFFFFFFFFFFFFFFFFFF333333333333333333333333333333333333333333333333333333333333333333333333333333333333333333333333333333333333333333333333333333333333333333333333333333333333333333333333333333330000000000000000000000000000000000000000
0887C113005D000F4A5B666800000000000000000000000000000000000000000000000000000000000000000000000000000000000000000000000000000000000000000000000000000000000000000000000000000000000000000000000000000000
0897C112003D000F4A5C0013000000000000010193A8000000000000DAA30100AF00DA18E500000002000000B60400002900000040040000950000000000630063000100
08A4C1100045000F4A5E07BF00000000030001010101010101000000000000000000000000000000000000000000000000000000183400000000000000000000000000000000000033000000
088AC1150013000F4A5E21650000000003000003000000000000
0890C113003D000F4A5E80110000000000000000000000000000000000000000000000000000000000000000000000000000000000000000000000000100010001000100
08AAC1160049000F4A5E8530000000000002000007000000000000000200000000000000060000000000000000000000000000000000000000000000803E0000803E0000FFFFFFFFFFFFFFFF00000C00
09BAC1230043000F4A5E8A8000000000910001010100713DE441F6887444E13A9443A47012428FC2FBC152B8CEC08FC2CF418FC2F5BC000000803333933F000000000000000000000000
09CAC0FC0027000F4A5E8AB50000000000000200000031083042DD72F141B8AE05002CFB030028390000410C0000
09AAC0FC0058000F4A5E8C0A000000000000007B144E408FC2554073685140000080BF295C4F405839544058393440CBA1853FCDCCCCBD333313409A991344000080BFCDCC4C3ECDCC4C3E000000BF9A9999BE010101000101010107000000
09DAC0D90099000F4A5E8D3D00000000000904000100012F7661722F70697361742F646174612F636170747572655F342E6A7067000000000000000000000000000000000000000000000000000000000000000000000000000000000000000000000000000000000000000000000000000000000000000000000000000000000000000000000000000000000000000000000000000000A01F02006493676A00
08ADC11400AD000F4A5FC2CB000000000000010001011F0000000300000000000000000000000000000000000000000010270000100100000D010000CF0C00000C0100000D010000FFFFFFFFFFFFFFFFFFFFFFFFFFFFFFFFFFFFFFFFFFFFFFFFFFFFFFFFFFFFFFFFFFFFFFFFFFFFFFFFFFFFFFFFFFFFFFFFFFFFFFFFFFFFFFFFFFFFFFFFFFFFFFFFFFFFFFFFFFFFFFFFFFFFFFFFFFFFFFFFFFFFFFFFFFFFFFFFFFFFFFFFFFFFFFFFFFFFFFFFFFFFFFFFFFFFFFFF
09BAC1240043000F4A60C27900000000920000000000713DE441F6887444E13A9443A47012428FC2FBC152B8CEC08FC2CF418FC2F5BC000000803333933F000000000000000000000000
09CAC0FD0027000F4A60C2B80000000000000200000048E12D42D8F16B41B8AE050048FB030028390000410C0000
09AAC0FD0058000F4A610936000000000000008FC25540068155404E625040000080BFAAF15240A245564052B83E40CBA1853FCDCCCC3D0000C03FCDAC0D44000080BF0000000000000000CDCC4CBECDCC4CBE010101000101010107000000
08A4C1110045000F4A61148C00000000030001010101010101000000000000000000000000000000000000000000000000000000183400000000000000000000000000000000000033000000
088AC1160013000F4A6121650000000003000003000000000000
09BAC1250043000F4A61426200000000920001010100EC51E44152887444854B9443EC5112425C8FF8C152B816C152B8D2410AD723BD0AD7A3BCE17A943F000000000000000000000000
0890C114003D000F4A61548B0000000000000000000000000000000000000000000000000000000000000000000000000000000000000000000000000100010001000100
08AAC1170049000F4A616E25000000000002000007000000000000000200000000000000060000000000000000000000000000000000000000000000803E0000803E0000FFFFFFFFFFFFFFFF00000C00
08ADC11500AD000F4A624C8A000000000000010001011F0000000300000000000000000000000000000000000000000010270000100100000D010000D50C00000C0100000D010000FFFFFFFFFFFFFFFFFFFFFFFFFFFFFFFFFFFFFFFFFFFFFFFFFFFFFFFFFFFFFFFFFFFFFFFFFFFFFFFFFFFFFFFFFFFFFFFFFFFFFFFFFFFFFFFFFFFFFFFFFFFFFFFFFFFFFFFFFFFFFFFFFFFFFFFFFFFFFFFFFFFFFFFFFFFFFFFFFFFFFFFFFFFFFFFFFFFFFFFFFFFFFFFFFFFFFFFF
08B8C1120069000F4A624CCC000000000000010001000100000000000000000000000000000000001B0E0000000000002F63662F64735F66696C7465725F74626C2E74626C00000000000000000000000000000000000000000000000000000000000000000000000000000000000000
089BC1150015000F4A624FA800000000000000000000000003001400
08A7C11500A5000F4A6254990000000000000300FFFFFFFFFFFFFFFFFFFFFFFFFFFFFFFFFFFFFFFFFFFFFFFFFFFFFFFFFFFFFFFFFFFFFFFFFFFFFFFFFFFFFFFF333333333333333333333333333333333333333333333333333333333333333333333333333333333333333333333333333333333333333333333333333333333333333333333333333333333333333333333333333333330000000000000000000000000000000000000000
0887C114005D000F4A62615800000000000000000000000000000000000000000000000000000000000000000000000000000000000000000000000000000000000000000000000000000000000000000000000000000000000000000000000000000000
09BAC1260043000F4A628A5E00000000930000000000EC51E44152887444854B9443EC5112425C8FF8C152B816C152B8D2410AD723BD0AD7A3BCE17A943F000000000000000000000000
09CAC0FE0027000F4A628A930000000000000200000031083042288C0A42B8AE050048FB030028390000410C0000
09AAC0FE0058000F4A628C02000000000000008FC255406ABC544073685140000080BFA01A4F407368514089414040CBA1853F3333333FCDCC8C3F33931144000080BF00000000CDCC4CBECDCCCCBE00000000010101000101010107000000
09DAC0DA0099000F4A628D2200000000000904000100012F7661722F70697361742F646174612F636170747572655F342E6A7067000000000000000000000000000000000000000000000000000000000000000000000000000000000000000000000000000000000000000000000000000000000000000000000000000000000000000000000000000000000000000000000000000000A01F02006493676A00
0897C113003D000F4A6300260000000000000101ADA900000000000098A60100B0000C19E500000002000000BE0400002900000047040000950000000000630000000100
08A4C1120045000F4A6507BE00000000030001010101010101000000000000000000000000000000000000000000000000000000183400000000000000000000000000000000000033000000
088AC1170013000F4A6521650000000003000003000000000000
0890C115003D000F4A65548B0000000000000000000000000000000000000000000000000000000000000000000000000000000000000000000000000100010001000100
08AAC1180049000F4A656E25000000000002000007000000000000000200000000000000060000000000000000000000000000000000000000000000803E0000803E0000FFFFFFFFFFFFFFFF00000C00
08ADC11600AD000F4A661B16000000000000010001011F0000000300000000000000000000000000000000000000000010270000110100000E010000E20C00000D0100000E010000FFFFFFFFFFFFFFFFFFFFFFFFFFFFFFFFFFFFFFFFFFFFFFFFFFFFFFFFFFFFFFFFFFFFFFFFFFFFFFFFFFFFFFFFFFFFFFFFFFFFFFFFFFFFFFFFFFFFFFFFFFFFFFFFFFFFFFFFFFFFFFFFFFFFFFFFFFFFFFFFFFFFFFFFFFFFFFFFFFFFFFFFFFFFFFFFFFFFFFFFFFFFFFFFFFFFFFFF
08B8C1130069000F4A6623EB00000000000001000100010000000000000000000000000000000000330E0000000000002F63662F64735F66696C7465725F74626C2E74626C00000000000000000000000000000000000000000000000000000000000000000000000000000000000000
089BC1160015000F4A662E2500000000000000000000000003001400
08A7C11600A5000F4A6647C10000000000000300FFFFFFFFFFFFFFFFFFFFFFFFFFFFFFFFFFFFFFFFFFFFFFFFFFFFFFFFFFFFFFFFFFFFFFFFFFFFFFFFFFFFFFFF333333333333333333333333333333333333333333333333333333333333333333333333333333333333333333333333333333333333333333333333333333333333333333333333333333333333333333333333333333330000000000000000000000000000000000000000
0887C115005D000F4A66615800000000000000000000000000000000000000000000000000000000000000000000000000000000000000000000000000000000000000000000000000000000000000000000000000000000000000000000000000000000
0897C114003D000F4A66FAF000000000000001014AAA00000000000028A80100B0002319E600000002000000C2040000290000004A040000950000006200630063000100
09BAC1270043000F4A678A8300000000930001010100EC51E441528874445C4F9443AE47124248E1E8C10AD7DBC048E1D0410AD7A3BC0AD723BC3333933F000000000000000000000000
09CAC0FF0027000F4A678ABC000000000000020000001B2F32428B9FEA41B8AE0500DCFA030028390000410C0000
09AAC0FF0058000F4A678C02000000000000008716594021B0524073685140000080BFA01A4F40BE9F3A4089414040CBA1853F9A993940CDCCCCBD33931344000080BF00000000CDCC4CBE000000BF000000BF010101000101010107000000
09DAC0DB0099000F4A678D3800000000000904000100012F7661722F70697361742F646174612F636170747572655F342E6A7067000000000000000000000000000000000000000000000000000000000000000000000000000000000000000000000000000000000000000000000000000000000000000000000000000000000000000000000000000000000000000000000000000000A01F02006493676A00
08A4C1130045000F4A6907BE00000000030001010101010101000000000000000000000000000000000000000000000000000000183400000000000000000000000000000000000034000000
088AC1180013000F4A6921640000000003000003000000000000
0890C116003D000F4A69548B0000000000000000000000000000000000000000000000000000000000000000000000000000000000000000000000000100010001000100
08AAC1190049000F4A696E26000000000002000007000000000000000200000000000000060000000000000000000000000000000000000000000000803E0000803E0000FFFFFFFFFFFFFFFF00000C00
08ADC11700AD000F4A69EE42000000000000010001011F0000000300000000000000000000000000000000000000000010270000120100000F010000E70C00000E0100000F010000FFFFFFFFFFFFFFFFFFFFFFFFFFFFFFFFFFFFFFFFFFFFFFFFFFFFFFFFFFFFFFFFFFFFFFFFFFFFFFFFFFFFFFFFFFFFFFFFFFFFFFFFFFFFFFFFFFFFFFFFFFFFFFFFFFFFFFFFFFFFFFFFFFFFFFFFFFFFFFFFFFFFFFFFFFFFFFFFFFFFFFFFFFFFFFFFFFFFFFFFFFFFFFFFFFFFFFFF
08B8C1140069000F4A6A171F000000000000010001000100000000000000000000000000000000004A0E0000000000002F63662F64735F66696C7465725F74626C2E74626C00000000000000000000000000000000000000000000000000000000000000000000000000000000000000
089BC1170015000F4A6A30B600000000000000000000000003001400
08A7C11700A5000F4A6A4A500000000000000300FFFFFFFFFFFFFFFFFFFFFFFFFFFFFFFFFFFFFFFFFFFFFFFFFFFFFFFFFFFFFFFFFFFFFFFFFFFFFFFFFFFFFFFF333333333333333333333333333333333333333333333333333333333333333333333333333333333333333333333333333333333333333333333333333333333333333333333333333333333333333333333333333333330000000000000000000000000000000000000000
0887C116005D000F4A6A63E700000000000000000000000000000000000000000000000000000000000000000000000000000000000000000000000000000000000000000000000000000000000000000000000000000000000000000000000000000000
0897C115003D000F4A6B33430000000000000101EBAA000000000000B8A90100B0004119E700000002000000C6040000290000004F040000950000001400630000000100
09BAC1280043000F4A6C8CED00000000940000000000EC51E441528874445C4F9443AE47124248E1E8C10AD7DBC048E1D0410AD7A3BC0AD723BC3333933F000000000000000000000000
09CAC1000027000F4A6C8D240000000000000200000031083042A8F5EB41B8AE0500DCFA030028390000410C0000
09AAC1000058000F4A6C8EA000000000000000E17A54403789414073685140000080BFA01A4F40894140406ABC5440DD24863F6766663FCDCCCCBE67C61144000080BF9A99993ECDCCCCBD9A99193FCDCCCCBD010101000101010107000000
09DAC0DC0099000F4A6C8FAA00000000000904000100012F7661722F70697361742F646174612F636170747572655F342E6A7067000000000000000000000000000000000000000000000000000000000000000000000000000000000000000000000000000000000000000000000000000000000000000000000000000000000000000000000000000000000000000000000000000000A01F02006493676A00
08A4C1140045000F4A6D0CCE00000000030001010101010101000000000000000000000000000000000000000000000000000000183400000000000000000000000000000000000034000000
088AC1190013000F4A6D26740000000003000003000000000000
08B8C1150069000F4A6E148F00000000000001000100010000000000000000000000000000000000610E0000000000002F63662F64735F66696C7465725F74626C2E74626C00000000000000000000000000000000000000000000000000000000000000000000000000000000000000
089BC1180015000F4A6E2E2500000000000000000000000003001400
08A7C11800A5000F4A6E47C20000000000000300FFFFFFFFFFFFFFFFFFFFFFFFFFFFFFFFFFFFFFFFFFFFFFFFFFFFFFFFFFFFFFFFFFFFFFFFFFFFFFFFFFFFFFFF333333333333333333333333333333333333333333333333333333333333333333333333333333333333333333333333333333333333333333333333333333333333333333333333333333333333333333333333333333330000000000000000000000000000000000000000
0887C117005D000F4A6E615800000000000000000000000000000000000000000000000000000000000000000000000000000000000000000000000000000000000000000000000000000000000000000000000000000000000000000000000000000000
0897C116003D000F4A6F148A000000000000010175AB00000000000012AB0100B1005319E900000002000000CA0400002900000053040000950000000800630063000100
08A4C1150045000F4A710A4F00000000030001010101010101000000000000000000000000000000000000000000000000000000183400000000000000000000000000000000000034000000
088AC11A0013000F4A7123F40000000003000003000000000000
08ADC11800AD000F4A719798000000000000010001011F00000003000000000000000000000000000000000000000000102700001401000011010000FD0C00001001000011010000FFFFFFFFFFFFFFFFFFFFFFFFFFFFFFFFFFFFFFFFFFFFFFFFFFFFFFFFFFFFFFFFFFFFFFFFFFFFFFFFFFFFFFFFFFFFFFFFFFFFFFFFFFFFFFFFFFFFFFFFFFFFFFFFFFFFFFFFFFFFFFFFFFFFFFFFFFFFFFFFFFFFFFFFFFFFFFFFFFFFFFFFFFFFFFFFFFFFFFFFFFFFFFFFFFFFFFFF
0890C117003D000F4A7197D30000000000000000000000000000000000000000000000000000000000000000000000000000000000000000000000000100010001000100
08AAC11A0049000F4A719C3B000000000002000007000000000000000200000000000000060000000000000000000000000000000000000000000000803E0000803E0000FFFFFFFFFFFFFFFF00000C00
09BAC1290043000F4A71A19100000000940001010100713DE4413D8A7444142E9443AE4712421F8502C2295CDFC01F85F3418FC2F5BC0AD7233CE17A943F000000000000000000000000
09CAC1010027000F4A71A1C400000000000002000000310830424753E741B8AE0500E8FA030028390000410C0000
09AAC1010058000F4A71A31A000000000000002B875640B6F33D40E9265140000080BF295C4F40EE7C3F403D0A5740CBA1853FCDCCCC3D000000BF67061344000080BFCDCCCC3D9A9999BE6766E63FCDCC4CBE010101000101010107000000
09DAC0DD0099000F4A71A45800000000000904000100012F7661722F70697361742F646174612F636170747572655F342E6A7067000000000000000000000000000000000000000000000000000000000000000000000000000000000000000000000000000000000000000000000000000000000000000000000000000000000000000000000000000000000000000000000000000000A01F02006493676A00
08B8C1160069000F4A72199F00000000000001000100010000000000000000000000000000000000790E0000000000002F63662F64735F66696C7465725F74626C2E74626C00000000000000000000000000000000000000000000000000000000000000000000000000000000000000
089BC1190015000F4A72333500000000000000000000000003001400
08A7C11900A5000F4A724CD10000000000000300FFFFFFFFFFFFFFFFFFFFFFFFFFFFFFFFFFFFFFFFFFFFFFFFFFFFFFFFFFFFFFFFFFFFFFFFFFFFFFFFFFFFFFFF333333333333333333333333333333333333333333333333333333333333333333333333333333333333333333333333333333333333333333333333333333333333333333333333333333333333333333333333333333330000000000000000000000000000000000000000
0887C118005D000F4A72666800000000000000000000000000000000000000000000000000000000000000000000000000000000000000000000000000000000000000000000000000000000000000000000000000000000000000000000000000000000
08A4C1160045000F4A7407BF00000000030001010101010101000000000000000000000000000000000000000000000000000000183400000000000000000000000000000000000034000000
088AC11B0013000F4A7421650000000003000003000000000000
08ADC11900AD000F4A7492B5000000000000010001011F00000003000000000000000000000000000000000000000000102700001501000012010000080D00001101000012010000FFFFFFFFFFFFFFFFFFFFFFFFFFFFFFFFFFFFFFFFFFFFFFFFFFFFFFFFFFFFFFFFFFFFFFFFFFFFFFFFFFFFFFFFFFFFFFFFFFFFFFFFFFFFFFFFFFFFFFFFFFFFFFFFFFFFFFFFFFFFFFFFFFFFFFFFFFFFFFFFFFFFFFFFFFFFFFFFFFFFFFFFFFFFFFFFFFFFFFFFFFFFFFFFFFFFFFFF
0890C118003D000F4A7492F60000000000000000000000000000000000000000000000000000000000000000000000000000000000000000000000000100010001000100
08AAC11B0049000F4A74971C000000000002000007000000000000000200000000000000060000000000000000000000000000000000000000000000803E0000803E0000FFFFFFFFFFFFFFFF00000C00
08AAC11C0049000F4A776E28000000000002000007000000000000000200000000000000060000000000000000000000000000000000000000000000803E0000803E0000FFFFFFFFFFFFFFFF00000C00
08B8C1170069000F4A78148E000000000000010001000100000000000000000000000000000000009F0E0000000000002F63662F64735F66696C7465725F74626C2E74626C00000000000000000000000000000000000000000000000000000000000000000000000000000000000000
089BC11A0015000F4A782E2500000000000000000000000003001400
08A7C11A00A5000F4A7875E10000000000000300FFFFFFFFFFFFFFFFFFFFFFFFFFFFFFFFFFFFFFFFFFFFFFFFFFFFFFFFFFFFFFFFFFFFFFFFFFFFFFFFFFFFFFFF333333333333333333333333333333333333333333333333333333333333333333333333333333333333333333333333333333333333333333333333333333333333333333333333333333333333333333333333333333330000000000000000000000000000000000000000
0887C119005D000F4A787AFA00000000000000000000000000000000000000000000000000000000000000000000000000000000000000000000000000000000000000000000000000000000000000000000000000000000000000000000000000000000
0897C117003D000F4A78FAF10000000000000101FDAC000000000000F6AE0100B4008119EC00000002000000D6040000290000005D040000960000006200630063000100
08A4C1170045000F4A7A07BF00000000030001010101010101000000000000000000000000000000000000000000000000000000183400000000000000000000000000000000000034000000
088AC11C0013000F4A7A21650000000003000003000000000000
0890C119003D000F4A7A548B0000000000000000000000000000000000000000000000000000000000000000000000000000000000000000000000000100010001000100
08AAC11D0049000F4A7A6E28000000000002000007000000000000000200000000000000060000000000000000000000000000000000000000000000803E0000803E0000FFFFFFFFFFFFFFFF00000C00
08ADC11A00AD000F4A7AFEF0000000000000010001011F000000030000000000000000000000000000000000000000001027000016010000130100001B0D00001201000013010000FFFFFFFFFFFFFFFFFFFFFFFFFFFFFFFFFFFFFFFFFFFFFFFFFFFFFFFFFFFFFFFFFFFFFFFFFFFFFFFFFFFFFFFFFFFFFFFFFFFFFFFFFFFFFFFFFFFFFFFFFFFFFFFFFFFFFFFFFFFFFFFFFFFFFFFFFFFFFFFFFFFFFFFFFFFFFFFFFFFFFFFFFFFFFFFFFFFFFFFFFFFFFFFFFFFFFFFF
08B8C1180069000F4A7B171900000000000001000100010000000000000000000000000000000000AE0E0000000000002F63662F64735F66696C7465725F74626C2E74626C00000000000000000000000000000000000000000000000000000000000000000000000000000000000000
089BC11B0015000F4A7B30AF00000000000000000000000003001400
08A7C11B00A5000F4A7B4A4C0000000000000300FFFFFFFFFFFFFFFFFFFFFFFFFFFFFFFFFFFFFFFFFFFFFFFFFFFFFFFFFFFFFFFFFFFFFFFFFFFFFFFFFFFFFFFF333333333333333333333333333333333333333333333333333333333333333333333333333333333333333333333333333333333333333333333333333333333333333333333333333333333333333333333333333333330000000000000000000000000000000000000000
0887C11A005D000F4A7B63E300000000000000000000000000000000000000000000000000000000000000000000000000000000000000000000000000000000000000000000000000000000000000000000000000000000000000000000000000000000
0897C118003D000F4A7BFD7B000000000000010173AD00000000000024B00100B5009019EC00000002000000DA0400002900000060040000970000006300630000000101
09BAC12A0043000F4A7D949700000000950000000000713DE4413D8A7444142E9443AE4712421F8502C2295CDFC01F85F3418FC2F5BC0AD7233CE17A943F000000000000000000000000
09CAC1020027000F4A7D94D000000000000002000000310830421139EA41B8AE050094FA030028390000410C0000
09AAC1020058000F4A7D964900000000000000C52050405839544073685140000080BFB29D4F407D3F554004562E40DD24863F9A9999BE9A99993F67261044000080BF000000003333333F000000BFCDCCCCBD010101000101010107000000
09DAC0DE0099000F4A7D975500000000000904000100012F7661722F70697361742F646174612F636170747572655F342E6A7067000000000000000000000000000000000000000000000000000000000000000000000000000000000000000000000000000000000000000000000000000000000000000000000000000000000000000000000000000000000000000000000000000000A01F02006493676A00
08A4C1180045000F4A7E0A5100000000030001010101010101000000000000000000000000000000000000000000000000000000183400000000000000000000000000000000000035000000
088AC11D0013000F4A7E23F50000000003000003000000000000
0890C11A003D000F4A7E571C0000000000000000000000000000000000000000000000000000000000000000000000000000000000000000000000000100010001000100
08AAC11E0049000F4A7E70B6000000000002000007000000000000000200000000000000060000000000000000000000000000000000000000000000803E0000803E0000FFFFFFFFFFFFFFFF00000C00
08ADC11B00AD000F4A7ECD95000000000000010001011F00000003000000000000000000000000000000000000000000102700001701000014010000260D00001301000014010000FFFFFFFFFFFFFFFFFFFFFFFFFFFFFFFFFFFFFFFFFFFFFFFFFFFFFFFFFFFFFFFFFFFFFFFFFFFFFFFFFFFFFFFFFFFFFFFFFFFFFFFFFFFFFFFFFFFFFFFFFFFFFFFFFFFFFFFFFFFFFFFFFFFFFFFFFFFFFFFFFFFFFFFFFFFFFFFFFFFFFFFFFFFFFFFFFFFFFFFFFFFFFFFFFFFFFFFF
09BAC12B0043000F4A7ECE1600000000950001010100F628E441CD8C744400009443AE471242D7A3F4C148E1EAC0A470E9410AD7A3BC0AD7233C3333933F000000000000000000000000
08B8C1190069000F4A7F199C00000000000001000100010000000000000000000000000000000000C60E0000000000002F63662F64735F66696C7465725F74626C2E74626C00000000000000000000000000000000000000000000000000000000000000000000000000000000000000
089BC11C0015000F4A7F333200000000000000000000000003001400
08A7C11C00A5000F4A7F4CCF0000000000000300FFFFFFFFFFFFFFFFFFFFFFFFFFFFFFFFFFFFFFFFFFFFFFFFFFFFFFFFFFFFFFFFFFFFFFFFFFFFFFFFFFFFFFFF333333333333333333333333333333333333333333333333333333333333333333333333333333333333333333333333333333333333333333333333333333333333333333333333333333333333333333333333333333330000000000000000000000000000000000000000
09BAC12C0043000F4A7F4D6700000000960000000000F628E441CD8C744400009443AE471242D7A3F4C148E1EAC0A470E9410AD7A3BC0AD7233C3333933F000000000000000000000000
09CAC1030027000F4A7F4D970000000000000200000031083042C4809441B8AE050018FA030028390000410C0000
09AAC1030058000F4A7F4F1900000000000000DF4F4D40A2455640D7A35040000080BFD7A35040E17A5440295C2F40CBA1853FCDCCCCBD3333F33F67A6FA43000080BFCDCCCC3DCDCC4C3ECDCCCCBECDCC4CBE010101000101010107000000
0887C11B005D000F4A7F666600000000000000000000000000000000000000000000000000000000000000000000000000000000000000000000000000000000000000000000000000000000000000000000000000000000000000000000000000000000
0897C119003D000F4A80199D000000000000010114AE000000000000B4B10100B500B019ED00000002000000DE0400002900000065040000970000000A00630000000100
08A4C1190045000F4A8107C000000000030001010101010101000000000000000000000000000000000000000000000000000000183400000000000000000000000000000000000035000000
088AC11E0013000F4A8121650000000003000003000000000000
0890C11B003D000F4A81548C0000000000000000000000000000000000000000000000000000000000000000000000000000000000000000000000000100010001000100
08ADC11C00AD000F4A819C04000000000000010001011F00000003000000000000000000000000000000000000000000102700001801000015010000310D00001401000015010000FFFFFFFFFFFFFFFFFFFFFFFFFFFFFFFFFFFFFFFFFFFFFFFFFFFFFFFFFFFFFFFFFFFFFFFFFFFFFFFFFFFFFFFFFFFFFFFFFFFFFFFFFFFFFFFFFFFFFFFFFFFFFFFFFFFFFFFFFFFFFFFFFFFFFFFFFFFFFFFFFFFFFFFFFFFFFFFFFFFFFFFFFFFFFFFFFFFFFFFFFFFFFFFFFFFFFFFF
08AAC11F0049000F4A819ED2000000000002000007000000000000000200000000000000060000000000000000000000000000000000000000000000803E0000803E0000FFFFFFFFFFFFFFFF00000C00
09BAC12D0043000F4A81A42000000000960001010100713DE441F688744400409443AE471242EC51EEC1AE47E1C085EBC3410AD723BD0AD7A33C8FC2953F000000000000000000000000
09CAC1040027000F4A81A455000000000000020000001B2F3242119A0A42B8AE0500F4F9030028390000410C0000
09AAC1040058000F4A81A5AA00000000000000D7A350406ABC544060E55040000080BFB29D4F4021B05240B6F33D40B81E853F00000000CDCCCC3F9A791344000080BFCDCCCCBD000000009A9919BFCDCCCCBD010101000101010107000000
09DAC0DF0099000F4A81A6EB00000000000904000100012F7661722F70697361742F646174612F636170747572655F342E6A7067000000000000000000000000000000000000000000000000000000000000000000000000000000000000000000000000000000000000000000000000000000000000000000000000000000000000000000000000000000000000000000000000000000A01F02006493676A00
08A4C11A0045000F4A842B9500000000030001010101010101000000000000000000000000000000000000000000000000000000183400000000000000000000000000000000000035000000
088AC11F0013000F4A8430C10000000003000003000000000000
0890C11C003D000F4A84548A0000000000000000000000000000000000000000000000000000000000000000000000000000000000000000000000000100010001000100
08AAC1200049000F4A846E25000000000002000007000000000000000200000000000000060000000000000000000000000000000000000000000000803E0000803E0000FFFFFFFFFFFFFFFF00000C00
08B8C11A0069000F4A85148E00000000000001000100010000000000000000000000000000000000ED0E0000000000002F63662F64735F66696C7465725F74626C2E74626C00000000000000000000000000000000000000000000000000000000000000000000000000000000000000
08ADC11D00AD000F4A856A6B000000000000010001011F000000030000000000000000000000000000000000000000001027000019010000160100003C0D00001501000016010000FFFFFFFFFFFFFFFFFFFFFFFFFFFFFFFFFFFFFFFFFFFFFFFFFFFFFFFFFFFFFFFFFFFFFFFFFFFFFFFFFFFFFFFFFFFFFFFFFFFFFFFFFFFFFFFFFFFFFFFFFFFFFFFFFFFFFFFFFFFFFFFFFFFFFFFFFFFFFFFFFFFFFFFFFFFFFFFFFFFFFFFFFFFFFFFFFFFFFFFFFFFFFFFFFFFFFFFF
089BC11D0015000F4A856AD3000000000000000000000