0,0.2222222514012957,0.9533688994269909
0.015136226415634156,0.18518507819524865,0.951076862280182
0.05602801322937012,0.25925916199568055,0.9461766449318318
0.10898380279541016,0.25925916199568055,0.9452282157676346
0.10751104354858398,0.25925916199568055,0.9453467694131592
0.10554737091064453,0.2962963352017276,0.9454653230586838
0.1726844596862793,0.2962963352017276,0.9455838767042084
0.08717222213745117,0.33333324579611245,0.9455838767042084
0.11007370948791505,0.25925916199568055,0.9455838767042084
0.11116576194763184,0.2962963352017276,0.9443588223671209
0.11056510925292969,0.33333324579611245,0.9435289468484487
0.11274509429931641,0.33333324579611245,0.9435684647302902
0.1118195152282715,0.33333324579611245,0.9436475004939733
0.11280038833618164,0.33333324579611245,0.9436870183758148
0.07663782596588135,0.2962963352017276,0.9437265362576563
0.1371753215789795,0.3703704190021595,0.9437265362576563
0.10305720329284668,0.33333324579611245,0.9437660541394979
0.10064134597778321,0.33333324579611245,0.9440821971942301
0.10909090995788574,0.33333324579611245,0.9441612329579132
0.10705475807189942,0.3703704190021595,0.9443588223671209
0.10356788635253907,0.3703704190021595,0.9431337680300333
0.09327731132507325,0.33333324579611245,0.9419087136929458
0.1475796890258789,0.3703704190021595,0.9419087136929458
0.10705475807189942,0.3703704190021595,0.9420272673384704
0.09655172348022462,0.33333324579611245,0.9419482315747874
0.11143838882446289,0.3703704190021595,0.9421853388658366
0.10810811042785645,0.40740732959654435,0.9424224461568858
0.10942843437194824,0.40740732959654435,0.9424619640387273
0.12402669906616211,0.3703704190021595,0.9424619640387273
0.03162055253982544,0.3703704190021595,0.9424619640387273
0.11675622940063476,0.3703704190021595,0.9412369097016398
0.11056510925292969,0.3703704190021595,0.9415135348745305
0.10617283821105958,0.40740732959654435,0.941553052756372
0.11399217605590821,0.40740732959654435,0.9417506421655797
0.10705475807189942,0.40740732959654435,0.9417901600474212
0.10974409103393555,0.40740732959654435,0.9417901600474212
0.061538462638854985,0.40740732959654435,0.9418691958111043
0.11635220527648926,0.40740732959654435,0.9407231772376998
0.10575504302978515,0.40740732959654435,0.9396561944279784
0.10461689949035645,0.3703704190021595,0.9396561944279784
0.10575504302978515,0.3703704190021595,0.9399328196008692
0.10744209289550781,0.40740732959654435,0.9400513732463938
0.10534124374389649,0.40740732959654435,0.9400908911282353
0.099609375,0.44444450280259185,0.9401699268919184
0.1213307285308838,0.44444450280259185,0.9392214977277216
0.10598626136779786,0.44444450280259185,0.9392214977277216
0.1,0.40740732959654435,0.9393005334914046
0.11274509429931641,0.44444450280259185,0.9393005334914046
0.11268985748291016,0.40740732959654435,0.939774748073503
0.10471976280212403,0.48148141339697625,0.9398537838371861
0.11928650856018067,0.44444450280259185,0.9400908911282353
0.09402460098266602,0.40740732959654435,0.9400908911282353
0.10909090995788574,0.40740732959654435,0.9401304090100768
0.1079349422454834,0.40740732959654435,0.939102944082197
0.10705475807189942,0.48148141339697625,0.937996443390634
0.11007370948791505,0.40740732959654435,0.9381149970361586
0.10578349113464355,0.48148141339697625,0.9383521043272078
0.1180040454864502,0.48148141339697625,0.9374431930448526
0.08759123802185059,0.48148141339697625,0.9374431930448526
0.10842780113220216,0.44444450280259185,0.9375617466903772
0.11263466835021974,0.48148141339697625,0.9376407824540602
0.10064134597778321,0.48148141339697625,0.9380359612724756
0.10019742965698242,0.40740732959654435,0.9358624777711912
0.10738916397094726,0.44444450280259185,0.9359415135348743
0.11689007759094239,0.44444450280259185,0.9342422446156884
0.08720930099487305,0.5185185866030237,0.9342422446156884
0.10666666984558106,0.48148141339697625,0.9354672989527759
0.10029498100280762,0.48148141339697625,0.9347164591977868
0.10920665740966796,0.48148141339697625,0.934360798261213
0.10963618278503418,0.48148141339697625,0.9346374234341037
0.10974409103393555,0.48148141339697625,0.9346769413159453
0.1111111068725586,0.44444450280259185,0.9325034578146609
0.06603773593902589,0.48148141339697625,0.9327010472238686
0.14715536117553712,0.48148141339697625,1
0.10084033966064454,0.48148141339697625,0.9950602647698084
0.11453744888305664,0.5185185866030237,0.9947046038332346
0.10969011306762695,0.48148141339697625,0.9952973720608576
0.11154790878295899,0.48148141339697625,0.9942699071329777
0.10969011306762695,0.48148141339697625,0.9935190673779886
0.1093596076965332,0.48148141339697625,0.9925706382137918
0.11071428298950195,0.48148141339697625,0.9926101560956333
0.11058451652526856,0.48148141339697625,0.9889745109662123
0.10612043380737304,0.5185185866030237,0.9891325824935784
0.0990099048614502,0.48148141339697625,0.9892906540209445
0.10246305465698242,0.48148141339697625,0.9883422248567477
0.10541872024536134,0.5185185866030237,0.9884607785022723
0.1079349422454834,0.48148141339697625,0.9873147599288679
0.10502793312072754,0.48148141339697625,0.9873542778107094
0.16194332122802735,0.5185185866030237,0.9864058486465126
0.09813542366027832,0.48148141339697625,0.9851807943094251
0.11836337089538575,0.48148141339697625,0.9852598300731081
0.11056510925292969,0.48148141339697625,0.9852598300731081
0.10484668731689453,0.5185185866030237,0.9852598300731081
0.1079349422454834,0.5185185866030237,0.9852598300731081
0.10197044372558595,0.5555554971974082,0.9857735625370481
0.1470588207244873,0.48148141339697625,0.9857735625370481
0.10110584259033203,0.48148141339697625,0.9841138114997037
0.10307234764099121,0.48148141339697625,0.982651649871567
0.1122549057006836,0.48148141339697625,0.9814265955344794
0.10578349113464355,0.5185185866030237,0.9815056312981625
0.10710760116577149,0.5185185866030237,0.980280576961075
0.10705475807189942,0.48148141339697625,0.9790555226239874
0.07002800941467285,0.48148141339697625,0.979095040505829
0.12135176658630371,0.5555554971974082,0.979095040505829
0.11100196838378906,0.48148141339697625,0.977909504050583
0.10635154724121094,0.5555554971974082,0.9771586642955938
0.1041257381439209,0.5555554971974082,0.9771586642955938
0.10177865982055664,0.5555554971974082,0.976131199367714
0.10479485511779785,0.5185185866030237,0.9736810906935389
0.10482283592224122,0.5185185866030237,0.9739577158664297
0.09540287017822266,0.48148141339697625,0.9739972337482712
0.11051080703735351,0.5185185866030237,0.9730488045840744
0.11105650901794434,0.5185185866030237,0.9720213396561945
0.10484668731689453,0.5185185866030237,0.9708753210827901
0.10396039962768555,0.5185185866030237,0.9709148389646316
0.1102941131591797,0.5555554971974082,0.9709148389646316
0.10128913879394531,0.5185185866030237,0.9709148389646316
0.09975308418273926,0.5185185866030237,0.9688994269907134
0.10448496818542481,0.5555554971974082,0.9692946058091287
0.10925196647644043,0.5185185866030237,0.9692946058091287
0.11198428153991699,0.48148141339697625,0.9682671408812489
0.10963618278503418,0.5555554971974082,0.9682671408812489
0.11230995178222657,0.5555554971974082,0.9658170322070738
0.07142857074737549,0.5555554971974082,0.96597510373444
0.1162094783782959,0.5555554971974082,0.96597510373444
0.1052891731262207,0.5555554971974082,0.9660146216162815
0.11100196838378906,0.5555554971974082,0.9650266745702432
0.10030030250549317,0.5185185866030237,0.9650266745702432
0.15665796279907226,0.5555554971974082,0.9650266745702432
0.12881022453308105,0.5555554971974082,0.9741157873937958
0.10119047164916993,0.5185185866030237,0.9751037344398341
0.10171990394592285,0.5555554971974082,0.9748666271487849
0.10108481407165527,0.5555554971974082,0.9749061450306264
0.11404796600341797,0.5185185866030237,0.9736810906935389
0.11143838882446289,0.5555554971974082,0.9726141078838175
0.10925196647644043,0.5555554971974082,0.9718632681288284
0.10919540405273438,0.5555554971974082,0.9715471250740961
0.1102941131591797,0.5185185866030237,0.9704801422643747
0.11236506462097168,0.5555554971974082,0.9694526773364949
0.10466830253601074,0.5555554971974082,0.9695317131001779
0.10461689949035645,0.5185185866030237,0.9695712309820195
0.10859951019287109,0.5555554971974082,0.9683461766449319
0.10963618278503418,0.5925926704034556,0.9683461766449319
0.12112832069396973,0.5925926704034556,0.9674767832444182
0.030701754093170167,0.5555554971974082,0.9674767832444182
0.11143838882446289,0.5555554971974082,0.9651452282157678
0.11268985748291016,0.5555554971974082,0.9652637818612924
0.11094747543334961,0.5185185866030237,0.9656589606797077
0.11242022514343263,0.5555554971974082,0.9656589606797077
0.10700197219848633,0.5555554971974082,0.9656589606797077
0.1043307113647461,0.5555554971974082,0.9656589606797077
0.10967741966247559,0.5185185866030237,0.9656589606797077
0.10520722389221192,0.5555554971974082,0.9657379964433908
0.09095402717590333,0.5555554971974082,0.96597510373444
0.11056751251220703,0.5555554971974082,0.9661726931436476
0.10754810333251953,0.5185185866030237,0.9663702825528553
0.10435213088989258,0.5185185866030237,0.9663702825528553
0.1131243896484375,0.5185185866030237,0.9651847460976093
0.14814814567565918,0.5925926704034556,0.9651847460976093
0.09759358406066895,0.5555554971974082,0.9652637818612924
0.10617283821105958,0.5555554971974082,0.9652637818612924
0.11996067047119141,0.5555554971974082,0.94819205690575
0.1075638484954834,0.5555554971974082,0.94819205690575
0.1033464527130127,0.5555554971974082,0.9461766449318318
0.09990108489990235,0.5555554971974082,0.9458605018770996
0.10596615791320801,0.5185185866030237,0.9459395376407826
0.12104689598083497,0.5555554971974082,0.9459395376407826
0.11094747543334961,0.5555554971974082,0.9459395376407826
0.11018199920654297,0.5555554971974082,0.9464927879865641
0.10925196647644043,0.5555554971974082,0.9452677336494761
0.10925196647644043,0.5555554971974082,0.9452677336494761
0.1083210277557373,0.5555554971974082,0.9455443588223669
0.10467412948608398,0.5555554971974082,0.9455838767042084
0.15572232246398926,0.5925926704034556,0.9455838767042084
0.11187103271484375,0.5555554971974082,0.9457024303497334
0.08687067985534667,0.5555554971974082,0.945820983995258
0.10789602279663087,0.5555554971974082,0.94510966212211
0.1083210277557373,0.5925926704034556,0.9429361786208257
0.11094747543334961,0.5555554971974082,0.9425805176842519
0.11446741104125976,0.5555554971974082,0.9426990713297765
0.04137930870056152,0.5925926704034556,0.9426990713297765
0.1131243896484375,0.5555554971974082,0.942738589211618
0.11230995178222657,0.5555554971974082,0.9429756965026672
0.10969011306762695,0.5555554971974082,0.9422248567476781
0.11350293159484863,0.5555554971974082,0.9417901600474212
0.11034820556640625,0.5555554971974082,0.9419877494566289
0.10593428611755372,0.5925926704034556,0.942145820983995
0.08539325714111329,0.5555554971974082,0.942145820983995
0.11173885345458985,0.5555554971974082,0.942145820983995
0.11274509429931641,0.5555554971974082,0.9422643746295196
0.11192931175231934,0.5555554971974082,0.9422643746295196
0.1153470230102539,0.5555554971974082,0.9422643746295196
0.11263466835021974,0.5555554971974082,0.9422643746295196
0.10837438583374023,0.5925926704034556,0.9424224461568858
0.08859223365783692,0.5555554971974082,0.9411973918197982
0.1263418674468994,0.5925926704034556,0.9411973918197982
0.10360137939453125,0.5555554971974082,0.9406441414740168
0.08702791213989258,0.5555554971974082,0.9406441414740168
0.15698392868041994,0.6666664915922249,0.6697490614503061
0.10661401748657227,0.5925926704034556,0.9329776723967593
0.10668633460998535,0.5555554971974082,0.9329776723967593
0.10902812004089356,0.5555554971974082,0.9338865836791146
0.11476213455200196,0.5925926704034556,0.9338865836791146
0.11323529243469238,0.5555554971974082,0.9340446552064807
0.11334641456604004,0.5555554971974082,0.9328591187512347
0.10881339073181152,0.5555554971974082,0.9328591187512347
0.11052631378173829,0.5925926704034556,0.9330962260422839
0.11598557472229004,0.5555554971974082,0.933175261805967
0.11280038833618164,0.5925926704034556,0.933175261805967
0.10975011825561523,0.62962958099784,0.933175261805967
0.10241260528564454,0.5555554971974082,0.930804188895475
0.10745829582214356,0.5925926704034556,0.9310808140683657
0.11415972709655763,0.5925926704034556,0.9311203319502073
0.09751037597656251,0.5925926704034556,0.9299743133768028
0.11830986022949219,0.5555554971974082,0.9299743133768028
0.10919822692871094,0.5925926704034556,0.9276032404663108
0.1083210277557373,0.5555554971974082,0.9268128828294802
0.10666666984558106,0.62962958099784,0.9281564908120923
0.1041257381439209,0.62962958099784,0.9276032404663108
0.10422812461853027,0.5925926704034556,0.9274846868207862
0.1095588207244873,0.5925926704034556,0.9258249357834418
0.10572687149047852,0.5555554971974082,0.9258644536652834
0.10329562187194824,0.5925926704034556,0.9249160245010866
0.10865289688110352,0.5555554971974082,0.9249555423829281
0.1118743896484375,0.62962958099784,0.9252321675558188
0.11100196838378906,0.62962958099784,0.9253112033195019
0.11415972709655763,0.62962958099784,0.9254297569650265
0.10611303329467774,0.5925926704034556,0.9254297569650265
0.14521451950073241,0.5925926704034556,0.9246393993281958
0.11143838882446289,0.5925926704034556,0.9243627741553051
0.11442543029785157,0.5925926704034556,0.923611934400316
0.11219989776611328,0.62962958099784,0.9211618257261409
0.10642472267150879,0.5925926704034556,0.9214384508990316
0.10997067451477051,0.5925926704034556,0.9202529144437857
0.11230995178222657,0.62962958099784,0.9203319502074687
0.1325301170349121,0.5925926704034556,0.9203319502074687
0.11014344215393067,0.5555554971974082,0.9203319502074687
0.11497064590454102,0.62962958099784,0.920648093262201
0.10567901611328125,0.5555554971974082,0.922505433708753
0.10744209289550781,0.6666664915922249,0.922505433708753
0.09620128631591797,0.5925926704034556,0.9212803793716655
0.10805500984191894,0.62962958099784,0.9212803793716655
0.12965723037719726,0.5555554971974082,0.9228215767634853
0.09204712867736817,0.5925926704034556,0.9228215767634853
0.09618245124816895,0.5925926704034556,0.9192254495159058
0.10800196647644043,0.62962958099784,0.9195020746887965
0.10656142234802246,0.5925926704034556,0.9160640189685831
0.11023622512817383,0.5925926704034556,0.9149970361588617
0.10744209289550781,0.5925926704034556,0.9142461964038726
0.11578947067260742,0.5925926704034556,0.9138510175854573
0.0941658115386963,0.5925926704034556,0.9127445168938944
0.10622529983520508,0.62962958099784,0.9127840347757359
0.1101278305053711,0.62962958099784,0.9103339261015608
0.11230995178222657,0.62962958099784,0.9110452479747084
0.11127379417419433,0.62962958099784,0.9108476585655008
0.10466830253601074,0.62962958099784,0.9101758545741947
0.1,0.5925926704034556,0.9106500691562931
0.14686469078063966,0.5925926704034556,0.9107686228018177
0.1079349422454834,0.5925926704034556,0.9107686228018177
0.10622529983520508,0.5925926704034556,0.9107686228018177
0.10479485511779785,0.5555554971974082,0.9108871764473423
0.10513326644897461,0.62962958099784,0.9109266943291838
0.10014727592468262,0.5925926704034556,0.9085951393005334
0.10563765525817871,0.5925926704034556,0.9085951393005334
0.18721460342407226,0.62962958099784,0.906342620035566
0.10837438583374023,0.5555554971974082,0.905236119344003
0.10142786979675293,0.5555554971974082,0.904564315352697
0.10388971328735352,0.5555554971974082,0.904564315352697
0.12537917137145996,0.62962958099784,0.904564315352697
0.14489990234375,0.62962958099784,0.914127642758348
0.11715685844421386,0.5925926704034556,0.8984390436672594
0,0.18518507819524865,0.9734044655206482
0.008130081295967102,0.18518507819524865,0.9734835012843313
0.0460829496383667,0.18518507819524865,0.9692946058091287
0.060498218536376956,0.2222222514012957,0.9692946058091287
0.05532994747161865,0.2222222514012957,0.9693736415728118
0.057389535903930665,0.18518507819524865,0.9683461766449319
0.061960387229919436,0.2222222514012957,0.9684647302904565
0.07102993488311768,0.25925916199568055,0.9684647302904565
0.06154628753662109,0.25925916199568055,0.9686623196996642
0.08126036643981933,0.25925916199568055,0.9687413554633473
0.053479852676391604,0.25925916199568055,0.9675163011262597
0.06145251274108887,0.2962963352017276,0.9676348547717843
0.05998983383178711,0.25925916199568055,0.9676348547717843
0.06142131805419922,0.2962963352017276,0.9677929262991505
0.062436547279357914,0.25925916199568055,0.9666864256075876
0.06914082527160645,0.25925916199568055,0.9655799249160246
0.07518022537231446,0.2962963352017276,0.9656589606797077
0.05020080089569092,0.25925916199568055,0.9657379964433908
0.06100660800933838,0.2962963352017276,0.9645919778699863
0.06142131805419922,0.33333324579611245,0.964789567279194
0.06310432434082032,0.33333324579611245,0.9648290851610355
0.06341958522796631,0.25925916199568055,0.9648290851610355
0.06100660800933838,0.33333324579611245,0.9648290851610355
0.06780923843383789,0.33333324579611245,0.9650266745702432
0.07324840545654297,0.33333324579611245,0.9650266745702432
0.06544900894165039,0.33333324579611245,0.9638016202331556
0.060944643020629886,0.33333324579611245,0.9641177632878879
0.0609756088256836,0.33333324579611245,0.9641177632878879
0.06103764057159424,0.33333324579611245,0.9629322268326419
0.061928935050964355,0.33333324579611245,0.9629717447144834
0.06433054447174072,0.33333324579611245,0.9629717447144834
0,0.33333324579611245,0.9629717447144834
0.06950786590576172,0.33333324579611245,0.963011262596325
0.060436768531799315,0.2962963352017276,0.9632878877692157
0.053889169692993164,0.3703704190021595,0.9634064414147403
0.06100660800933838,0.33333324579611245,0.9634064414147403
0.06052899360656738,0.3703704190021595,0.9634459592965818
0.06379746913909912,0.33333324579611245,0.9634854771784234
0.10828025817871094,0.33333324579611245,0.9627346374234342
0.05259975910186768,0.33333324579611245,0.9623394586050189
0.0665988826751709,0.3703704190021595,0.9623789764868604
0.0674442195892334,0.3703704190021595,0.962418494368702
0.061928935050964355,0.33333324579611245,0.9616676546137128
0.06145251274108887,0.3703704190021595,0.961232957913456
0.0609756088256836,0.3703704190021595,0.961232957913456
0.05839416027069092,0.3703704190021595,0.9614305473226636
0.06604506492614746,0.3703704190021595,0.9604821181584668
0.06237322330474854,0.3703704190021595,0.961232957913456
0.06747843742370606,0.33333324579611245,0.961232957913456
0.06707316875457764,0.40740732959654435,0.9612724757952975
0.06145251274108887,0.3703704190021595,0.9603635645129422
0.06189751625061035,0.40740732959654435,0.9604426002766253
0.045627374649047855,0.3703704190021595,0.9605216360403084
0.08178844451904298,0.40740732959654435,0.9605216360403084
0.06288032531738282,0.3703704190021595,0.960640189685833
0.06046748161315918,0.3703704190021595,0.960719225449516
0.06798579216003418,0.40740732959654435,0.960719225449516
0.06798579216003418,0.40740732959654435,0.9608377790950406
0.05954198360443115,0.40740732959654435,0.9597312784034777
0.06148374080657959,0.40740732959654435,0.9598103141671608
0.06288032531738282,0.40740732959654435,0.9599288678126854
0.05834601879119873,0.40740732959654435,0.9600079035763684
0.055358047485351565,0.3703704190021595,0.958861885002964
0.06784810066223144,0.3703704190021595,0.958861885002964
0.06666666507720947,0.44444450280259185,0.958861885002964
0.06145251274108887,0.40740732959654435,0.958861885002964
0.043478260040283205,0.40740732959654435,0.958861885002964
0.062114987373352054,0.40740732959654435,0.9589804386484886
0.06142131805419922,0.44444450280259185,0.9590594744121717
0.06389452457427978,0.3703704190021595,0.9591385101758547
0.07057341098785401,0.40740732959654435,0.9593756174669039
0.03376623392105103,0.40740732959654435,0.9593756174669039
0.11233150482177734,0.44444450280259185,0.9928472633866825
0.07005075931549072,0.44444450280259185,0.9918988342224857
0.06100660800933838,0.40740732959654435,0.9921754593953764
0.061928935050964355,0.40740732959654435,0.9922544951590595
0.061960387229919436,0.44444450280259185,0.9924125666864256
0.06148374080657959,0.40740732959654435,0.9914246196403873
0.061960387229919436,0.40740732959654435,0.9915036554040704
0.06792237281799317,0.40740732959654435,0.9895672791938352
0.018518518209457397,0.40740732959654435,0.9895672791938352
0.07102993488311768,0.44444450280259185,0.9883817427385893
0.06386213779449464,0.40740732959654435,0.9871566884015017
0.06148374080657959,0.48148141339697625,0.9864058486465126
0.06341958522796631,0.44444450280259185,0.9853388658367912
0.06145251274108887,0.44444450280259185,0.9855759731278404
0.06237322330474854,0.48148141339697625,0.9855759731278404
0.06876791000366211,0.44444450280259185,0.9855759731278404
0.06165227890014648,0.40740732959654435,0.9859711519462557
0.06957846641540527,0.48148141339697625,0.9859711519462557
0.06005089282989502,0.48148141339697625,0.9861292234736219
0.05380710601806641,0.44444450280259185,0.9849832049002174
0.061928935050964355,0.40740732959654435,0.9849832049002174
0.06002034664154053,0.40740732959654435,0.9852203121912666
0.0955678653717041,0.40740732959654435,0.9840347757360206
0.04173354625701904,0.40740732959654435,0.9840347757360206
0.0609756088256836,0.40740732959654435,0.9841928472633867
0.06808943271636964,0.44444450280259185,0.9843114009089113
0.06933198451995849,0.44444450280259185,0.9843114009089113
0.06332320213317871,0.40740732959654435,0.9844299545544359
0.06052899360656738,0.48148141339697625,0.9844694724362775
0.0684931516647339,0.48148141339697625,0.9844694724362775
0.060295791625976564,0.48148141339697625,0.9844694724362775
0.060944643020629886,0.40740732959654435,0.9834420075083976
0.06386213779449464,0.44444450280259185,0.9839557399723375
0.06656504154205323,0.44444450280259185,0.9839557399723375
0.06798579216003418,0.48148141339697625,0.9839557399723375
0.06288032531738282,0.44444450280259185,0.9840347757360206
0.06561859130859375,0.48148141339697625,0.9840347757360206
0.047619047164916994,0.48148141339697625,0.9840347757360206
0.06100660800933838,0.48148141339697625,0.9832049002173484
0.06281661510467529,0.44444450280259185,0.9819798458802609
0.06297613143920898,0.48148141339697625,0.9820193637621024
0.0644670057296753,0.44444450280259185,0.9822564710531516
0.06859755992889405,0.48148141339697625,0.9824145425805177
0.05875952243804932,0.48148141339697625,0.9824145425805177
0.1127819538116455,0.48148141339697625,0.9824145425805177
0.061928935050964355,0.48148141339697625,0.9824145425805177
0.0609756088256836,0.48148141339697625,0.9811894882434302
0.060913705825805665,0.48148141339697625,0.9811894882434302
0.05188199520111084,0.48148141339697625,0.9791345583876705
0.06341958522796631,0.48148141339697625,0.9780280576961076
0.0715010118484497,0.40740732959654435,0.9770005927682277
0.07888630867004395,0.48148141339697625,0.9770005927682277
0.055989584922790527,0.48148141339697625,0.9770005927682277
0.06145251274108887,0.40740732959654435,0.97731673582296
0.06103764057159424,0.48148141339697625,0.9773562537048015
0.05906313419342041,0.48148141339697625,0.9773562537048015
0.07877280235290528,0.48148141339697625,0.9773562537048015
0.10154241561889649,0.48148141339697625,0.6953961667654611
0.07330636978149414,0.48148141339697625,0.9720608575380361
0.06914082527160645,0.48148141339697625,0.9721003754198776
0.06246825695037842,0.48148141339697625,0.9721003754198776
0.06246825695037842,0.48148141339697625,0.9721398933017191
0.06046748161315918,0.48148141339697625,0.9721398933017191
0.06052899360656738,0.48148141339697625,0.9725350721201345
0.063008131980896,0.48148141339697625,0.9726141078838175
0.2,0.48148141339697625,0.9726141078838175
0.06002034664154053,0.48148141339697625,0.9726931436475006
0.06863243579864502,0.48148141339697625,0.9726931436475006
0.06399187564849854,0.48148141339697625,0.9717447144833038
0.06379746913909912,0.48148141339697625,0.9719027860106699
0.060498218536376956,0.48148141339697625,0.9682671408812489
0.06189751625061035,0.48148141339697625,0.9660936573799646
0.070652174949646,0.48148141339697625,0.9660936573799646
0.059375000000000004,0.5185185866030237,0.9660936573799646
0.06142131805419922,0.48148141339697625,0.9615886188500298
0.06866734504699708,0.48148141339697625,0.9612724757952975
0.063008131980896,0.48148141339697625,0.9614305473226636
0.051295075416564945,0.48148141339697625,0.9615095830863467
0.060498218536376956,0.48148141339697625,0.9617466903773959
0.07502679347991943,0.48148141339697625,0.9617466903773959
0.049275360107421874,0.48148141339697625,0.9617466903773959
0.06046748161315918,0.48148141339697625,0.9606006718039914
0.06055979728698731,0.48148141339697625,0.9607587433313576
0.06900050640106202,0.48148141339697625,0.9596127247579531
0.06449974536895751,0.48148141339697625,0.9583876704208656
0.06005089282989502,0.48148141339697625,0.9573997233748273
0.06391478061676026,0.48148141339697625,0.9573997233748273
0.057692308425903324,0.48148141339697625,0.9573997233748273
0.06237322330474854,0.48148141339697625,0.9574787591385103
0.06389452457427978,0.48148141339697625,0.9562537048014228
0.06189751625061035,0.48148141339697625,0.9526970954356848
0.06947261810302735,0.48148141339697625,0.9526970954356848
0.06544900894165039,0.48148141339697625,0.9507212013436082
0.07375734806060791,0.48148141339697625,0.93969571230982
0.010416666269302368,0.5185185866030237,0.93969571230982
0.060498218536376956,0.48148141339697625,0.9400908911282353
0.061514997482299806,0.5185185866030237,0.9401304090100768
0.06052899360656738,0.48148141339697625,0.9376803003359018
0.060913705825805665,0.48148141339697625,0.9354672989527759
0.06754697799682617,0.5185185866030237,0.9352697095435683
0.06697108268737793,0.48148141339697625,0.9357044062438251
0.053191490173339843,0.5185185866030237,0.9357439241256666
0.06346025466918945,0.5185185866030237,0.9345188697885791
0.06386213779449464,0.48148141339697625,0.9333728512151747
0.06142131805419922,0.5555554971974082,0.9324244220509779
0.06052899360656738,0.5185185866030237,0.9288678126852399
0.05225773811340332,0.48148141339697625,0.9290654020944475
0.07928994178771973,0.48148141339697625,0.92784034775736
0.1180069923400879,0.5555554971974082,0.950484094052559
0.06997971534729004,0.5185185866030237,0.949298557597313
0.06399187564849854,0.48148141339697625,0.949298557597313
0.06392693996429444,0.48148141339697625,0.949298557597313
0.06402439117431641,0.48148141339697625,0.949377593360996
0.06052899360656738,0.48148141339697625,0.9496147006520452
0.06145251274108887,0.48148141339697625,0.9496937364157283
0.0650076198577881,0.48148141339697625,0.949891325824936
0.3125,0.5185185866030237,0.9491404860699468
0.06514994621276855,0.48148141339697625,0.9488243430152146
0.06240487098693848,0.5185185866030237,0.9488638608970561
0.061928935050964355,0.5185185866030237,0.9488638608970561
0.061928935050964355,0.5185185866030237,0.9489033787788976
0.061960387229919436,0.48148141339697625,0.9489033787788976
0.06240487098693848,0.48148141339697625,0.9492590397154714
0.05764410972595215,0.5185185866030237,0.9493380754791545
0.06564691066741943,0.48148141339697625,0.9483896463149577
0.06954314708709718,0.48148141339697625,0.9473621813870778
0.0625,0.48148141339697625,0.9462951985773564
0.06002034664154053,0.5185185866030237,0.9463742343410395
0.060498218536376956,0.5185185866030237,0.9465323058684056
0.06145251274108887,0.5555554971974082,0.9465718237502472
0.053608245849609375,0.5185185866030237,0.9466903773957718
0.07485030174255371,0.5185185866030237,0.9466903773957718
0.062436547279357914,0.5185185866030237,0.9466903773957718
0.06808943271636964,0.5185185866030237,0.9447935190673777
0.06402439117431641,0.5185185866030237,0.9444378581308039
0.04941416263580323,0.5185185866030237,0.9444378581308039
0.06088280200958252,0.48148141339697625,0.9444378581308039
0.07228017807006835,0.48148141339697625,0.9444773760126455
0.044585986137390135,0.48148141339697625,0.9445959296581701
0.060498218536376956,0.48148141339697625,0.9434894289666071
0.06100660800933838,0.5185185866030237,0.9422643746295196
0.06463104248046875,0.48148141339697625,0.9422643746295196
0.06845841884613037,0.5185185866030237,0.9425805176842519
0.06240487098693848,0.5185185866030237,0.9428176249753011
0.05617320060729981,0.48148141339697625,0.9416716064018966
0.10769230842590333,0.5185185866030237,0.9416716064018966
0.06335529804229736,0.5555554971974082,0.9417111242837382
0.061514997482299806,0.5185185866030237,0.9404860699466506
0.0609756088256836,0.5185185866030237,0.9385496937364155
0.0653826665878296,0.5185185866030237,0.9373641572811695
0.07055837631225587,0.5185185866030237,0.937403675163011
0.061960387229919436,0.5555554971974082,0.9378383718632679
0.03539823055267334,0.5555554971974082,0.9370875321082788
0.06508875846862792,0.48148141339697625,0.9354277810709344
0.06341958522796631,0.5185185866030237,0.935546334716459
0.06145251274108887,0.5185185866030237,0.935546334716459
0.06240487098693848,0.5185185866030237,0.9355858525983005
0.06386213779449464,0.5185185866030237,0.9335704406243823
0.06870229244232177,0.5185185866030237,0.9336494763880654
0.06198347091674805,0.5555554971974082,0.9325034578146609
0.06599326610565186,0.5555554971974082,0.9325034578146609
0.06002034664154053,0.5555554971974082,0.9325034578146609
0.059572300910949706,0.5555554971974082,0.9328591187512347
0.06284845352172852,0.5555554971974082,0.9328591187512347
0.05086470127105713,0.5185185866030237,0.9317526180596718
0.0609756088256836,0.48148141339697625,0.931989725350721
0.08943862915039062,0.5555554971974082,0.931989725350721
0.039340102672576906,0.48148141339697625,0.931989725350721
0.10606060981750488,0.5555554971974082,0.931989725350721
0.09934442520141602,0.5185185866030237,0.9283935981031415
0.06297613143920898,0.5555554971974082,0.927168543766054
0.0609756088256836,0.48148141339697625,0.927168543766054
0.06046748161315918,0.5185185866030237,0.9274846868207862
0.0633874225616455,0.5185185866030237,0.9274846868207862
0.061960387229919436,0.5185185866030237,0.9278798656392016
0.06558210372924805,0.5555554971974082,0.9276032404663108
0.06751268863677978,0.5555554971974082,0.9283145623394584
0.06882989406585693,0.5555554971974082,0.9270895080023709
0.05561385154724121,0.5555554971974082,0.9271290258842124
0.06145251274108887,0.5555554971974082,0.9260225251926495
0.06240487098693848,0.5555554971974082,0.9260225251926495
0.06103764057159424,0.5555554971974082,0.926062043074491
0.06240487098693848,0.5555554971974082,0.9249950602647696
0.06402439117431641,0.5185185866030237,0.9214384508990316
0.06402877807617188,0.5185185866030237,0.9214384508990316
0.08919382095336914,0.5555554971974082,0.9214384508990316
0.060498218536376956,0.5555554971974082,0.9202133965619441
0.06142131805419922,0.5555554971974082,0.9205295396166764
0.0634517765045166,0.5555554971974082,0.9193044852795889
0.05998983383178711,0.5555554971974082,0.9185536455245997
0.06288032531738282,0.5555554971974082,0.9185141276427582
0.05457646369934082,0.48148141339697625,0.9173681090693537
0.13744075775146486,0.5555554971974082,0.9173681090693537
0.07298530101776123,0.5555554971974082,0.9176447342422445
0.05132113933563232,0.5555554971974082,0.9151946255680694
0.06145251274108887,0.5555554971974082,0.9141671606401895
0.05906313419342041,0.5555554971974082,0.912942106303102
0.06288032531738282,0.5185185866030237,0.91057103339261
0.060436768531799315,0.5555554971974082,0.91057103339261
0.15527950286865236,0.5185185866030237,0.9106105512744516
0.05423353672027588,0.5555554971974082,0.9106105512744516
0.07048681735992432,0.5555554971974082,0.9108081406836592
0.06741003513336181,0.5555554971974082,0.9108871764473423
0.06139015674591065,0.5185185866030237,0.9079628531910688
0.061514997482299806,0.5185185866030237,0.9074886386089704
0.060913705825805665,0.5555554971974082,0.9062635842718829
0.06986301422119141,0.5555554971974082,0.9053546729895277
0.058918480873107915,0.48148141339697625,0.9053546729895277
0.06240487098693848,0.5555554971974082,0.9041296186524401
0.0719351577758789,0.5185185866030237,0.9044457617071724
0.06351625919342041,0.5555554971974082,0.9046433511163801
0.0625,0.5555554971974082,0.9036949219521833
0.06037544250488281,0.5185185866030237,0.9024698676150957
0.04553733825683594,0.5185185866030237,0.9024698676150957
0.08064516067504883,0.5555554971974082,0.9024698676150957
0.05998983383178711,0.5555554971974082,0.900414937759336
0.06253177642822266,0.5555554971974082,0.900414937759336
0.06551548957824707,0.5555554971974082,0.900414937759336
0.06805485248565674,0.5555554971974082,0.8989132582493577
0.059003052711486814,0.5555554971974082,0.8989922940130408
0.05291723251342773,0.5555554971974082,0.8978067575577948
0.10536779403686523,0.5555554971974082,0.8978067575577948
0.059481444358825686,0.5555554971974082,0.8966212211025488
0.052899289131164554,0.5185185866030237,0.8980833827306856
0.0673526668548584,0.5185185866030237,0.8982414542580517
0.11341330528259277,0.5925926704034556,0.6248567476783244
0.07489878654479981,0.5555554971974082,0.9439636435487055
0.07045108795166016,0.5925926704034556,0.9394981229006123
0.0625,0.5185185866030237,0.9369294605809126
0.06139015674591065,0.5555554971974082,0.9358624777711912
0.06348400115966797,0.5185185866030237,0.9360995850622404
0.06002034664154053,0.5555554971974082,0.9360995850622404
0.06386213779449464,0.5555554971974082,0.934953566488836
0.018518518209457397,0.5555554971974082,0.9342027267338469
0.06122448921203613,0.5185185866030237,0.93376803003359
0.07106598854064941,0.5555554971974082,0.9338865836791146
0.06443429946899414,0.5555554971974082,0.9340841730883223
0.06297613143920898,0.5185185866030237,0.9342817624975299
0.06002034664154053,0.5185185866030237,0.9342817624975299
0.06392693996429444,0.5555554971974082,0.9333728512151747
0.06088993072509766,0.5555554971974082,0.9333728512151747
0.062176165580749516,0.5555554971974082,0.9333728512151747
0.06341958522796631,0.5555554971974082,0.9333728512151747
0.06656504154205323,0.5555554971974082,0.9321477968780871
0.06947261810302735,0.5555554971974082,0.932582493578344
0.060944643020629886,0.5555554971974082,0.9317921359415133
0.061514997482299806,0.5555554971974082,0.9302509385496935
0.06273525714874267,0.5555554971974082,0.9305275637225843
0.06292517185211181,0.5185185866030237,0.9305275637225843
0.06297613143920898,0.5555554971974082,0.9283540802213
0.060498218536376956,0.5555554971974082,0.9283540802213
0.06456532955169678,0.5555554971974082,0.9283935981031415
0.059421024322509765,0.5555554971974082,0.9283935981031415
0.06288032531738282,0.5555554971974082,0.927168543766054
0.06410256385803223,0.5555554971974082,0.925983007310808
0.06,0.5555554971974082,0.9262201146018572
0.0629122257232666,0.5555554971974082,0.9253112033195019
0.061928935050964355,0.5555554971974082,0.9242442205097805
0.06297613143920898,0.5555554971974082,0.923098201936376
0.06332320213317871,0.5555554971974082,0.9218731475992885
0.07106598854064941,0.5555554971974082,0.9220312191266546
0.059873342514038086,0.5185185866030237,0.9220312191266546
0.10256410598754884,0.5555554971974082,0.9220312191266546
0.06484295845031739,0.5555554971974082,0.9220312191266546
0.06284845352172852,0.5555554971974082,0.9196601462161627
0.06205493450164795,0.5555554971974082,0.9196601462161627
0.06145251274108887,0.5555554971974082,0.918869788579332
0.06386213779449464,0.5555554971974082,0.9176447342422445
0.06605690956115723,0.48148141339697625,0.9165777514325231
0.10791366577148438,0.5185185866030237,0.9168938944872553
0.0676117753982544,0.5925926704034556,0.9160245010867416
0.060944643020629886,0.5185185866030237,0.9147994467496541
0.0653495454788208,0.5555554971974082,0.9136534281762496
0.060498218536376956,0.5185185866030237,0.9124678917210036
0.06341958522796631,0.5555554971974082,0.9100573009286701
0.06237322330474854,0.5555554971974082,0.9101363366923532
0.07637906551361084,0.5555554971974082,0.9089903181189487
0.05942947864532471,0.5185185866030237,0.9089903181189487
0.07005075931549072,0.5925926704034556,0.9092274254099979
0.0634517765045166,0.5925926704034556,0.9094645327010471
0.0609756088256836,0.5555554971974082,0.9083580320094842
0.052310819625854495,0.5555554971974082,0.9084370677731672
0.06046748161315918,0.5555554971974082,0.9084370677731672
0.06790697574615479,0.5925926704034556,0.9061845485081998
0.054871220588684086,0.5555554971974082,0.9061845485081998
0.06142131805419922,0.5185185866030237,0.9062635842718829
0.07113543033599853,0.5555554971974082,0.9051175656984785
0.12180747032165527,0.62962958099784,0.8953566488836198
0.08724155426025391,0.5555554971974082,0.8703418296779293
0.06690319538116456,0.5185185866030237,0.8703813475597708
0.06253177642822266,0.5555554971974082,0.8692353289863664
0.06494165420532226,0.5555554971974082,0.8698676150958309
0.06055979728698731,0.5555554971974082,0.8699071329776724
0.0658227825164795,0.5555554971974082,0.869946650859514
0.06497461795806884,0.5555554971974082,0.8699861687413555
0.06666666507720947,0.5555554971974082,0.870025686623197
0.07326283931732178,0.5555554971974082,0.870025686623197
0.060498218536376956,0.5925926704034556,0.8704603833234539
0.06202338695526123,0.5925926704034556,0.8704603833234539
0.0609756088256836,0.5555554971974082,0.87061845485082
0.06154628753662109,0.5925926704034556,0.8672199170124482
0.0609756088256836,0.5555554971974082,0.8672199170124482
0.06105610370635987,0.5925926704034556,0.8672989527761312
0.06490066051483154,0.5925926704034556,0.8672989527761312
0.06758130073547364,0.5555554971974082,0.8674175064216558
0.06602336406707764,0.5925926704034556,0.8661924520845683
0.061928935050964355,0.5555554971974082,0.8661924520845683
0.0634517765045166,0.62962958099784,0.8649673977474808
0.061960387229919436,0.5555554971974082,0.8639794507014424
0.04743833065032959,0.5555554971974082,0.8644536652835408
0.1285347080230713,0.5925926704034556,0.8644536652835408
0.04885496139526367,0.5925926704034556,0.8633471645919779
0.06889564514160157,0.48148141339697625,0.8633471645919779
0.06856272220611573,0.5555554971974082,0.8633866824738194
0.0634517765045166,0.5555554971974082,0.8609760916814859
0.06341958522796631,0.5925926704034556,0.8609760916814859
0.06435137748718261,0.5925926704034556,0.861055127445169
0.07142857074737549,0.5555554971974082,0.861055127445169
0.06145251274108887,0.5555554971974082,0.8604228413357045
0.06202338695526123,0.5555554971974082,0.8582493578344201
0.06052899360656738,0.5555554971974082,0.8582888757162617
0.07102993488311768,0.5555554971974082,0.8570638213791741
0.06405694007873536,0.62962958099784,0.8570638213791741
0.0634517765045166,0.5555554971974082,0.8574590001975895
0.06145251274108887,0.5555554971974082,0.8562734637423435
0.059116363525390625,0.62962958099784,0.8563524995060265
0.063008131980896,0.5925926704034556,0.8564315352697096
0.06288032531738282,0.5555554971974082,0.8565500889152342
0.0625,0.5555554971974082,0.8566291246789173
0.06788247108459473,0.5925926704034556,0.8555621418691959
0.07102993488311768,0.5925926704034556,0.8538233550681684
0.0358126711845398,0.5555554971974082,0.8522031219126656
0.07648953437805175,0.5925926704034556,0.8522031219126656
0.0658227825164795,0.5555554971974082,0.8522031219126656
0.05954198360443115,0.5555554971974082,0.8524007113218732
0.061514997482299806,0.5925926704034556,0.8512546927484688
0.06148374080657959,0.5925926704034556,0.850306263584272
0.06253177642822266,0.5555554971974082,0.8504643351116381
0.05714285850524903,0.5555554971974082,0.8505038529934796
0.08902076721191407,0.5925926704034556,0.8505038529934796
0.05589430809020996,0.5555554971974082,0.8493578344200752
0.06148374080657959,0.62962958099784,0.8493578344200752
0.0650076198577881,0.5925926704034556,0.8436672594348944
0.06148374080657959,0.5925926704034556,0.8437067773167359
0.061514997482299806,0.5925926704034556,0.8437067773167359
0.07142857074737549,0.5555554971974082,0.843785813080419
0,0.5925926704034556,0.843785813080419
0.06703910827636719,0.5555554971974082,0.8440624382533097
0.06758130073547364,0.5925926704034556,0.8428373839162222
0.06246825695037842,0.62962958099784,0.8428373839162222
0.060081467628479004,0.5555554971974082,0.8430349733254299
0.06436898231506348,0.5555554971974082,0.840821971942304
0.06046748161315918,0.62962958099784,0.8397154712507411
0.029411764144897462,0.5925926704034556,0.8397154712507411
0.06519453048706055,0.5555554971974082,0.8397945070144242
0.06237322330474854,0.5925926704034556,0.8385694526773366
0.07302231311798096,0.5925926704034556,0.8385694526773366
0.06449974536895751,0.5555554971974082,0.8377000592768229
0.06199186801910401,0.62962958099784,0.837779095040506
0.04308943271636963,0.5925926704034556,0.837779095040506
0.1480484485626221,0.62962958099784,0.5261410788381742
0.07727272510528564,0.5925926704034556,0.8857538035961272
0.062436547279357914,0.62962958099784,0.8848844101956135
0.06294416427612305,0.5925926704034556,0.8850424817229796
0.06459816932678222,0.5925926704034556,0.8850819996048211
0.07102993488311768,0.5925926704034556,0.8851610353685042
0.06145251274108887,0.62962958099784,0.8851610353685042
0.056997456550598145,0.5555554971974082,0.8853586247777119
0.05583756446838379,0.5555554971974082,0.8854376605413949
0.063008131980896,0.5555554971974082,0.8854376605413949
0.0648101282119751,0.62962958099784,0.8857933214779687
0.06632911205291749,0.5555554971974082,0.8857933214779687
0.06751268863677978,0.5925926704034556,0.8857933214779687
0.06852791786193847,0.5555554971974082,0.8857933214779687
0.08474575996398925,0.62962958099784,0.8852005532503457
0.054269175529479984,0.62962958099784,0.8847263386682473
0.06487582206726074,0.62962958099784,0.8850424817229796
0.06202338695526123,0.62962958099784,0.8827109266943292
0.06487582206726074,0.5925926704034556,0.8828689982216953
0.06002034664154053,0.5925926704034556,0.8830270697490614
0.0634517765045166,0.62962958099784,0.883066587630903
0.060416665077209476,0.5555554971974082,0.883066587630903
0.081107816696167,0.62962958099784,0.883066587630903
0.06697108268737793,0.5925926704034556,0.8833036949219522
0.06341958522796631,0.62962958099784,0.8821971942303892
0.06297613143920898,0.5925926704034556,0.8822367121122308
0.06145251274108887,0.62962958099784,0.8810116577751432
0.0634517765045166,0.62962958099784,0.8810511756569848
0.0654022216796875,0.62962958099784,0.8811697293025094
0.052154192924499514,0.62962958099784,0.8811697293025094
0.06598984718322753,0.62962958099784,0.8801422643746295
0.06961381912231446,0.62962958099784,0.8801422643746295
0.0634517765045166,0.62962958099784,0.8778897451096621
0.06284845352172852,0.62962958099784,0.8782058881643944
0.06157760620117188,0.62962958099784,0.8782849239280774
0.05318588733673096,0.62962958099784,0.8782849239280774
0.12676055908203127,0.5925926704034556,0.8782849239280774
0.059868087768554686,0.62962958099784,0.8770598695909899
0.0625,0.5925926704034556,0.8759928867812685
0.06758130073547364,0.62962958099784,0.8749654218533887
0.06700507640838624,0.62962958099784,0.8750839754989133
0.06399187564849854,0.62962958099784,0.8739379569255088
0.061928935050964355,0.62962958099784,0.8728314562339459
0.07042253494262696,0.5925926704034556,0.8728314562339459
0.0611413049697876,0.62962958099784,0.8728314562339459
0.06202338695526123,0.62962958099784,0.871803991306066
0.0634517765045166,0.62962958099784,0.869432918395574
0.06052899360656738,0.62962958099784,0.8695119541592571
0.07447447299957276,0.62962958099784,0.8695909899229401
0.0647249174118042,0.62962958099784,0.8695909899229401
0.09833585739135742,0.62962958099784,0.8350523611934402
0.06588950634002685,0.6666664915922249,0.8341039320292434
0.06199186801910401,0.62962958099784,0.834222485674768
0.06348400115966797,0.62962958099784,0.831930448527959
0.06145251274108887,0.62962958099784,0.8308239478363961
0.06440162181854248,0.62962958099784,0.8308239478363961
0.06348400115966797,0.62962958099784,0.8296779292629917
0.07157360553741456,0.62962958099784,0.8298755186721993
0.05014464855194092,0.5925926704034556,0.8298755186721993
0.07435344696044922,0.62962958099784,0.8289270895080025
0.06351625919342041,0.62962958099784,0.8278601066982811
0.06139015674591065,0.62962958099784,0.8279786603438057
0.0653495454788208,0.6666664915922249,0.8267536060067182
0.061960387229919436,0.62962958099784,0.8267931238885597
0.0548223352432251,0.62962958099784,0.8269116775340843
0.0652945327758789,0.62962958099784,0.8256866231969968
0.06583630084991456,0.62962958099784,0.8256866231969968
0.07055837631225587,0.62962958099784,0.8246986761509585
0.06103764057159424,0.62962958099784,0.8246986761509585
0.06297613143920898,0.62962958099784,0.8247777119146416
0.061960387229919436,0.62962958099784,0.8247777119146416
0.06106870174407959,0.62962958099784,0.823552657577554
0.06741572856903076,0.62962958099784,0.822327603240466
0.010638297796249389,0.62962958099784,0.822327603240466
0.0644670057296753,0.62962958099784,0.8213396561944277
0.06802030563354493,0.62962958099784,0.8214977277217939
0.06805485248565674,0.5925926704034556,0.8208259237304878
0.06145251274108887,0.62962958099784,0.8196008693934003
0.06440162181854248,0.6666664915922249,0.8183758150563127
0.06100660800933838,0.62962958099784,0.8186524402292035
0.021857924461364746,0.62962958099784,0.8163999209642361
0.06834733963012696,0.62962958099784,0.8149772772179409
0.060944643020629886,0.62962958099784,0.8150167950997824
0.06348400115966797,0.62962958099784,0.8139893301719026
0.06910569190979005,0.62962958099784,0.8143449911084764
0.0659563684463501,0.62962958099784,0.8131199367713888
0.06100660800933838,0.62962958099784,0.8131989725350719
0.050724639892578124,0.62962958099784,0.8131989725350719
0.06855123519897462,0.62962958099784,0.8131989725350719
0.06288032531738282,0.62962958099784,0.8121319897253505
0.0634517765045166,0.62962958099784,0.8123295791345582
0.06100660800933838,0.62962958099784,0.8123690970163997
0.06402439117431641,0.62962958099784,0.8123690970163997
0.05945121765136719,0.62962958099784,0.8124086148982412
0.07034728527069092,0.62962958099784,0.8126457221892904
0.05667060375213623,0.62962958099784,0.8126457221892904
0.05747800350189209,0.62962958099784,0.812764275834815
0.08461538314819336,0.6666664915922249,0.8128037937166566
0.09813789367675782,0.62962958099784,0.8544161232957914
0.0653826665878296,0.62962958099784,0.8522426397945071
0.06449974536895751,0.5925926704034556,0.8501481920569058
0.0634517765045166,0.62962958099784,0.8502272278205889
0.07095793247222901,0.6666664915922249,0.8513337285121518
0.06798579216003418,0.62962958099784,0.8501086741750643
0.06052899360656738,0.6666664915922249,0.8490021734835014
0.058507461547851566,0.62962958099784,0.8490416913653429
0.08219178199768067,0.6666664915922249,0.8490416913653429
0.06294416427612305,0.62962958099784,0.84793519067378
0.06052899360656738,0.62962958099784,0.8481327800829876
0.06246825695037842,0.62962958099784,0.8471843509187909
0.06202338695526123,0.62962958099784,0.8476980833827308
0.06917599201202393,0.62962958099784,0.8477376012645723
0.06494165420532226,0.62962958099784,0.8478561549100969
0.025,0.62962958099784,0.8478561549100969
0.0650449514389038,0.6666664915922249,0.8478956727919384
0.062436547279357914,0.6666664915922249,0.8454850819996049
0.0644670057296753,0.6666664915922249,0.8446552064809327
0.061928935050964355,0.62962958099784,0.8446947243627743
0.06202338695526123,0.62962958099784,0.8410590792333532
0.06697108268737793,0.62962958099784,0.8410590792333532
0.06327160358428956,0.62962958099784,0.8410590792333532
0.07477341175079345,0.6666664915922249,0.8410985971151947
0.058464665412902836,0.6666664915922249,0.8410985971151947
0.05676634788513184,0.62962958099784,0.838964631495752
0.06148374080657959,0.62962958099784,0.8393993281960088
0.0634517765045166,0.62962958099784,0.8381742738589213
0.06103764057159424,0.62962958099784,0.8384113811499705
0.0708661413192749,0.62962958099784,0.8386089705591782
0.051524710655212407,0.62962958099784,0.8386089705591782
0.07197161674499512,0.62962958099784,0.8386484884410197
0.06602336406707764,0.62962958099784,0.8362774155305277
0.06294416427612305,0.6666664915922249,0.8350523611934402
0.060081467628479004,0.6666664915922249,0.8350918790752817
0.06199186801910401,0.6666664915922249,0.8350918790752817
0.0698847246170044,0.62962958099784,0.8340248962655603
0.04655172348022461,0.62962958099784,0.8340248962655603
0.06148374080657959,0.62962958099784,0.8329183955739974
0.06795131683349609,0.62962958099784,0.8292432325627348
0.06910569190979005,0.6666664915922249,0.8294013040901009
0.06100660800933838,0.62962958099784,0.8295593756174671
0.06154628753662109,0.6666664915922249,0.8295988934993086
0.0614124870300293,0.62962958099784,0.8285319106895872
0.07692307472229004,0.703703664798272,0.8285319106895872
0.06148374080657959,0.6666664915922249,0.8273068563524997
0.0634517765045166,0.62962958099784,0.8273068563524997
0.06341958522796631,0.6666664915922249,0.8273068563524997
0.06997971534729004,0.6666664915922249,0.8260818020154121
0.06605690956115723,0.6666664915922249,0.8263979450701444
0.06199186801910401,0.6666664915922249,0.8265560165975105
0.056022410392761235,0.6666664915922249,0.8265560165975105
0.06563467502593995,0.6666664915922249,0.8265560165975105
0.05834601879119873,0.62962958099784,0.8258051768425214
0.057838659286499026,0.62962958099784,0.8258051768425214
0.09472259521484375,0.62962958099784,0.8258051768425214
0.09630818367004394,0.6666664915922249,0.834815253902391
0.06548223495483399,0.6666664915922249,0.8326417704011067
0.0696492099761963,0.62962958099784,0.8332740565105712
0.0625,0.6666664915922249,0.8332740565105712
0.06348400115966797,0.6666664915922249,0.8310215372456038
0.061960387229919436,0.62962958099784,0.8313771981821776
0.06246825695037842,0.6666664915922249,0.8313771981821776
0.06781914710998535,0.62962958099784,0.8301916617269316
0.05341880321502686,0.62962958099784,0.8301916617269316
0.06294416427612305,0.62962958099784,0.8293222683264179
0.06707316875457764,0.62962958099784,0.8293222683264179
0.0690705919265747,0.6666664915922249,0.8293617862082594
0.06100660800933838,0.62962958099784,0.8281762497530134
0.06205493450164795,0.6666664915922249,0.8281762497530134
0.06246825695037842,0.6666664915922249,0.8284923928077457
0.020202019214630128,0.62962958099784,0.8277415530527565
0.06316916465759277,0.62962958099784,0.8260422841335706
0.06348400115966797,0.62962958099784,0.8238292827504448
0.0625,0.6666664915922249,0.8238292827504448
0.07146477222442627,0.62962958099784,0.8238292827504448
0.06507371425628662,0.6666664915922249,0.8240268721596524
0.06199186801910401,0.703703664798272,0.8228413357044064
0.06144067764282227,0.62962958099784,0.8231969966409802
0.06595602989196778,0.62962958099784,0.8224461568859911
0.0625,0.703703664798272,0.8209444773760124
0.06440162181854248,0.6666664915922249,0.8197589409207664
0.052899289131164554,0.6666664915922249,0.8197984588026079
0.060498218536376956,0.62962958099784,0.8199170124481325
0.07102993488311768,0.6666664915922249,0.8200750839754987
0.05973715782165528,0.62962958099784,0.8200750839754987
0.06719717025756836,0.6666664915922249,0.8200750839754987
0.06199186801910401,0.703703664798272,0.8188895475202527
0.06487582206726074,0.6666664915922249,0.8189685832839357
0.06154628753662109,0.6666664915922249,0.8177435289468482
0.061514997482299806,0.6666664915922249,0.8165184746097607
0.06487582206726074,0.62962958099784,0.8165184746097607
0.07775020599365234,0.6666664915922249,0.8153329381545147
0.04497354507446289,0.6666664915922249,0.8153329381545147
0.06910569190979005,0.6666664915922249,0.8154119739181978
0.0634517765045166,0.62962958099784,0.8161628136731869
0.0625,0.6666664915922249,0.8137127049990118
0.06294416427612305,0.62962958099784,0.8126062043074489
0.0625,0.6666664915922249,0.8126062043074489
0.06738035202026367,0.6666664915922249,0.8089705591780278
0.05440414428710938,0.6666664915922249,0.8089705591780278
0.06106870174407959,0.6666664915922249,0.8089705591780278
0.07001522064208984,0.6666664915922249,0.8090100770598694
0.0694022274017334,0.6666664915922249,0.8091681485872355
0.06059062957763672,0.6666664915922249,0.807943094250148
0.06433637142181396,0.6666664915922249,0.8054929855759729
0.0625,0.6666664915922249,0.8055325034578145
0.021978023052215575,0.6666664915922249,0.8047816637028253
0.06502242088317871,0.6666664915922249,0.8050187709938745
0.06440162181854248,0.6666664915922249,0.8039517881841531
0.06341958522796631,0.6666664915922249,0.8041098597115193
0.059928898811340336,0.6666664915922249,0.8041098597115193
0.06405694007873536,0.6666664915922249,0.8007113218731474
0.06148374080657959,0.6666664915922249,0.800750839754989
0.09222423553466796,0.62962958099784,0.8007903576368305
0.04957507133483887,0.62962958099784,0.8007903576368305
0.0629122257232666,0.6666664915922249,0.7999604821181583
0.0625,0.6666664915922249,0.7987354277810708
0.06341958522796631,0.62962958099784,0.7987354277810708
0.06405694007873536,0.62962958099784,0.7987749456629123
0.07012195110321046,0.62962958099784,0.7988144635447538
0.06933911323547363,0.62962958099784,0.7988539814265954
0.05645933151245117,0.6666664915922249,0.7976289270895078
0.06106870174407959,0.6666664915922249,0.7964038727524203
0.07421576023101807,0.6666664915922249,0.7964433906342618
0.10597015380859376,0.703703664798272,0.49978265164987157
0.07536671638488769,0.6666664915922249,0.7586247777119146
0.06487582206726074,0.703703664798272,0.7575577949021932
0.06389452457427978,0.6666664915922249,0.7563722584469472
0.06842371940612793,0.6666664915922249,0.7559375617466904
0.06961381912231446,0.62962958099784,0.7573997233748271
0.06348400115966797,0.62962958099784,0.7575577949021932
0.06297613143920898,0.6666664915922249,0.7579924916024501
0.040540542602539066,0.6666664915922249,0.7579924916024501
0.0675433349609375,0.703703664798272,0.7592175459395376
0.06246825695037842,0.62962958099784,0.7598893499308437
0.0634517765045166,0.6666664915922249,0.7601264572218929
0.06103764057159424,0.6666664915922249,0.760284528749259
0.0684931516647339,0.62962958099784,0.7593360995850622
0.06605690956115723,0.62962958099784,0.7593360995850622
0.05397301197052002,0.62962958099784,0.7594546532305868
0.056067585945129395,0.703703664798272,0.7594546532305868
0.0625,0.6666664915922249,0.7594546532305868
0.0625,0.62962958099784,0.7559375617466904
0.06392693996429444,0.62962958099784,0.7559375617466904
0.06297613143920898,0.62962958099784,0.7562537048014226
0.0625,0.62962958099784,0.7563722584469472
0.08486017227172851,0.6666664915922249,0.7551472041098597
0.04418103218078613,0.62962958099784,0.7551472041098597
0.0681240463256836,0.62962958099784,0.7551472041098597
0.0625,0.703703664798272,0.7551867219917012
0.0634517765045166,0.6666664915922249,0.7551867219917012
0.06440162181854248,0.62962958099784,0.7554238292827504
0.06157760620117188,0.6666664915922249,0.7555028650464335
0.067289719581604,0.6666664915922249,0.7555028650464335
0.04143646240234375,0.6666664915922249,0.7555028650464335
0.06294416427612305,0.6666664915922249,0.7543173285911875
0.06758130073547364,0.6666664915922249,0.7530922742541
0.0690705919265747,0.6666664915922249,0.7518672199170124
0.06351625919342041,0.6666664915922249,0.751985773562537
0.061960387229919436,0.6666664915922249,0.7526970954356846
0.06157760620117188,0.6666664915922249,0.7527366133175262
0.25,0.6666664915922249,0.751985773562537
0.06412213802337646,0.6666664915922249,0.7515510768622802
0.06154628753662109,0.703703664798272,0.7515510768622802
0.063008131980896,0.703703664798272,0.7491009681881051
0.06707316875457764,0.62962958099784,0.7482710926694329
0.07189873218536377,0.6666664915922249,0.7482710926694329
0.05490594863891601,0.62962958099784,0.7447540011855365
0.08947368621826172,0.703703664798272,0.7449120727129026
0.05226700305938721,0.6666664915922249,0.7450306263584272
0.06348400115966797,0.6666664915922249,0.7438846077850227
0.06484295845031739,0.6666664915922249,0.7438846077850227
0,0.2222222514012957,0.9904761904761905
0.004077472090721131,0.2222222514012957,0.9904761904761905
0.03979591846466064,0.33333324579611245,0.9885793321477969
0.05909322261810303,0.25925916199568055,0.9886978857933215
0.056574921607971194,0.2962963352017276,0.9875913851017586
0.06285355091094971,0.33333324579611245,0.9875913851017586
0.0652173900604248,0.33333324579611245,0.9863663307646711
0.06221315860748291,0.33333324579611245,0.9863663307646711
0.06278713703155518,0.33333324579611245,0.9865639201738787
0.06463104248046875,0.33333324579611245,0.9865639201738787
0.06371049880981446,0.33333324579611245,0.9856550088915235
0.062244896888732915,0.33333324579611245,0.9832049002173484
0.0648289966583252,0.3703704190021595,0.9837186326812883
0.0703346586227417,0.3703704190021595,0.9837976684449714
0.08040201187133789,0.33333324579611245,0.9837976684449714
0.06880733966827393,0.3703704190021595,0.9827702035170915
0.06374299049377441,0.3703704190021595,0.9828097213989331
0.06221315860748291,0.3703704190021595,0.9817427385892117
0.06367804527282715,0.40740732959654435,0.9794507014424028
0.06374299049377441,0.3703704190021595,0.9794507014424028
0.06221315860748291,0.3703704190021595,0.9747480735032603
0.06830601215362549,0.33333324579611245,0.9747480735032603
0.06214689254760742,0.40740732959654435,0.9747480735032603
0.06326530456542968,0.3703704190021595,0.9747085556214188
0.062244896888732915,0.40740732959654435,0.9737206085753805
0.06272310256958008,0.40740732959654435,0.973760126457222
0.06179775238037109,0.44444450280259185,0.973839162220905
0.06272310256958008,0.3703704190021595,0.9739577158664297
0.0679347848892212,0.40740732959654435,0.9741553052756373
0.0636215353012085,0.40740732959654435,0.9741553052756373
0.05972434997558594,0.40740732959654435,0.9730092867022329
0.06367804527282715,0.40740732959654435,0.9730883224659159
0.06571574211120605,0.40740732959654435,0.973246393993282
0.06275510311126709,0.40740732959654435,0.9708753210827901
0.06221315860748291,0.40740732959654435,0.9709543568464731
0.06606334686279297,0.40740732959654435,0.9709543568464731
0.06074766159057617,0.40740732959654435,0.9711124283738393
0.06418746948242188,0.44444450280259185,0.9703615886188501
0.06227667331695557,0.40740732959654435,0.9699664098004348
0.06227667331695557,0.48148141339697625,0.9699664098004348
0.06221315860748291,0.44444450280259185,0.9700059276822763
0.06323304653167724,0.44444450280259185,0.9700059276822763
0.06653089046478272,0.44444450280259185,0.9690970163999211
0.055441479682922366,0.40740732959654435,0.9691365342817626
0.06272310256958008,0.40740732959654435,0.9683066587630904
0.0632008171081543,0.44444450280259185,0.9673187117170521
0.06581632614135742,0.44444450280259185,0.9673187117170521
0.06636038780212403,0.48148141339697625,0.9673187117170521
0.0663265323638916,0.48148141339697625,0.9675163011262597
0.05633802890777588,0.48148141339697625,0.9675558190081013
0.20512821197509767,0.48148141339697625,0.9675558190081013
0.0632008171081543,0.48148141339697625,0.966646907725746
0.06227667331695557,0.44444450280259185,0.9654218533886585
0.06272310256958008,0.48148141339697625,0.9654613712705
0.06272310256958008,0.48148141339697625,0.9658565500889154
0.061287026405334476,0.48148141339697625,0.9646710136336694
0.053544111251831054,0.48148141339697625,0.9647105315155109
0.10467705726623536,0.48148141339697625,0.9623789764868604
0.048974189758300785,0.48148141339697625,0.9624580122505435
0.06272310256958008,0.48148141339697625,0.961311993677139
0.062244896888732915,0.48148141339697625,0.9613910294408221
0.11389521598815919,0.44444450280259185,0.9614305473226636
0.08965063095092773,0.48148141339697625,0.9909504050582889
0.06234031677246094,0.48148141339697625,0.9903576368306659
0.06870229244232177,0.5185185866030237,0.9894092076664691
0.06785714149475097,0.48148141339697625,0.9882236712112231
0.0668367338180542,0.5185185866030237,0.9878284923928078
0.06724401473999024,0.48148141339697625,0.98814463544754
0.06281920433044434,0.48148141339697625,0.9869195811104525
0.0631313133239746,0.5185185866030237,0.9870381347559771
0.06666666507720947,0.48148141339697625,0.9870381347559771
0.06422018527984619,0.5185185866030237,0.9847856154910097
0.06431852817535401,0.5185185866030237,0.9848646512546928
0.06278713703155518,0.5185185866030237,0.9836791147994468
0.06523955345153809,0.48148141339697625,0.9837581505631299
0.06332993030548095,0.48148141339697625,0.9837581505631299
0.06393861770629883,0.5185185866030237,0.9825726141078839
0,0.5185185866030237,0.9825726141078839
0.06422018527984619,0.5555554971974082,0.982651649871567
0.06476287841796875,0.5185185866030237,0.9831653823355069
0.06329760074615479,0.5185185866030237,0.9807152736613318
0.06332993030548095,0.5555554971974082,0.97731673582296
0.06062150001525879,0.5185185866030237,0.97731673582296
0.05513016700744629,0.48148141339697625,0.9773562537048015
0.1349862289428711,0.5185185866030237,0.9773562537048015
0.04824561595916748,0.48148141339697625,0.9762892708950801
0.06785714149475097,0.5185185866030237,0.9741157873937958
0.06727828979492188,0.48148141339697625,0.9741157873937958
0.06591722011566162,0.5185185866030237,0.9741553052756373
0.06527281761169433,0.5185185866030237,0.9735625370480143
0.06422018527984619,0.5555554971974082,0.9736415728116974
0.06948228836059571,0.5185185866030237,0.9736415728116974
0.06346623420715332,0.5555554971974082,0.9736415728116974
0.06476287841796875,0.5555554971974082,0.9724165184746099
0.06425293445587159,0.48148141339697625,0.9724955542382929
0.06329760074615479,0.5555554971974082,0.9724955542382929
0.06418746948242188,0.5185185866030237,0.9721003754198776
0.06374299049377441,0.5185185866030237,0.9721003754198776
0.07473035335540772,0.5555554971974082,0.9721794111835607
0.04229607105255127,0.5185185866030237,0.9721794111835607
0.06527281761169433,0.5185185866030237,0.9709938747283147
0.0646968936920166,0.48148141339697625,0.9710729104919977
0.06377551078796387,0.5185185866030237,0.9698478561549102
0.06425293445587159,0.5555554971974082,0.9688599091088719
0.06329760074615479,0.5555554971974082,0.9692155700454457
0.06055155754089356,0.5555554971974082,0.9692155700454457
0.08503401756286622,0.5555554971974082,0.9692155700454457
0.067312593460083,0.5555554971974082,0.9693341236909703
0.06636038780212403,0.5555554971974082,0.9694526773364949
0.057594289779663084,0.5555554971974082,0.9695317131001779
0.06625892162322998,0.5925926704034556,0.9683856945267735
0.0646968936920166,0.5555554971974082,0.9685437660541396
0.06418746948242188,0.5555554971974082,0.9675953368899428
0,0.5185185866030237,0.9675953368899428
0.06740976810455322,0.5555554971974082,0.9664888361983799
0.06520631790161133,0.5925926704034556,0.9640782454060464
0.06517311573028564,0.5555554971974082,0.9640782454060464
0.06377551078796387,0.5555554971974082,0.9645129421063032
0.06329760074615479,0.5555554971974082,0.9646314957518278
0.06422018527984619,0.5555554971974082,0.9646710136336694
0.06040268421173096,0.5555554971974082,0.9647105315155109
0.06671070098876954,0.5555554971974082,0.9647500493973524
0.06329760074615479,0.5555554971974082,0.9617862082592374
0.06326530456542968,0.5555554971974082,0.961311993677139
0.06418746948242188,0.5555554971974082,0.9614305473226636
0.06281920433044434,0.5555554971974082,0.9602054929855761
0.06425293445587159,0.5555554971974082,0.9592965817032209
0.05539070129394531,0.5555554971974082,0.9593360995850624
0.08962867736816406,0.5555554971974082,0.9593360995850624
0.01197604775428772,0.5555554971974082,0.9593360995850624
0.09378185272216798,0.5925926704034556,0.8791938352104327
0.06687085151672363,0.62962958099784,0.9074886386089704
0.06782253742218018,0.62962958099784,0.9076862280181781
0.06822810649871826,0.5925926704034556,0.9076862280181781
0.06476287841796875,0.62962958099784,0.9079628531910688
0.05963302612304688,0.62962958099784,0.9080418889547519
0.0591534948348999,0.5555554971974082,0.9082394783639596
0.06788321018218994,0.5925926704034556,0.9083580320094842
0.056122450828552245,0.5925926704034556,0.9084765856550088
0.06517311573028564,0.5555554971974082,0.9084765856550088
0.06384065151214599,0.5925926704034556,0.9085161035368503
0.06425293445587159,0.5925926704034556,0.9085161035368503
0.06625892162322998,0.62962958099784,0.9085161035368503
0.06425293445587159,0.5555554971974082,0.9085556214186918
0.07392549991607666,0.5555554971974082,0.9085951393005334
0.004587155878543854,0.5925926704034556,0.9085951393005334
0.06523955345153809,0.5555554971974082,0.9091483896463148
0.06336228847503662,0.5555554971974082,0.9091879075281564
0.0646968936920166,0.5925926704034556,0.9091879075281564
0.06581632614135742,0.5555554971974082,0.9091879075281564
0.06428571224212647,0.5925926704034556,0.9095040505828886
0.06472986698150635,0.5925926704034556,0.9083975498913257
0.16556291580200197,0.62962958099784,0.9083975498913257
0.0569060754776001,0.5555554971974082,0.9071724955542382
0.06523955345153809,0.5925926704034556,0.9074096028452874
0.06734694004058837,0.5555554971974082,0.9074096028452874
0.06880733966827393,0.62962958099784,0.9074096028452874
0.06833248138427735,0.62962958099784,0.907528156490812
0.0696492099761963,0.62962958099784,0.907528156490812
0.046242775917053225,0.62962958099784,0.907607192254495
0.07078417778015136,0.62962958099784,0.9066587630902982
0.06026557922363281,0.62962958099784,0.9082394783639596
0.06384065151214599,0.62962958099784,0.9059079233353091
0.0648289966583252,0.62962958099784,0.9064611736810906
0.06568228244781495,0.62962958099784,0.9064611736810906
0.06527281761169433,0.62962958099784,0.9053546729895277
0.06912442207336426,0.62962958099784,0.9053546729895277
0.06036446571350098,0.62962958099784,0.9053546729895277
0.06428571224212647,0.5925926704034556,0.9056708160442599
0.06476287841796875,0.62962958099784,0.9056708160442599
0.06622516632080078,0.62962958099784,0.9037739577158663
0.06472986698150635,0.62962958099784,0.9038134755977079
0.06568228244781495,0.62962958099784,0.9039320292432325
0.06877579212188721,0.62962958099784,0.9039320292432325
0.053571429252624515,0.5925926704034556,0.9039320292432325
0.06472986698150635,0.62962958099784,0.9039320292432325
0.06476287841796875,0.62962958099784,0.9029836000790357
0.0648289966583252,0.62962958099784,0.9032207073700849
0.06527281761169433,0.62962958099784,0.9032207073700849
0.06431852817535401,0.5555554971974082,0.9020746887966804
0.06966538906097412,0.62962958099784,0.9022722782058881
0.01459854006767273,0.62962958099784,0.9022722782058881
0.06826286315917969,0.62962958099784,0.9010472238688005
0.06611570358276367,0.62962958099784,0.8977672396759533
0.10204081535339356,0.62962958099784,0.8977672396759533
0.0953109073638916,0.6666664915922249,0.932582493578344
0.06884242534637451,0.6666664915922249,0.9317921359415133
0.06676860332489014,0.62962958099784,0.9321082789962456
0.05717202663421631,0.62962958099784,0.9328196008693932
0.06479591846466065,0.62962958099784,0.9329776723967593
0.06428571224212647,0.6666664915922249,0.9320292432325625
0.06581632614135742,0.62962958099784,0.934953566488836
0.06092789173126221,0.62962958099784,0.9351906737798852
0.12209301948547363,0.62962958099784,0.9351906737798852
0.06428571224212647,0.62962958099784,0.9339656194427977
0.0648289966583252,0.703703664798272,0.9327800829875517
0.06479591846466065,0.62962958099784,0.9327800829875517
0.06479591846466065,0.62962958099784,0.9330962260422839
0.06622516632080078,0.6666664915922249,0.9319502074688795
0.06581632614135742,0.62962958099784,0.9320292432325625
0.015228426456451416,0.62962958099784,0.9320292432325625
0.07195467472076417,0.62962958099784,0.9322268326417702
0.06527281761169433,0.6666664915922249,0.9322268326417702
0.06530612468719482,0.62962958099784,0.9310808140683657
0.06523955345153809,0.62962958099784,0.9299347954949613
0.06530612468719482,0.62962958099784,0.9301719027860105
0.06581632614135742,0.62962958099784,0.928946848448923
0.046017699241638184,0.62962958099784,0.9289863663307645
0.07317073345184326,0.62962958099784,0.9289863663307645
0.06479591846466065,0.62962958099784,0.9279984192847262
0.06530612468719482,0.6666664915922249,0.9280774550484092
0.06527281761169433,0.6666664915922249,0.9281564908120923
0.060714287757873533,0.62962958099784,0.9281564908120923
0.06116208076477051,0.6666664915922249,0.9270499901205294
0.07799145221710205,0.62962958099784,0.9270499901205294
0.06231742858886719,0.62962958099784,0.9270499901205294
0.067312593460083,0.62962958099784,0.9270895080023709
0.06687085151672363,0.6666664915922249,0.9274056510571032
0.06778797149658203,0.6666664915922249,0.9266943291839556
0.06629270553588867,0.6666664915922249,0.9250345781466112
0.06673459053039552,0.6666664915922249,0.9238095238095236
0.06666666507720947,0.6666664915922249,0.9238095238095236
0.0649350643157959,0.6666664915922249,0.9238095238095236
0.06574923515319825,0.62962958099784,0.9235328986366329
0.06670061111450196,0.6666664915922249,0.9232167555819006
0.0648289966583252,0.6666664915922249,0.9251531317921358
0.06387327671051025,0.62962958099784,0.9251926496739773
0.06625892162322998,0.62962958099784,0.9239675953368898
0.06745182037353516,0.6666664915922249,0.9241256668642559
0.011111111640930175,0.62962958099784,0.9241256668642559
0.06673459053039552,0.62962958099784,0.9206085753803595
0.06523955345153809,0.6666664915922249,0.9211223078442994
0.06527281761169433,0.6666664915922249,0.920727129025884
0.0648289966583252,0.62962958099784,0.9196206283343211
0.06629270553588867,0.6666664915922249,0.9183955739972336
0.06479591846466065,0.6666664915922249,0.9172890733056707
0.08695652008056641,0.6666664915922249,0.9172890733056707
0.062314538955688475,0.703703664798272,0.9165382335506815
0.06065239429473877,0.6666664915922249,0.9160640189685831
0.05669050216674805,0.6666664915922249,0.9150365540407033
0.06435137748718261,0.62962958099784,0.9155898043864847
0.06815869808197021,0.62962958099784,0.9148389646314956
0.0648289966583252,0.62962958099784,0.9138114997036157
0.11437403678894043,0.703703664798272,0.9125864453665282
0.042553191184997556,0.62962958099784,0.9113613910294407
0.06636038780212403,0.6666664915922249,0.9113613910294407
0.06873727321624756,0.6666664915922249,0.9118356056115391
0.06687085151672363,0.703703664798272,0.9119146413752222
0.06884242534637451,0.6666664915922249,0.9108871764473423
0.06782253742218018,0.703703664798272,0.9110452479747084
0.07783251285552979,0.6666664915922249,0.91108476585655
0.056144065856933593,0.62962958099784,0.91108476585655
0.06578276157379151,0.703703664798272,0.9100177830468286
0.06479591846466065,0.703703664798272,0.9100968188105116
0.06574923515319825,0.6666664915922249,0.9102548903378778
0.06622516632080078,0.703703664798272,0.9103734439834024
0.06317119598388672,0.6666664915922249,0.9104524797470854
0.15013404846191405,0.7407405753926568,0.6548508199960481
0.0784513521194458,0.703703664798272,0.921833629717447
0.06778797149658203,0.6666664915922249,0.923098201936376
0.06625892162322998,0.703703664798272,0.9231772377000591
0.06720977783203125,0.6666664915922249,0.9231772377000591
0.06822810649871826,0.703703664798272,0.9247184350918789
0.057711949348449705,0.703703664798272,0.9247184350918789
0.06068332672119141,0.6666664915922249,0.9235724165184744
0.0662217664718628,0.6666664915922249,0.9237304880458406
0.07142857074737549,0.6666664915922249,0.9237304880458406
0.06636038780212403,0.703703664798272,0.9238095238095236
0.06581632614135742,0.62962958099784,0.9225844694724361
0.06636038780212403,0.703703664798272,0.9215174866627147
0.06438426017761231,0.703703664798272,0.9215570045445562
0.06584992408752441,0.6666664915922249,0.9215570045445562
0.06479591846466065,0.703703664798272,0.9215570045445562
0.08100558280944824,0.703703664798272,0.9204109859711518
0.06596141815185547,0.6666664915922249,0.9204109859711518
0.0653394603729248,0.703703664798272,0.9191859316340643
0.06880733966827393,0.6666664915922249,0.9185141276427582
0.06476287841796875,0.6666664915922249,0.9185536455245997
0.06734694004058837,0.6666664915922249,0.9164196799051569
0.06530612468719482,0.6666664915922249,0.9151946255680694
0.05754614353179932,0.6666664915922249,0.9154712507409601
0.07328833103179931,0.703703664798272,0.9154712507409601
0.06479591846466065,0.6666664915922249,0.9155107686228017
0.06873727321624756,0.703703664798272,0.9155502865046432
0.06578276157379151,0.703703664798272,0.9155502865046432
0.06982670783996582,0.703703664798272,0.9151551076862279
0.06636038780212403,0.703703664798272,0.9136139102944081
0.05503875732421875,0.703703664798272,0.9136139102944081
0.09538002967834473,0.703703664798272,0.9136139102944081
0.05708460807800293,0.62962958099784,0.9125074096028452
0.06738131523132325,0.6666664915922249,0.9113613910294407
0.06727828979492188,0.703703664798272,0.9120727129025883
0.06833248138427735,0.6666664915922249,0.9120727129025883
0.06479591846466065,0.703703664798272,0.9110452479747084
0.06325301170349121,0.703703664798272,0.909978265164987
0.08695652008056641,0.703703664798272,0.909978265164987
0.06479591846466065,0.703703664798272,0.9100573009286701
0.06829765319824219,0.703703664798272,0.9077257459000196
0.06578276157379151,0.703703664798272,0.9077652637818612
0.06636038780212403,0.703703664798272,0.9005334914048606
0.06479591846466065,0.703703664798272,0.9005730092867021
0.0663265323638916,0.703703664798272,0.9009681881051175
0.028985507488250732,0.703703664798272,0.9009681881051175
0.06912928581237793,0.703703664798272,0.9010472238688005
0.06873727321624756,0.703703664798272,0.9000197589409207
0.06676860332489014,0.703703664798272,0.9000197589409207
0.06727828979492188,0.703703664798272,0.8989132582493577
0.0648289966583252,0.703703664798272,0.8977672396759533
0.06775343894958497,0.703703664798272,0.8967002568662319
0.05949656963348389,0.703703664798272,0.8967002568662319
0.06706114292144776,0.703703664798272,0.8967002568662319
0.0663265323638916,0.703703664798272,0.8965421853388658
0.06578276157379151,0.7407405753926568,0.8954752025291444
0.06472986698150635,0.703703664798272,0.8930646117368108
0.05410923957824707,0.6666664915922249,0.8931041296186524
0.06680264949798584,0.703703664798272,0.8933412369097016
0.07584830284118653,0.703703664798272,0.8934202726733846
0.05334728240966797,0.703703664798272,0.8935388263189092
0.06829765319824219,0.703703664798272,0.8924323256273463
0.06530612468719482,0.703703664798272,0.8936968978462754
0.06727828979492188,0.703703664798272,0.8925508792728709
0.06527281761169433,0.6666664915922249,0.892629915036554
0.06636038780212403,0.7407405753926568,0.892629915036554
0.07496360778808595,0.6666664915922249,0.8889547520252914
0.045996594429016116,0.703703664798272,0.8889547520252914
0.06924643516540528,0.703703664798272,0.8879668049792531
0.07126567840576171,0.703703664798272,0.8868998221695317
0.004926108419895172,0.703703664798272,0.8868998221695317
0.09489795684814453,0.703703664798272,0.8887966804979253
0.06734694004058837,0.703703664798272,0.8851610353685042
0.06880733966827393,0.703703664798272,0.8852005532503457
0.067312593460083,0.703703664798272,0.8828294803398538
0.06989795684814454,0.7407405753926568,0.8818415332938154
0.06734694004058837,0.703703664798272,0.88196008693934
0.07022900581359863,0.703703664798272,0.8820391227030231
0.04936424732208252,0.703703664798272,0.8821576763485477
0.1043338680267334,0.703703664798272,0.8821576763485477
0.06982670783996582,0.7777777485987043,0.8821576763485477
0.06680264949798584,0.7777777485987043,0.8822367121122308
0.06259541988372803,0.7407405753926568,0.8802213001383126
0.06323304653167724,0.7407405753926568,0.8802608180201541
0.06738131523132325,0.703703664798272,0.8803003359019956
0.06092559814453125,0.7407405753926568,0.8803793716656787
0.09842519760131836,0.703703664798272,0.8791543173285912
0.06782253742218018,0.703703664798272,0.8793123888559573
0.0663265323638916,0.703703664798272,0.8793914246196404
0.06870229244232177,0.7777777485987043,0.8793914246196404
0.0663265323638916,0.7407405753926568,0.8794309425014819
0.06690500736236572,0.703703664798272,0.8787196206283343
0.06530612468719482,0.703703664798272,0.8787196206283343
0.017391303777694704,0.703703664798272,0.8787986563920174
0.07046070575714111,0.7407405753926568,0.8791938352104327
0.06629270553588867,0.7407405753926568,0.8793123888559573
0.06778797149658203,0.703703664798272,0.8782058881643944
0.0668367338180542,0.703703664798272,0.8782058881643944
0.06829765319824219,0.703703664798272,0.8770598695909899
0.06673459053039552,0.703703664798272,0.8772969768820391
0.04411764621734619,0.703703664798272,0.8772969768820391
0.08112324714660644,0.703703664798272,0.8772969768820391
0.06629270553588867,0.7407405753926568,0.8762299940723177
0.06782253742218018,0.703703664798272,0.8751630112625963
0.0668367338180542,0.703703664798272,0.8752025291444379
0.06782253742218018,0.7777777485987043,0.8752025291444379
0.06466394901275635,0.703703664798272,0.8740565105710334
0.05635148048400879,0.703703664798272,0.8733056708160443
0.058177828788757324,0.703703664798272,0.8733056708160443
0.06676860332489014,0.703703664798272,0.8722386880063229
0.06687085151672363,0.703703664798272,0.8722386880063229
0.06636038780212403,0.703703664798272,0.8710926694329184
0.06778797149658203,0.7407405753926568,0.8711717051966015
0.06537282943725586,0.703703664798272,0.8712902588421261
0.07279151916503906,0.7407405753926568,0.8713297767239676
0.053406996726989744,0.703703664798272,0.8713297767239676
0.06578276157379151,0.7407405753926568,0.8715273661331753
0.07315340995788575,0.7407405753926568,0.8704603833234539
0.10727272987365723,0.7777777485987043,0.6113811499703616
0.07916241168975831,0.7407405753926568,0.8762695119541593
0.06792645454406739,0.7407405753926568,0.8817624975301324
0.06880733966827393,0.703703664798272,0.8814068365935586
0.06986231327056885,0.7777777485987043,0.8814068365935586
0.06822810649871826,0.7407405753926568,0.8817624975301324
0.06833248138427735,0.703703664798272,0.8805374431930448
0.0668367338180542,0.7777777485987043,0.8793123888559573
0.06801007747650147,0.7777777485987043,0.8780873345188698
0.06769494533538818,0.7777777485987043,0.8780873345188698
0.06625892162322998,0.703703664798272,0.8780873345188698
0.06734694004058837,0.703703664798272,0.8761904761904762
0.06680264949798584,0.7777777485987043,0.8761904761904762
0.06734694004058837,0.7407405753926568,0.8761904761904762
0.057113718986511235,0.7407405753926568,0.8761904761904762
0.08591065406799317,0.7777777485987043,0.8763090298360008
0.035175879001617436,0.7407405753926568,0.8763090298360008
0.06629270553588867,0.703703664798272,0.8752815649081209
0.06738131523132325,0.7407405753926568,0.875360600671804
0.067312593460083,0.7407405753926568,0.875360600671804
0.06833248138427735,0.7407405753926568,0.8756767437265363
0.067312593460083,0.703703664798272,0.8756767437265363
0.08028720855712891,0.7407405753926568,0.8745702430349733
0.02588235378265381,0.7777777485987043,0.8745702430349733
0.06727828979492188,0.7407405753926568,0.8746097609168149
0.06829765319824219,0.7407405753926568,0.8746492787986564
0.06690500736236572,0.7407405753926568,0.8737403675163011
0.06840224742889404,0.7407405753926568,0.8727919383521043
0.06833248138427735,0.7407405753926568,0.8729104919976289
0.06305832862854004,0.703703664798272,0.8729104919976289
0.2758620643615723,0.7777777485987043,0.8729104919976289
0.06782253742218018,0.7777777485987043,0.8692353289863664
0.06792645454406739,0.7777777485987043,0.8681288282948034
0.06625892162322998,0.7407405753926568,0.8658367911479945
0.06687085151672363,0.7777777485987043,0.8661924520845683
0.0663942813873291,0.7777777485987043,0.8664295593756175
0.06734694004058837,0.7777777485987043,0.86520450503853
0.006410256624221802,0.7777777485987043,0.864018968583284
0.07654921054840089,0.7777777485987043,0.864018968583284
0.06371049880981446,0.7407405753926568,0.864098004346967
0.05720122337341309,0.7777777485987043,0.8642560758743332
0.06782253742218018,0.703703664798272,0.8642560758743332
0.06734694004058837,0.7777777485987043,0.8644931831653824
0.06829765319824219,0.7777777485987043,0.8632681288282948
0.08323831558227539,0.7407405753926568,0.8632681288282948
0.09620721817016602,0.7777777485987043,0.8546927484686822
0.0669391918182373,0.703703664798272,0.8893499308437067
0.0653394603729248,0.7777777485987043,0.8893499308437067
0.06778797149658203,0.7777777485987043,0.8893499308437067
0.0663942813873291,0.7777777485987043,0.8894289666073898
0.0668367338180542,0.7407405753926568,0.8896265560165975
0.06578276157379151,0.7777777485987043,0.8896265560165975
0.06544342517852783,0.7777777485987043,0.889666073898439
0.08562690734863282,0.7777777485987043,0.889666073898439
0.0653394603729248,0.7777777485987043,0.889666073898439
0.06877228736877442,0.7777777485987043,0.889666073898439
0.06636038780212403,0.7777777485987043,0.889666073898439
0.0668367338180542,0.7777777485987043,0.8897846275439636
0.06673459053039552,0.7777777485987043,0.8904564315352697
0.0663942813873291,0.7777777485987043,0.8904564315352697
0.023809523582458497,0.7777777485987043,0.8893894487255483
0.06822916507720947,0.7777777485987043,0.8893894487255483
0.06778797149658203,0.7777777485987043,0.8883619837976684
0.06676860332489014,0.7777777485987043,0.8884410195613515
0.05518651008605957,0.7407405753926568,0.8884410195613515
0.06428571224212647,0.7407405753926568,0.8884410195613515
0.06826286315917969,0.7777777485987043,0.8886781268524007
0.1219512176513672,0.7777777485987043,0.8886781268524007
0.049773755073547366,0.7777777485987043,0.8875716261608377
0.06833248138427735,0.7777777485987043,0.8863465718237502
0.06720977783203125,0.7407405753926568,0.8863465718237502
0.06680264949798584,0.7777777485987043,0.8866627148784825
0.06581632614135742,0.7777777485987043,0.886702232760324
0.06829765319824219,0.7777777485987043,0.8868603042876901
0.08069458961486817,0.7777777485987043,0.8868603042876901
0.05096839904785156,0.7777777485987043,0.8868603042876901
0.06829765319824219,0.7777777485987043,0.8870578936968978
0.06680264949798584,0.7777777485987043,0.885516696305078
0.06734694004058837,0.7777777485987043,0.8851610353685042
0.06670061111450196,0.7777777485987043,0.8852005532503457
0.067312593460083,0.7777777485987043,0.8852005532503457
0.06310319423675537,0.7777777485987043,0.8853981426595534
0.0781758975982666,0.7777777485987043,0.8853981426595534
0.06931702136993409,0.7777777485987043,0.8853981426595534
0.06741572856903076,0.7777777485987043,0.8841730883224659
0.06836734771728516,0.8148146591930887,0.8834617664493183
0.06636038780212403,0.7777777485987043,0.8823947836395969
0.06931702136993409,0.7777777485987043,0.8824343015214384
0.05078809261322022,0.7777777485987043,0.8803003359019956
0.13877551078796388,0.7777777485987043,0.8803398537838372
0.06068332672119141,0.7777777485987043,0.8803398537838372
0.06836734771728516,0.7777777485987043,0.8792728709741158
0.035714285373687746,0.7777777485987043,0.8792728709741158
0.09945055007934571,0.8148146591930887,0.8248172297964831
0.06625892162322998,0.8148146591930887,0.8278205888164396
0.067961163520813,0.7777777485987043,0.8278205888164396
0.06676860332489014,0.7777777485987043,0.8279391424619642
0.06924643516540528,0.7777777485987043,0.8281367318711719
0.06734694004058837,0.8148146591930887,0.8281367318711719
0.06785714149475097,0.7777777485987043,0.8286504643351118
0.06578276157379151,0.7777777485987043,0.8286504643351118
0.06785714149475097,0.7777777485987043,0.8275834815253904
0.05393258571624756,0.7777777485987043,0.8262398735427783
0.07764265537261963,0.7777777485987043,0.825330962260423
0.06687085151672363,0.7777777485987043,0.825330962260423
0.06530612468719482,0.7777777485987043,0.8255285516696307
0.06887754917144776,0.7777777485987043,0.8255285516696307
0.06629270553588867,0.7777777485987043,0.8256471053151553
0.06734694004058837,0.7777777485987043,0.824659158269117
0.045238094329833986,0.7777777485987043,0.8247381940328
0.10826210975646973,0.7777777485987043,0.8247381940328
0.06833248138427735,0.7777777485987043,0.8235131396957125
0.06581632614135742,0.7777777485987043,0.8226042284133572
0.06690500736236572,0.7777777485987043,0.8226832641770403
0.05498981475830078,0.7777777485987043,0.8228018178225649
0.06690500736236572,0.7777777485987043,0.8228413357044064
0.07076248168945312,0.7777777485987043,0.8228413357044064
0,0.7777777485987043,0.8228413357044064
0.06782253742218018,0.7777777485987043,0.822959889349931
0.067312593460083,0.7777777485987043,0.8218929065402092
0.06833248138427735,0.7777777485987043,0.8213791740762693
0.06771893978118897,0.7777777485987043,0.8209839952578539
0.06782253742218018,0.7777777485987043,0.8210235131396955
0.06584992408752441,0.7777777485987043,0.821063031021537
0.06833248138427735,0.7777777485987043,0.8214186919581108
0.06676860332489014,0.7777777485987043,0.8214186919581108
0.06785714149475097,0.7777777485987043,0.8215767634854769
0.06727828979492188,0.7777777485987043,0.82165579924916
0.06884242534637451,0.7777777485987043,0.82165579924916
0.06581632614135742,0.7777777485987043,0.8216953171310015
0.046589016914367676,0.7777777485987043,0.8217743528946846
0.07658320903778076,0.8148146591930887,0.8220509780675753
0.0663265323638916,0.8148146591930887,0.8209049594941709
0.06935236930847168,0.7777777485987043,0.8209839952578539
0.06629270553588867,0.7777777485987043,0.8209839952578539
0.06738131523132325,0.8148146591930887,0.8213001383125862
0.06486210346221924,0.8148146591930887,0.8213001383125862
0.05664263725280762,0.7777777485987043,0.8213001383125862
0.06565656661987304,0.7777777485987043,0.8213001383125862
0.06026557922363281,0.7407405753926568,0.8214582098399523
0.06741572856903076,0.7777777485987043,0.8207864058486463
0.06537282943725586,0.7777777485987043,0.8203517091483894
0.06782253742218018,0.7777777485987043,0.8203517091483894
0.06680264949798584,0.7777777485987043,0.820470262793914
0.07537362098693848,0.7777777485987043,0.8208259237304878
0.04952830314636231,0.7777777485987043,0.8208259237304878
0.06676860332489014,0.7777777485987043,0.8208259237304878
0.06836734771728516,0.7777777485987043,0.8197194230389249
0.06775343894958497,0.7777777485987043,0.8197589409207664
0.06636038780212403,0.7777777485987043,0.8197589409207664
0.0663942813873291,0.7777777485987043,0.8197984588026079
0.07462686538696289,0.7777777485987043,0.8198379766844495
0.09929577827453613,0.7777777485987043,0.8483303694921953
0.06935236930847168,0.8148146591930887,0.8473819403279985
0.06996935844421387,0.7777777485987043,0.8473819403279985
0.06894790649414062,0.7777777485987043,0.8476980833827308
0.06982670783996582,0.7777777485987043,0.845564117763288
0.0663942813873291,0.7777777485987043,0.8456431535269711
0.06986231327056885,0.8148146591930887,0.8386880063228612
0.056413302421569826,0.7777777485987043,0.8375419877494568
0.1345454502105713,0.8148146591930887,0.8375419877494568
0.06938775539398194,0.8148146591930887,0.8377000592768229
0.06527281761169433,0.7777777485987043,0.8377395771586644
0.057711949348449705,0.8148146591930887,0.8379371665678721
0.06782253742218018,0.7777777485987043,0.8380162023315552
0.06833248138427735,0.8148146591930887,0.8380952380952382
0.06836734771728516,0.8148146591930887,0.8382137917407628
0.021739130020141603,0.8148146591930887,0.8374234341039322
0.07165775299072266,0.7777777485987043,0.8372258446947245
0.0668367338180542,0.8148146591930887,0.8372258446947245
0.06782253742218018,0.8148146591930887,0.837265362576566
0.06727828979492188,0.8148146591930887,0.8373443983402491
0.06829765319824219,0.7777777485987043,0.8375815056312983
0.06775343894958497,0.7777777485987043,0.8377395771586644
0.0455927038192749,0.8518518323991362,0.8377395771586644
0.0821181869506836,0.8148146591930887,0.8377395771586644
0.06676860332489014,0.7777777485987043,0.8377395771586644
0.06782253742218018,0.7777777485987043,0.837779095040506
0.0668367338180542,0.8148146591930887,0.8367911479944676
0.06690500736236572,0.7777777485987043,0.8368306658763092
0.067312593460083,0.8148146591930887,0.837186326812883
0.05355403900146485,0.8148146591930887,0.8372258446947245
0.08378087997436523,0.8148146591930887,0.8372258446947245
0.06724401473999024,0.8148146591930887,0.8361983797668446
0.06687085151672363,0.8148146591930887,0.8361983797668446
0.06829765319824219,0.7777777485987043,0.8361983797668446
0.06734694004058837,0.8518518323991362,0.8363169334123692
0.05705552577972412,0.8148146591930887,0.8365145228215769
0.07449856758117676,0.7777777485987043,0.8358427188302708
0.04795737266540528,0.7777777485987043,0.8353685042481724
0.06584992408752441,0.8148146591930887,0.8355265757755386
0.06782253742218018,0.7777777485987043,0.8344595929658172
0.067312593460083,0.7777777485987043,0.8321675558190083
0.06782253742218018,0.7777777485987043,0.8321675558190083
0.06778797149658203,0.8148146591930887,0.8312981624184945
0.06833248138427735,0.8518518323991362,0.8316143054732268
0,0.8148146591930887,0.8308634657182377
0.08823529243469239,0.8518518323991362,0.8304287690179808
0.09625212669372558,0.8518518323991362,0.7844694724362773
0.06782253742218018,0.8148146591930887,0.7952578541790158
0.06588355541229249,0.7777777485987043,0.7952973720608574
0.06734694004058837,0.7777777485987043,0.7940723177237698
0.06636038780212403,0.7777777485987043,0.7941513534874529
0.06833248138427735,0.8148146591930887,0.7937561746690376
0.06727828979492188,0.8148146591930887,0.7933609958506223
0.06782253742218018,0.7777777485987043,0.7934795494961469
0.067312593460083,0.7777777485987043,0.7910294408219718
0.06642820835113525,0.7777777485987043,0.7910294408219718
0.06636038780212403,0.8148146591930887,0.7878680102746491
0.06833248138427735,0.8518518323991362,0.7879865639201737
0.06680264949798584,0.7777777485987043,0.7880260818020153
0.054564533233642576,0.7777777485987043,0.7869986168741354
0.25490196228027345,0.7777777485987043,0.7869986168741354
0.06119327068328857,0.7777777485987043,0.7859711519462556
0.06826286315917969,0.7777777485987043,0.7847856154910096
0.06734694004058837,0.7777777485987043,0.7847856154910096
0.06880733966827393,0.7777777485987043,0.7849041691365342
0.06636038780212403,0.7777777485987043,0.7851412764275834
0.06826286315917969,0.8148146591930887,0.7839952578541789
0.05825242519378662,0.7777777485987043,0.7839952578541789
0.07192254543304444,0.7777777485987043,0.784074293617862
0.067312593460083,0.7777777485987043,0.784074293617862
0.067312593460083,0.7777777485987043,0.7807943094250147
0.06833248138427735,0.8148146591930887,0.7808733451886978
0.067312593460083,0.7777777485987043,0.7808733451886978
0.06727828979492188,0.7777777485987043,0.7798063623789764
0.06228765487670899,0.7407405753926568,0.7798063623789764
0.07076350212097168,0.8148146591930887,0.7798063623789764
0.06636038780212403,0.8148146591930887,0.778739379569255
0.06680264949798584,0.8148146591930887,0.778739379569255
0.06789178371429444,0.7777777485987043,0.778739379569255
0.06636038780212403,0.8148146591930887,0.778739379569255
0.06636038780212403,0.7777777485987043,0.7775933609958505
0.06384676933288574,0.7777777485987043,0.7775933609958505
0.07355020999908447,0.7777777485987043,0.7775933609958505
0.06738131523132325,0.7777777485987043,0.7779490219324243
0.06581632614135742,0.7777777485987043,0.7772377000592767
0.060081467628479004,0.7777777485987043,0.7773562537048013
0.06833248138427735,0.7777777485987043,0.7761707172495553
0.06833248138427735,0.7777777485987043,0.7725350721201343
0.07578558444976807,0.8148146591930887,0.7725350721201343
0.032640950679779054,0.7777777485987043,0.7725350721201343
0.06785714149475097,0.8148146591930887,0.7715076071922544
0.06833248138427735,0.7777777485987043,0.7715076071922544
0.06836734771728516,0.7777777485987043,0.7717051966014621
0.06884242534637451,0.7777777485987043,0.7718632681288282
0.06833248138427735,0.7777777485987043,0.7706382137917407
0.06877228736877442,0.8148146591930887,0.7706777316735822
0.1875,0.8148146591930887,0.7706777316735822
0.06832298278808593,0.7777777485987043,0.7694921952183362
0.06789178371429444,0.7777777485987043,0.7692155700454455
0.06826286315917969,0.7777777485987043,0.7675163011262596
0.06785714149475097,0.7777777485987043,0.7675163011262596
0.06782253742218018,0.8148146591930887,0.7664493183165382
0.06775343894958497,0.8148146591930887,0.7665678719620628
0.048576216697692874,0.7777777485987043,0.7653428176249752
0.07692307472229004,0.7777777485987043,0.7653823355068168
0.06690500736236572,0.8148146591930887,0.7629322268326417
0.0668367338180542,0.8148146591930887,0.7630902983600079
0.05045351505279541,0.7777777485987043,0.7630902983600079
0.24875621795654299,0.7777777485987043,0.7631298162418494
0.0942435073852539,0.7777777485987043,0.7666469077257458
0.05708460807800293,0.7777777485987043,0.7769215570045445
0.06523955345153809,0.7777777485987043,0.7760916814858723
0.067312593460083,0.7777777485987043,0.7761311993677138
0.067312593460083,0.7777777485987043,0.7744319304485279
0.067312593460083,0.7777777485987043,0.774590001975894
0.06636038780212403,0.7777777485987043,0.7738391622209049
0.07761194229125977,0.8518518323991362,0.7738391622209049
0.046698870658874514,0.7777777485987043,0.7738391622209049
0.0663265323638916,0.8148146591930887,0.7718237502469867
0.06680264949798584,0.8148146591930887,0.7719027860106698
0.06734694004058837,0.7777777485987043,0.7719027860106698
0.06829765319824219,0.7777777485987043,0.7719027860106698
0.06680264949798584,0.7777777485987043,0.7719818217743528
0.06779661178588868,0.7777777485987043,0.7724165184746097
0.07569721221923828,0.7777777485987043,0.7724165184746097
0.0663942813873291,0.7777777485987043,0.7724165184746097
0.0663265323638916,0.7777777485987043,0.7726141078838173
0.0668367338180542,0.8148146591930887,0.7726536257656589
0.06877228736877442,0.7777777485987043,0.7727721794111835
0.06636038780212403,0.7777777485987043,0.7727721794111835
0.06581632614135742,0.7777777485987043,0.7727721794111835
0.008547008633613587,0.7777777485987043,0.7727721794111835
0.0706137990951538,0.7777777485987043,0.7740367516301125
0.06778797149658203,0.7777777485987043,0.7732859118751234
0.06125574111938477,0.7777777485987043,0.7720608575380359
0.059754853248596196,0.7777777485987043,0.772139893301719
0.06775343894958497,0.7777777485987043,0.772139893301719
0.0663265323638916,0.7777777485987043,0.7709148389646314
0.0754189920425415,0.7777777485987043,0.770954356846473
0.05762712001800537,0.7777777485987043,0.7700059276822762
0.06584992408752441,0.7777777485987043,0.7704801422643746
0.06680264949798584,0.7777777485987043,0.7704801422643746
0.06782253742218018,0.7777777485987043,0.7693736415728116
0.06687085151672363,0.7777777485987043,0.7657379964433906
0.06775343894958497,0.7777777485987043,0.7645524599881446
0.07340720176696777,0.7777777485987043,0.7649476388065599
0.05212355136871338,0.7777777485987043,0.7649476388065599
0.067312593460083,0.7407405753926568,0.7649476388065599
0.06680264949798584,0.7777777485987043,0.7643943884607785
0.06734694004058837,0.7777777485987043,0.7627346374234341
0.0663265323638916,0.7777777485987043,0.7627346374234341
0.06734694004058837,0.7777777485987043,0.7593756174669037
0.07119205474853516,0.8148146591930887,0.7594941711124283
0.04026845455169678,0.7777777485987043,0.7594941711124283
0.06785714149475097,0.7777777485987043,0.7594941711124283
0.08750000000000001,0.7777777485987043,0.7594941711124283
0.09471237182617187,0.7777777485987043,0.7524204702627939
0.07182883262634278,0.7777777485987043,0.7524204702627939
0.07040816307067871,0.8148146591930887,0.7515115589804386
0.06942317485809327,0.7777777485987043,0.7515905947441217
0.05708460807800293,0.7777777485987043,0.7505236119344003
0.06782253742218018,0.7777777485987043,0.7505631298162418
0.06884242534637451,0.8148146591930887,0.7507607192254495
0.07124681949615479,0.7777777485987043,0.7484686820786406
0.06645569801330567,0.7777777485987043,0.7484686820786406
0.06596305847167969,0.7777777485987043,0.7484686820786406
0.06680264949798584,0.7777777485987043,0.7486267536060067
0.06829765319824219,0.7777777485987043,0.7409998024105908
0.06727828979492188,0.7777777485987043,0.7404070341829678
0.06680264949798584,0.7777777485987043,0.7404070341829678
0.06972010135650634,0.7777777485987043,0.7404070341829678
0.06873727321624756,0.7777777485987043,0.7396957123098202
0,0.7777777485987043,0.7396957123098202
0.07319819927215576,0.7777777485987043,0.7397352301916618
0.067312593460083,0.8148146591930887,0.7398933017190279
0.06727828979492188,0.7777777485987043,0.7386682473819404
0.06778797149658203,0.7777777485987043,0.7388263189093065
0.06778797149658203,0.8148146591930887,0.7388263189093065
0.067312593460083,0.7777777485987043,0.7378383718632682
0.04891304492950439,0.7777777485987043,0.7378778897451097
0.07259786605834961,0.7777777485987043,0.7357044062438254
0.06636038780212403,0.7777777485987043,0.7359810314167161
0.06636038780212403,0.7777777485987043,0.7359810314167161
0.06636038780212403,0.7777777485987043,0.7360995850622407
0.06119327068328857,0.8148146591930887,0.7349930843706778
0.060714287757873533,0.7777777485987043,0.7344003161430548
0.08450704574584961,0.7777777485987043,0.7339261015609564
0.05024154663085938,0.7777777485987043,0.7340841730883225
0.06724401473999024,0.7777777485987043,0.7341236909701641
0.06734694004058837,0.7407405753926568,0.7341236909701641
0.06782253742218018,0.7777777485987043,0.7328986366330765
0.06778797149658203,0.7777777485987043,0.730488045840743
0.06584992408752441,0.7777777485987043,0.7294210630310216
0.07056451797485351,0.7777777485987043,0.7294210630310216
0.05919661521911621,0.7777777485987043,0.7294210630310216
0.06778797149658203,0.7777777485987043,0.7294210630310216
0.06775343894958497,0.7777777485987043,0.7300533491404861
0.06636038780212403,0.7777777485987043,0.7300533491404861
0.06778797149658203,0.7777777485987043,0.7300928670223277
0.06588355541229249,0.7777777485987043,0.7301719027860107
0.07050591945648194,0.7777777485987043,0.7303299743133769
0,0.7777777485987043,0.7303299743133769
0.067312593460083,0.7777777485987043,0.7291444378581309
0.06724401473999024,0.7777777485987043,0.7291444378581309
0.06734694004058837,0.7777777485987043,0.7282355265757756
0.07208672046661377,0.7777777485987043,0.7282750444576171
0.008547008633613587,0.7777777485987043,0.7282750444576171
0.09095554351806641,0.7777777485987043,0.7352697095435685
0.06629270553588867,0.7777777485987043,0.7329381545149181
0.06727828979492188,0.7777777485987043,0.7318316538233551
0.0536261510848999,0.7407405753926568,0.7318711717051967
0.06727828979492188,0.7777777485987043,0.7311598498320491
0.06931702136993409,0.7777777485987043,0.7296581703220708
0.06833248138427735,0.7777777485987043,0.7300533491404861
0.07504078388214111,0.7777777485987043,0.7314364750049398
0.05320600509643555,0.703703664798272,0.7314364750049398
0.0669391918182373,0.7777777485987043,0.7315550286504644
0.06880733966827393,0.7777777485987043,0.7303299743133769
0.06880733966827393,0.7777777485987043,0.728116972930251
0.06877228736877442,0.7777777485987043,0.7281960086939341
0.06680264949798584,0.7777777485987043,0.7282750444576171
0.06574827671051026,0.7777777485987043,0.7261015609563328
0.07142857074737549,0.7777777485987043,0.7261015609563328
0.06578276157379151,0.7777777485987043,0.7250345781466114
0.0663265323638916,0.7777777485987043,0.7252321675558191
0.06581632614135742,0.7777777485987043,0.7253902390831852
0.0663265323638916,0.7777777485987043,0.7241651847460977
0.06680264949798584,0.7777777485987043,0.7242047026279392
0.06537282943725586,0.7777777485987043,0.7242442205097808
0.00995024859905243,0.7777777485987043,0.7234933807547916
0.07276861667633057,0.7407405753926568,0.7218336297174472
0.06584992408752441,0.7777777485987043,0.7218731475992888
0.0663265323638916,0.7777777485987043,0.7219521833629718
0.06584992408752441,0.7777777485987043,0.7219917012448134
0.06329760074615479,0.7407405753926568,0.7184746097609169
0.056179776191711425,0.7777777485987043,0.7184746097609169
0.09411765098571778,0.7777777485987043,0.7184746097609169
0.04853556632995606,0.7777777485987043,0.7184746097609169
0.06489524841308594,0.7777777485987043,0.7193044852795891
0.06676860332489014,0.7777777485987043,0.7193835210432722
0.06489524841308594,0.7777777485987043,0.7195415925706383
0.0668367338180542,0.7407405753926568,0.7187512349338077
0.0668367338180542,0.7777777485987043,0.7187907528156492
0.07508833885192871,0.7777777485987043,0.7175656984785617
0.052058110237121584,0.7407405753926568,0.7165382335506818
0.06775343894958497,0.7777777485987043,0.7153131792135943
0.06588355541229249,0.7407405753926568,0.7153526970954358
0.06537282943725586,0.7777777485987043,0.7145228215767636
0.0668367338180542,0.7407405753926568,0.7136534281762499
0.06584992408752441,0.7777777485987043,0.7124678917210039
0.07109634399414062,0.7777777485987043,0.7127049990120531
0.05506608009338379,0.703703664798272,0.7127049990120531
0.06771893978118897,0.7777777485987043,0.7127049990120531
0.06680264949798584,0.7777777485987043,0.7127840347757362
0.06778797149658203,0.7407405753926568,0.7116775340841732
0.06792645454406739,0.7407405753926568,0.7117170519660148
0.06785714149475097,0.7777777485987043,0.7118356056115394
0.06513614654541015,0.7777777485987043,0.7118356056115394
0.1494252872467041,0.7777777485987043,0.7118356056115394
0.06979113578796386,0.7777777485987043,0.7121912665481132
0.06065239429473877,0.7777777485987043,0.7121912665481132
0.06278713703155518,0.7777777485987043,0.7111638016202333
0.06982670783996582,0.7777777485987043,0.7111638016202333
0.06584992408752441,0.7777777485987043,0.7099387472831458
0.06636038780212403,0.7777777485987043,0.7102153724560365
0.010563380718231201,0.7777777485987043,0.7102153724560365
0.07692307472229004,0.7777777485987043,0.7103339261015611
0.06676860332489014,0.7777777485987043,0.7104129618652442
0.06629270553588867,0.7407405753926568,0.7104129618652442
0.06833248138427735,0.7777777485987043,0.7093854969373643
0.06581632614135742,0.7777777485987043,0.7094250148192058
0.06822810649871826,0.7777777485987043,0.708397549891326
0.06124852657318115,0.7777777485987043,0.7084370677731675
0.07533632278442383,0.7777777485987043,0.7084370677731675
0.0668367338180542,0.7777777485987043,0.7060659948626755
0.06581632614135742,0.7777777485987043,0.7060659948626755
0.06687085151672363,0.7407405753926568,0.7063426200355662
0.0663265323638916,0.7777777485987043,0.7063426200355662
0.06676860332489014,0.7777777485987043,0.7063426200355662
0.06545454502105713,0.7777777485987043,0.7053941908713695
0.11307420730590821,0.7777777485987043,0.6925113613910292
0.06775343894958497,0.7777777485987043,0.6915629322268324
0.067312593460083,0.7777777485987043,0.6915629322268324
0.06833248138427735,0.7777777485987043,0.6917210037541985
0.06734694004058837,0.7777777485987043,0.6908120924718433
0.054081630706787114,0.7407405753926568,0.6908120924718433
0.06584992408752441,0.7777777485987043,0.6910096818810509
0.06700379371643067,0.7407405753926568,0.6901402884805372
0.07631578922271728,0.703703664798272,0.6901402884805372
0.06687085151672363,0.7777777485987043,0.6901798063623787
0.06826286315917969,0.7777777485987043,0.6889547520252912
0.0663942813873291,0.7777777485987043,0.6893499308437065
0.067312593460083,0.7777777485987043,0.6896265560165973
0.06636038780212403,0.7407405753926568,0.6896660738984388
0.06806550502777099,0.7777777485987043,0.6896660738984388
0,0.7777777485987043,0.6889152341434497
0.06588355541229249,0.7407405753926568,0.6884805374431928
0.06877228736877442,0.7777777485987043,0.6884805374431928
0.06636038780212403,0.7777777485987043,0.6885990910887174
0.06636038780212403,0.7407405753926568,0.688638608970559
0.06734694004058837,0.703703664798272,0.688717644734242
0.06636038780212403,0.7407405753926568,0.6893894487255481
0.07899461269378662,0.7777777485987043,0.6895080023710727
0.06267806053161622,0.7407405753926568,0.6895080023710727
0.06887754917144776,0.7407405753926568,0.6895870381347557
0.06880733966827393,0.7777777485987043,0.6897055917802803
0.06836734771728516,0.7777777485987043,0.6885200553250344
0.06931702136993409,0.7777777485987043,0.6885595732068759
0.06829765319824219,0.7777777485987043,0.6873740367516299
0.04643628597259521,0.7407405753926568,0.6873740367516299
0.0782608699798584,0.703703664798272,0.6873740367516299
0.06272310256958008,0.7777777485987043,0.6870183758150561
0.06928171157836914,0.7777777485987043,0.6865441612329577
0.06833248138427735,0.7407405753926568,0.6853586247777117
0.06924643516540528,0.7407405753926568,0.685674767832444
0.067312593460083,0.7777777485987043,0.6844497134953564
0.06461538314819336,0.7777777485987043,0.6833432128037935
0.07680722713470459,0.7777777485987043,0.6833432128037935
0.06873727321624756,0.7777777485987043,0.6833432128037935
0.0663942813873291,0.7407405753926568,0.6823552657577552
0.06822810649871826,0.7777777485987043,0.6811302114206677
0.0668367338180542,0.7407405753926568,0.6789962458012249
0.06687085151672363,0.7407405753926568,0.6789962458012249
0.063063063621521,0.7777777485987043,0.679154317328591
0.08813559532165527,0.7777777485987043,0.679154317328591
0.06877228736877442,0.7777777485987043,0.6784429954554434
0.06636038780212403,0.7777777485987043,0.6784825133372849
0.06680264949798584,0.7777777485987043,0.678561549100968
0.06636038780212403,0.7407405753926568,0.6775736020549297
0.067312593460083,0.7777777485987043,0.6776526378186127
0.06680264949798584,0.7407405753926568,0.6765856550088913
0.027027027606964113,0.7407405753926568,0.6765856550088913
0.07044491291046143,0.7777777485987043,0.6765856550088913
0.06588355541229249,0.7407405753926568,0.6766251728907329
0.0663942813873291,0.703703664798272,0.6754001185536453
0.05359877586364746,0.703703664798272,0.6755581900810115
0.06629270553588867,0.703703664798272,0.6745702430349731
0.0663942813873291,0.703703664798272,0.6745702430349731
0.08709176063537598,0.7407405753926568,0.6733451886978856
0.06060606002807618,0.703703664798272,0.6733451886978856
0.0668367338180542,0.7777777485987043,0.6722386880063227
0.06775343894958497,0.703703664798272,0.6710531515510767
0.06782253742218018,0.7777777485987043,0.6704603833234537
0.06680264949798584,0.7407405753926568,0.6706184548508198
0.06636038780212403,0.703703664798272,0.6694329183955738
0.077380952835083,0.7777777485987043,0.6694329183955738
0.058823528289794924,0.7407405753926568,0.6694329183955738
0.0668367338180542,0.7407405753926568,0.6694724362774154
0.06873727321624756,0.7777777485987043,0.6695119541592569
0.06687085151672363,0.703703664798272,0.6695514720410984
0.06917599201202393,0.703703664798272,0.6683264177040109
0.06680264949798584,0.703703664798272,0.667219917012448
0.06535947799682618,0.7777777485987043,0.667219917012448
0.12714776992797852,0.7777777485987043,0.3920964236316933
0.07818089008331298,0.7777777485987043,0.6712507409602844
0.06931702136993409,0.7407405753926568,0.6701047223868799
0.07080998420715333,0.703703664798272,0.6691958111045246
0.0717922592163086,0.7777777485987043,0.6693538826318908
0.067312593460083,0.7777777485987043,0.6693538826318908
0.06272310256958008,0.703703664798272,0.6693934005137323
0.06221315860748291,0.7407405753926568,0.6686425607587432
0.12897526741027832,0.7407405753926568,0.6687611144042678
0.045161290168762205,0.7407405753926568,0.6688796680497924
0.06785714149475097,0.703703664798272,0.6676546137127048
0.06789178371429444,0.7407405753926568,0.667812685240071
0.06880733966827393,0.703703664798272,0.667891721003754
0.07026476383209229,0.7407405753926568,0.6680893104129617
0.06840224742889404,0.7407405753926568,0.6681288282948032
0.07272727489471435,0.7407405753926568,0.6681683461766448
0.06809338569641113,0.7407405753926568,0.6681683461766448
0.06738131523132325,0.7407405753926568,0.6669432918395573
0.06741572856903076,0.7407405753926568,0.667219917012448
0.06789178371429444,0.7777777485987043,0.6660738984390435
0.067312593460083,0.703703664798272,0.6661529342027266
0.06931702136993409,0.703703664798272,0.6662319699664097
0.0712383508682251,0.7777777485987043,0.6638213791740761
0.05664487838745117,0.7407405753926568,0.6638213791740761
0.06543967247009277,0.7777777485987043,0.6638213791740761
0.06727828979492188,0.7407405753926568,0.6641770401106499
0.06687085151672363,0.7777777485987043,0.6633076467101362
0.06924643516540528,0.7777777485987043,0.6620825923730487
0.06873727321624756,0.7777777485987043,0.6625963248369886
0.06645230293273927,0.7777777485987043,0.6615688599091087
0.07608695507049561,0.7777777485987043,0.6615688599091087
0.06584992408752441,0.7407405753926568,0.6604228413357043
0.057535643577575686,0.7407405753926568,0.6604228413357043
0.0668367338180542,0.7777777485987043,0.6604623592175458
0.06782253742218018,0.703703664798272,0.6592373048804583
0.06734694004058837,0.7777777485987043,0.6592373048804583
0.06877228736877442,0.7777777485987043,0.6583679114799446
0.02142857074737549,0.703703664798272,0.6571823750246986
0.07674003601074218,0.703703664798272,0.6571823750246986
0.06727828979492188,0.703703664798272,0.6572218929065401
0.06680264949798584,0.7777777485987043,0.6572218929065401
0.06782253742218018,0.7407405753926568,0.6563524995060264
0.06836734771728516,0.7407405753926568,0.6557202133965618
0.06775343894958497,0.703703664798272,0.6557202133965618
0.04629629611968994,0.7407405753926568,0.6557202133965618
0.0785060977935791,0.703703664798272,0.6545346769413158
0.06877228736877442,0.703703664798272,0.654692748468682
0.06826286315917969,0.703703664798272,0.653507212013436
0.06778797149658203,0.7777777485987043,0.6522821576763485
0.06734694004058837,0.703703664798272,0.6522821576763485
0.06829765319824219,0.7407405753926568,0.6523611934400315
0.0625,0.7407405753926568,0.6524402292037146
0.08021389961242675,0.703703664798272,0.6524402292037146
0.06877228736877442,0.703703664798272,0.6524797470855561
0.06782253742218018,0.7407405753926568,0.6501481920569057
0.06682577610015869,0.703703664798272,0.6502272278205887
0.10233160972595215,0.7407405753926568,0.6482513337285121
0.06119327068328857,0.703703664798272,0.6491997628927089
0.06523955345153809,0.7407405753926568,0.6497134953566488
0.06785714149475097,0.703703664798272,0.6500296384113811
0.06734694004058837,0.7777777485987043,0.6488441019561351
0.06880733966827393,0.703703664798272,0.6489231377198181
0.06738131523132325,0.7777777485987043,0.6479747085556213
0.06789178371429444,0.703703664798272,0.6469472436277415
0.08085977554321289,0.7407405753926568,0.6469472436277415
0.05691056728363037,0.7407405753926568,0.6469472436277415
0.06880733966827393,0.703703664798272,0.6469472436277415
0.06636038780212403,0.703703664798272,0.6469472436277415
0.06884242534637451,0.703703664798272,0.6470262793914245
0.06782253742218018,0.703703664798272,0.6476585655008891
0.06931702136993409,0.703703664798272,0.6476980833827306
0.08080059051513672,0.7777777485987043,0.6476980833827306
0.04715446949005127,0.703703664798272,0.6476980833827306
0.06880733966827393,0.703703664798272,0.6465915826911677
0.06690500736236572,0.7407405753926568,0.6465915826911677
0.06778797149658203,0.703703664798272,0.6467496542185338
0.06833248138427735,0.703703664798272,0.6467891721003753
0.06785714149475097,0.703703664798272,0.6467891721003753
0.06180757999420166,0.7407405753926568,0.6471053151551076
0.10699588775634766,0.703703664798272,0.6471053151551076
0.06833248138427735,0.7777777485987043,0.6461173681090693
0.06122448921203613,0.7407405753926568,0.6461173681090693
0.06167176246643066,0.703703664798272,0.64639399328196
0.06789178371429444,0.6666664915922249,0.64639399328196
0.06931702136993409,0.703703664798272,0.6464335111638015
0.06687085151672363,0.703703664798272,0.6467496542185338
0.09034268379211426,0.703703664798272,0.6455245998814463
0.06520414352416992,0.703703664798272,0.6445761707172495
0.06785714149475097,0.7407405753926568,0.6447342422446156
0.06928171157836914,0.703703664798272,0.6448527958901402
0.06924643516540528,0.703703664798272,0.6449318316538233
0.07033638954162598,0.703703664798272,0.6438648488441019
0.06884242534637451,0.703703664798272,0.6438648488441019
0.07101449489593506,0.7407405753926568,0.6426793123888559
0.06771653652191162,0.7777777485987043,0.6426793123888559
0.06840224742889404,0.703703664798272,0.642837383916222
0.06833248138427735,0.7407405753926568,0.6417308832246591
0.06935236930847168,0.703703664798272,0.6418889547520252
0.07037225723266602,0.703703664798272,0.6418889547520252
0.06972010135650634,0.703703664798272,0.6420865441612329
0.06244087219238281,0.703703664798272,0.6414147401699268
0.07632743358612061,0.703703664798272,0.6409405255878284
0.06891271114349365,0.703703664798272,0.6410195613515115
0.06884242534637451,0.7407405753926568,0.6410985971151946
0.06975560188293457,0.7777777485987043,0.6411381149970361
0.06581632614135742,0.703703664798272,0.6400711321873147
0.05966343879699707,0.703703664798272,0.6400711321873147
0.06927921772003175,0.703703664798272,0.6402292037146808
0.07317073345184326,0.703703664798272,0.6402292037146808
0.06785714149475097,0.7407405753926568,0.6384904169136534
0.06979113578796386,0.703703664798272,0.638016202331555
0.06928171157836914,0.703703664798272,0.6368701837581505
0.06887754917144776,0.703703664798272,0.6347362181387077
0.06829765319824219,0.703703664798272,0.6349733254297569
0.06218767166137695,0.6666664915922249,0.6326417704011065
0.16463415145874025,0.703703664798272,0.6326417704011065
0.06738131523132325,0.703703664798272,0.6304682868998222
0.06877228736877442,0.7407405753926568,0.6304682868998222
0.06738131523132325,0.7407405753926568,0.6292432325627346
0.06880733966827393,0.7407405753926568,0.6292432325627346
0.06931702136993409,0.703703664798272,0.629717447144833
0.06741572856903076,0.7407405753926568,0.6297964829085161
0.04488778114318848,0.7407405753926568,0.6298755186721992
0.04725415229797363,0.703703664798272,0.6298755186721992
0.1566110420227051,0.7777777485987043,0.36593558585259833
0.07350688934326172,0.703703664798272,0.5930448527958903
0.06785714149475097,0.7777777485987043,0.5933609958506225
0.06887754917144776,0.7777777485987043,0.5934400316143056
0.06687085151672363,0.7407405753926568,0.5922940130409011
0.07019328594207763,0.7777777485987043,0.5926101560956334
0.06789178371429444,0.7777777485987043,0.5926101560956334
0.057069406509399415,0.703703664798272,0.592728709741158
0,0.7407405753926568,0.592728709741158
0.06877228736877442,0.703703664798272,0.5940327998419286
0.06887754917144776,0.703703664798272,0.5929262991503657
0.06829765319824219,0.703703664798272,0.5918593163406443
0.06829765319824219,0.703703664798272,0.5931238885595733
0.06833248138427735,0.703703664798272,0.5921754593953765
0.06829765319824219,0.703703664798272,0.5921754593953765
0.06267806053161622,0.703703664798272,0.5922544951590596
0.06956521511077882,0.703703664798272,0.5923335309227427
0.06891271114349365,0.703703664798272,0.5919383521043273
0.06924643516540528,0.703703664798272,0.5919778699861689
0.06928171157836914,0.703703664798272,0.5919778699861689
0.06880733966827393,0.7407405753926568,0.5919778699861689
0.06690500736236572,0.703703664798272,0.5907528156490813
0.06004366874694824,0.703703664798272,0.5907528156490813
0.07471264362335205,0.703703664798272,0.5907528156490813
0.06789178371429444,0.703703664798272,0.5908713692946059
0.06884242534637451,0.703703664798272,0.5918593163406443
0.06884242534637451,0.703703664798272,0.5918593163406443
0.06727828979492188,0.7407405753926568,0.5907528156490813
0.06931702136993409,0.703703664798272,0.5908713692946059
0.06152647972106934,0.703703664798272,0.5908713692946059
0.08394698143005372,0.7407405753926568,0.5908713692946059
0.06935236930847168,0.7407405753926568,0.5908713692946059
0.05810397624969482,0.7407405753926568,0.5898043864848845
0.06486210346221924,0.703703664798272,0.5900019758940922
0.06778797149658203,0.703703664798272,0.5900414937759337
0.06884242534637451,0.703703664798272,0.5900414937759337
0.06352087020874024,0.6666664915922249,0.5888559573206877
0.08794788360595704,0.703703664798272,0.5888559573206877
0.06979113578796386,0.703703664798272,0.5892906540209446
0.06738131523132325,0.703703664798272,0.5893696897846277
0.06843718051910401,0.703703664798272,0.5895277613119938
0.06727828979492188,0.703703664798272,0.588579332147797
0.06738131523132325,0.7407405753926568,0.588579332147797
0.0663942813873291,0.703703664798272,0.5886188500296385
0.047619047164916994,0.703703664798272,0.5886188500296385
0.07060063362121582,0.703703664798272,0.5886188500296385
0.0663942813873291,0.703703664798272,0.5886188500296385
0.06891271114349365,0.703703664798272,0.5887374036751631
0.067312593460083,0.703703664798272,0.5892906540209446
0.06931702136993409,0.7407405753926568,0.5892906540209446
0.06680264949798584,0.703703664798272,0.5893301719027861
0.06481481552124023,0.703703664798272,0.5895277613119938
0.07068062782287597,0.703703664798272,0.5895277613119938
0.06738131523132325,0.703703664798272,0.5895277613119938
0.06884242534637451,0.703703664798272,0.5895672791938353
0.06734694004058837,0.7407405753926568,0.5898439043667261
0.061703214645385744,0.703703664798272,0.5898439043667261
0.06119327068328857,0.703703664798272,0.5887769215570047
0.08408408164978028,0.703703664798272,0.5887769215570047
0.05509355545043945,0.703703664798272,0.5887769215570047
0.06829765319824219,0.703703664798272,0.5889349930843708
0.06785714149475097,0.703703664798272,0.5879075281564909
0.0668367338180542,0.703703664798272,0.587986563920174
0.06792645454406739,0.703703664798272,0.5881446354475401
0.06822810649871826,0.703703664798272,0.5870381347559772
0.07979502201080323,0.703703664798272,0.5870381347559772
0.04545454502105713,0.703703664798272,0.5870381347559772
0.06931702136993409,0.703703664798272,0.587393795692551
0.08462332725524903,0.703703664798272,0.5861687413554635
0.10181451797485352,0.7777777485987043,0.6124086148982415
0.06989795684814454,0.703703664798272,0.6078245406046237
0.0723382568359375,0.703703664798272,0.6066390041493777
0.06982670783996582,0.7407405753926568,0.6043074491207272
0.07088220119476318,0.703703664798272,0.6043074491207272
0.06979113578796386,0.703703664798272,0.6043074491207272
0.07037225723266602,0.7407405753926568,0.6043864848844103
0.06829765319824219,0.6666664915922249,0.6045050385299349
0.06986231327056885,0.703703664798272,0.6045445564117764
0.06785714149475097,0.703703664798272,0.6052163604030825
0.06887754917144776,0.703703664798272,0.6052163604030825
0.06374299049377441,0.703703664798272,0.6039913060659949
0.06026557922363281,0.6666664915922249,0.604070341829678
0.06877228736877442,0.703703664798272,0.6041888954752026
0.10941828727722168,0.7407405753926568,0.6042284133570441
0.047619047164916994,0.6666664915922249,0.6032799841928473
0.06789178371429444,0.703703664798272,0.6033590199565304
0.06931702136993409,0.703703664798272,0.6033590199565304
0.06833248138427735,0.703703664798272,0.6037146808931042
0.06989795684814454,0.703703664798272,0.6037541987749457
0.06833248138427735,0.6666664915922249,0.6037541987749457
0.09074243545532226,0.7407405753926568,0.6027662517289074
0.04367815971374512,0.703703664798272,0.6027662517289074
0.06738131523132325,0.703703664798272,0.6027662517289074
0.07033638954162598,0.703703664798272,0.6021339656194429
0.06840224742889404,0.703703664798272,0.6019363762102352
0.06982670783996582,0.703703664798272,0.6019758940920767
0.06836734771728516,0.703703664798272,0.5998024105907924
0.07201646327972412,0.703703664798272,0.5986959098992295
0.061876249313354496,0.703703664798272,0.5986959098992295
0.06782253742218018,0.703703664798272,0.598735427781071
0.06843718051910401,0.7407405753926568,0.5988144635447541
0.06836734771728516,0.703703664798272,0.5988144635447541
0.06894790649414062,0.703703664798272,0.5990120529539618
0.06782253742218018,0.7407405753926568,0.5981031416716065
0.04972677707672119,0.703703664798272,0.5981031416716065
0.3409090805053711,0.703703664798272,0.5981031416716065
0.057113718986511235,0.703703664798272,0.5982612131989726
0.06938775539398194,0.703703664798272,0.5982612131989726
0.06880733966827393,0.703703664798272,0.5983797668444972
0.06840224742889404,0.703703664798272,0.5973523019166174
0.067312593460083,0.703703664798272,0.5973523019166174
0.06982670783996582,0.6666664915922249,0.5975894092076666
0.004219409227371216,0.703703664798272,0.5968385694526774
0.0761185359954834,0.703703664798272,0.596364354870579
0.06931702136993409,0.703703664798272,0.596364354870579
0.06782253742218018,0.703703664798272,0.5966409800434698
0.06887754917144776,0.703703664798272,0.5954159257063822
0.0668367338180542,0.703703664798272,0.5954159257063822
0.06833248138427735,0.703703664798272,0.595692550879273
0.036159601211547855,0.703703664798272,0.5957320687611145
0.09067357063293457,0.703703664798272,0.5957320687611145
0.0707019329071045,0.703703664798272,0.5945465323058685
0.06931702136993409,0.703703664798272,0.5935585852598302
0.06982670783996582,0.703703664798272,0.5935585852598302
0.06734694004058837,0.703703664798272,0.5911084765856551
0.06785714149475097,0.703703664798272,0.5901600474214583
0.048551959991455076,0.703703664798272,0.5901600474214583
0.09796437263488769,0.703703664798272,0.5901995653032999
0.06887754917144776,0.7407405753926568,0.5880260818020155
0.06972010135650634,0.7407405753926568,0.5868800632286111
0.0585837984085083,0.703703664798272,0.5870776526378187
0.06778797149658203,0.703703664798272,0.5852203121912667
0.0707379150390625,0.703703664798272,0.5848646512546929
0.07115135669708252,0.7407405753926568,0.5839952578541792
0.06220095634460449,0.703703664798272,0.5839952578541792
0.07033638954162598,0.703703664798272,0.5827702035170916
0.06931702136993409,0.703703664798272,0.5815451491800041
0.07030055999755859,0.703703664798272,0.580873345188698
0.06734694004058837,0.703703664798272,0.5803991306065996
0.06729475021362305,0.703703664798272,0.5803991306065996
0.11402789115905762,0.7407405753926568,0.5750642165579922
0.06782253742218018,0.703703664798272,0.5788974510966214
0.06938775539398194,0.703703664798272,0.5776723967595339
0.06785714149475097,0.703703664798272,0.5764473424224463
0.06931702136993409,0.703703664798272,0.5743528946848446
0.06778797149658203,0.7407405753926568,0.5743528946848446
0.06986231327056885,0.703703664798272,0.5694526773364945
0.06261075019836426,0.703703664798272,0.5695317131001776
0.09701492309570313,0.703703664798272,0.5695317131001776
0.06891271114349365,0.703703664798272,0.5683856945267731
0.06785714149475097,0.703703664798272,0.5684647302904562
0.06935236930847168,0.703703664798272,0.5672396759533687
0.0663265323638916,0.703703664798272,0.5661331752618057
0.06938775539398194,0.703703664798272,0.5666864256075872
0.0576236629486084,0.6666664915922249,0.5666864256075872
0.21359222412109374,0.703703664798272,0.5654613712704997
0.05970952033996582,0.703703664798272,0.5667259434894287
0.06738131523132325,0.703703664798272,0.5656589606797073
0.06891271114349365,0.703703664798272,0.5656984785615489
0.06873727321624756,0.703703664798272,0.5657379964433904
0.06982670783996582,0.703703664798272,0.564671013633669
0.06734694004058837,0.703703664798272,0.5647500493973521
0.0615711259841919,0.703703664798272,0.5637225844694722
0.07123655796051026,0.703703664798272,0.5637225844694722
0.06928171157836914,0.6666664915922249,0.5638411381149968
0.06982670783996582,0.703703664798272,0.5626951195415923
0.06636038780212403,0.703703664798272,0.5607192254495157
0.06880733966827393,0.703703664798272,0.5603240466311004
0.06785714149475097,0.6666664915922249,0.5603240466311004
0.06658739566802979,0.703703664798272,0.558150563129816
0.07232142925262451,0.703703664798272,0.5581900810116576
0.06782253742218018,0.6666664915922249,0.5581900810116576
0.06887754917144776,0.6666664915922249,0.5582691167753406
0.06785714149475097,0.703703664798272,0.5583086346571822
0.06782253742218018,0.7407405753926568,0.5589014028848052
0.06687085151672363,0.6666664915922249,0.5589014028848052
0.0634789800643921,0.703703664798272,0.5589409207666467
0.0815507984161377,0.6666664915922249,0.5589409207666467
0.06734694004058837,0.703703664798272,0.5577553843114007
0.06367804527282715,0.703703664798272,0.5571230982019362
0.06269113063812257,0.703703664798272,0.5572811697293023
0.06836734771728516,0.703703664798272,0.5572811697293023
0.06734694004058837,0.6666664915922249,0.5560561153922148
0.07765897750854492,0.6666664915922249,0.5548310610551273
0.005405405163764954,0.6666664915922249,0.5548310610551273
0.06636038780212403,0.6666664915922249,0.5536455245998813
0.06938775539398194,0.6666664915922249,0.5536850424817228
0.06687085151672363,0.703703664798272,0.5537245603635643
0.06891271114349365,0.6666664915922249,0.5537245603635643
0.06636038780212403,0.6666664915922249,0.5526180596720014
0.06887754917144776,0.6666664915922249,0.5516301126259631
0.10869565010070802,0.703703664798272,0.5516301126259631
0.06366197109222413,0.703703664798272,0.5522228808535861
0.067961163520813,0.703703664798272,0.5509978265164985
0.0663942813873291,0.703703664798272,0.5489033787788973
0.06979113578796386,0.703703664798272,0.5490219324244219
0.06687085151672363,0.703703664798272,0.547915431732859
0.06836734771728516,0.6666664915922249,0.547915431732859
0.05045044898986817,0.6666664915922249,0.5482710926694327
0.07402135372161865,0.6666664915922249,0.5482710926694327
0.06942317485809327,0.6666664915922249,0.5483896463149573
0.13461538314819335,0.703703664798272,0.5483896463149573
0.09040488243103027,0.703703664798272,0.5439636435487056
0.06989795684814454,0.703703664798272,0.5440031614305472
0.06230847835540772,0.703703664798272,0.5441612329579133
0.061640348434448246,0.6666664915922249,0.5441612329579133
0.06880733966827393,0.6666664915922249,0.5441612329579133
0.06989795684814454,0.703703664798272,0.5435289468484488
0.0668367338180542,0.6666664915922249,0.5423038925113612
0.06836734771728516,0.6666664915922249,0.5423434103932028
0.08800880432128906,0.703703664798272,0.5423829282750443
0.05047618865966797,0.6666664915922249,0.5423829282750443
0.06982670783996582,0.703703664798272,0.5423829282750443
0.06829765319824219,0.6666664915922249,0.5412369097016398
0.07033638954162598,0.6666664915922249,0.5412369097016398
0.06884242534637451,0.703703664798272,0.5417111242837382
0.06975560188293457,0.703703664798272,0.5404860699466507
0.08150469779968261,0.703703664798272,0.5406836593558584
0.04105571746826172,0.703703664798272,0.5406836593558584
0.07124681949615479,0.62962958099784,0.5406836593558584
0.06924643516540528,0.703703664798272,0.5385101758545741
0.06938775539398194,0.6666664915922249,0.5387472831456233
0.067312593460083,0.6666664915922249,0.5389448725548309
0.06986231327056885,0.703703664798272,0.5378778897451095
0.0726681137084961,0.703703664798272,0.5368504248172297
0.008474576473236085,0.703703664798272,0.5368504248172297
0.06843718051910401,0.703703664798272,0.5369294605809127
0.06782253742218018,0.703703664798272,0.5369689784627543
0.06877228736877442,0.703703664798272,0.5369689784627543
0.058163266181945804,0.62962958099784,0.5370480142264373
0.06935236930847168,0.6666664915922249,0.5370480142264373
0.07022900581359863,0.6666664915922249,0.5359810314167159
0.12749004364013672,0.6666664915922249,0.5359810314167159
0.06085430145263672,0.6666664915922249,0.5360205492985575
0.06833248138427735,0.6666664915922249,0.5362181387077651
0.07044410228729248,0.703703664798272,0.5351906737798853
0.06829765319824219,0.703703664798272,0.5328986366330764
0.06938775539398194,0.703703664798272,0.5331357439241255
0.06928171157836914,0.703703664798272,0.5331357439241255
0.0738362741470337,0.703703664798272,0.5331752618059671
0.0687593412399292,0.703703664798272,0.5307646710136336
0.06785714149475097,0.703703664798272,0.5295791345583876
0.07088220119476318,0.703703664798272,0.5298162418494368
0.06928171157836914,0.7407405753926568,0.5298557597312783
0.06887754917144776,0.703703664798272,0.5298557597312783
0.06884242534637451,0.703703664798272,0.5286702232760323
0.0625,0.703703664798272,0.5287097411578738
0.08032956123352052,0.6666664915922249,0.5287097411578738
0.06738131523132325,0.703703664798272,0.5279193835210432
0.07037225723266602,0.703703664798272,0.5279589014028847
0.06782253742218018,0.703703664798272,0.5267338470657972
0.06891271114349365,0.703703664798272,0.5257854179016004
0.06880733966827393,0.703703664798272,0.5258249357834419
0.04558823585510254,0.6666664915922249,0.5258249357834419
0.08652246475219727,0.703703664798272,0.5258249357834419
0.06687085151672363,0.703703664798272,0.5246393993281959
0.07040816307067871,0.703703664798272,0.5236514522821576
0.08333333015441895,0.703703664798272,0.5238095238095237
0.09817495346069337,0.703703664798272,0.5715866429559373
0.0709183692932129,0.703703664798272,0.5669235328986364
0.06840224742889404,0.703703664798272,0.5669235328986364
0.07131940841674805,0.7407405753926568,0.5669630507804779
0.06938775539398194,0.703703664798272,0.5672791938352102
0.07131940841674805,0.7407405753926568,0.5663307646710134
0.0668367338180542,0.703703664798272,0.5663702825528549
0.06836734771728516,0.703703664798272,0.5666469077257457
0.006896551847457886,0.703703664798272,0.5666469077257457
0.0716648292541504,0.6666664915922249,0.5666469077257457
0.06785714149475097,0.703703664798272,0.5668049792531118
0.06584992408752441,0.703703664798272,0.5655799249160243
0.06938775539398194,0.703703664798272,0.564671013633669
0.06873727321624756,0.6666664915922249,0.564671013633669
0.06884242534637451,0.703703664798272,0.5647105315155105
0.05426356792449951,0.703703664798272,0.5647105315155105
0.07325500965118409,0.703703664798272,0.5647105315155105
0.06928171157836914,0.703703664798272,0.5647500493973521
0.0668367338180542,0.7407405753926568,0.5611934400316141
0.07080998420715333,0.703703664798272,0.5611934400316141
0.05909322261810303,0.703703664798272,0.5617466903773956
0.06479591846466065,0.703703664798272,0.5618257261410786
0.09131905555725098,0.703703664798272,0.5619047619047617
0.05013927459716797,0.6666664915922249,0.5619047619047617
0.06979113578796386,0.703703664798272,0.5620628334321278
0.06584992408752441,0.703703664798272,0.5621418691958109
0.07077393054962158,0.703703664798272,0.5596917605216358
0.06588355541229249,0.703703664798272,0.559928867812685
0.07026476383209229,0.6666664915922249,0.5599683856945266
0.07808764934539796,0.703703664798272,0.5599683856945266
0.046875,0.703703664798272,0.5600869393400512
0.07026476383209229,0.703703664798272,0.5566093657379962
0.06680264949798584,0.703703664798272,0.5565698478561547
0.07037225723266602,0.7407405753926568,0.5553447935190672
0.06775343894958497,0.7407405753926568,0.5555028650464333
0.06833248138427735,0.703703664798272,0.5555028650464333
0.06527093410491944,0.703703664798272,0.5546334716459196
0.077380952835083,0.703703664798272,0.5546334716459196
0.06836734771728516,0.703703664798272,0.5546334716459196
0.0663265323638916,0.703703664798272,0.5547520252914442
0.06891271114349365,0.703703664798272,0.5537245603635643
0.0663265323638916,0.703703664798272,0.5537245603635643
0.06789178371429444,0.703703664798272,0.5538035961272474
0.0663265323638916,0.7407405753926568,0.5538035961272474
0.1222707462310791,0.703703664798272,0.5538035961272474
0.05834777355194092,0.703703664798272,0.552736613317526
0.05620848178863525,0.703703664798272,0.552736613317526
0.0707379150390625,0.7407405753926568,0.5507212013436078
0.06687085151672363,0.703703664798272,0.5507212013436078
0.06924643516540528,0.703703664798272,0.5508397549891324
0.0668367338180542,0.7407405753926568,0.5499703615886187
0.10720268249511719,0.7407405753926568,0.5499703615886187
0.05274725437164307,0.6666664915922249,0.5499703615886187
0.06687085151672363,0.7407405753926568,0.5492195218336295
0.06880733966827393,0.703703664798272,0.5466903773957714
0.06778797149658203,0.703703664798272,0.5445959296581702
0.06928171157836914,0.703703664798272,0.5445959296581702
0.06727828979492188,0.6666664915922249,0.5446749654218532
0.05894519329071045,0.703703664798272,0.5434499110847657
0.08040201187133789,0.703703664798272,0.5434499110847657
0.06636038780212403,0.6666664915922249,0.5424224461568858
0.06938775539398194,0.703703664798272,0.5411973918197983
0.06928171157836914,0.703703664798272,0.5415925706382136
0.06847215175628663,0.7407405753926568,0.5417901600474213
0.06833248138427735,0.703703664798272,0.5417901600474213
0.05613772392272949,0.7407405753926568,0.5417901600474213
0.09791332244873047,0.703703664798272,0.5417901600474213
0.06687085151672363,0.7407405753926568,0.5410393202924322
0.06942317485809327,0.7407405753926568,0.5410788381742737
0.06884242534637451,0.7407405753926568,0.5398537838371862
0.056526808738708495,0.703703664798272,0.5387868010274648
0.08870967864990234,0.703703664798272,0.5387868010274648
0.09239407539367676,0.703703664798272,0.5007310808140684
0.06935236930847168,0.703703664798272,0.49930843706777317
0.06833248138427735,0.7407405753926568,0.4993479549496147
0.06884242534637451,0.703703664798272,0.4994665085951393
0.06687085151672363,0.703703664798272,0.49966409800434697
0.06778797149658203,0.703703664798272,0.49966409800434697
0.0663265323638916,0.703703664798272,0.4998221695317131
0.07200538158416749,0.7777777485987043,0.4998221695317131
0.05307855606079102,0.703703664798272,0.4999407231772377
0.06676860332489014,0.7777777485987043,0.49998024105907923
0.06829765319824219,0.703703664798272,0.5000592768227623
0.06734694004058837,0.703703664798272,0.5000987947046038
0.06785714149475097,0.703703664798272,0.5000987947046038
0.06530612468719482,0.703703664798272,0.5002173483501284
0.07065803527832032,0.703703664798272,0.49950602647698084
0.009615384340286255,0.703703664798272,0.4987551867219917
0.06588355541229249,0.7777777485987043,0.4983995257854179
0.06778797149658203,0.7777777485987043,0.4971744714483304
0.06636038780212403,0.703703664798272,0.49725350721201345
0.06785714149475097,0.7407405753926568,0.49725350721201345
0.06771893978118897,0.7777777485987043,0.4960284528749259
0.06829765319824219,0.703703664798272,0.4960284528749259
0.05664487838745117,0.703703664798272,0.4962260422841336
0.06404269695281982,0.7407405753926568,0.4952776131199368
0.05966343879699707,0.703703664798272,0.49559375617466905
0.06778797149658203,0.703703664798272,0.49571230982019365
0.06785714149475097,0.703703664798272,0.4957518277020352
0.06771893978118897,0.703703664798272,0.4946848448923138
0.06690500736236572,0.7407405753926568,0.4947243627741553
0.09386281967163086,0.703703664798272,0.49488243430152146
0.04609929084777832,0.7777777485987043,0.49488243430152146
0.06782253742218018,0.703703664798272,0.49365737996443393
0.0668367338180542,0.703703664798272,0.49365737996443393
0.06738131523132325,0.703703664798272,0.49365737996443393
0.067312593460083,0.703703664798272,0.49282750444576173
0.06826286315917969,0.7777777485987043,0.4929065402094448
0.08811305046081543,0.7407405753926568,0.49298557597312787
0.04456094264984131,0.7407405753926568,0.4894684844892314
0.06880733966827393,0.7407405753926568,0.48950800237107295
0.06873727321624756,0.7777777485987043,0.48950800237107295
0.06877228736877442,0.703703664798272,0.48832246591582695
0.0663265323638916,0.703703664798272,0.487215965224264
0.06836734771728516,0.7777777485987043,0.487215965224264
0.066878981590271,0.7407405753926568,0.4875321082789963
0.07633587837219238,0.7777777485987043,0.4875321082789963
0.06847215175628663,0.7407405753926568,0.4876901798063624
0.06880733966827393,0.703703664798272,0.4869393400513733
0.06887754917144776,0.703703664798272,0.4867417506421656
0.05912334442138672,0.7407405753926568,0.48606994665085956
0.07321274757385254,0.7407405753926568,0.48579332147796883
0.11207969665527344,0.7777777485987043,0.2149377593360995
0.0739041805267334,0.7407405753926568,0.4880063228610947
0.06935236930847168,0.7407405753926568,0.4880063228610947
0.06680264949798584,0.7777777485987043,0.4881248765066193
0.06826286315917969,0.7777777485987043,0.4882829480339854
0.06574923515319825,0.7777777485987043,0.48844101956135155
0.0663942813873291,0.7407405753926568,0.4876901798063624
0.06578276157379151,0.7777777485987043,0.48626753606006723
0.03458213329315186,0.7777777485987043,0.48638608970559183
0.07439553737640381,0.7777777485987043,0.48638608970559183
0.06727828979492188,0.7777777485987043,0.486623196996641
0.06734694004058837,0.7407405753926568,0.486623196996641
0.06622516632080078,0.703703664798272,0.48555621418691963
0.06690500736236572,0.7407405753926568,0.48559573206876117
0.06479591846466065,0.7407405753926568,0.48496344595929664
0.04329608917236328,0.703703664798272,0.48460778502272284
0.08266452789306641,0.703703664798272,0.48460778502272284
0.06676860332489014,0.7407405753926568,0.48460778502272284
0.06734694004058837,0.703703664798272,0.4836988737403676
0.06625892162322998,0.7407405753926568,0.48413357044062444
0.06782253742218018,0.7777777485987043,0.48413357044062444
0.06578276157379151,0.7777777485987043,0.4842126062043075
0.05156537532806397,0.7407405753926568,0.4843311598498321
0.08820159912109375,0.7407405753926568,0.483580320094843
0.053088312149047856,0.7407405753926568,0.48464730290456437
0.0663265323638916,0.703703664798272,0.48472633866824744
0.0663265323638916,0.703703664798272,0.48488441019561357
0.06636038780212403,0.7407405753926568,0.48377790950405064
0.06530612468719482,0.703703664798272,0.48377790950405064
0.07348901271820069,0.7407405753926568,0.48377790950405064
0.053571429252624515,0.7777777485987043,0.48377790950405064
0.06727828979492188,0.703703664798272,0.4839359810314168
0.06840224742889404,0.703703664798272,0.4827899624580123
0.06880733966827393,0.7407405753926568,0.4815649081209248
0.06938775539398194,0.7407405753926568,0.4815649081209248
0.0668367338180542,0.7777777485987043,0.4815649081209248
0.06989795684814454,0.7777777485987043,0.48033985378383726
0.06557376861572266,0.7777777485987043,0.4804188895475203
0.06793048858642578,0.7777777485987043,0.48069551472041105
0.0668367338180542,0.703703664798272,0.4807745504840941
0.06717557430267335,0.7777777485987043,0.4803793716656788
0.06738131523132325,0.7777777485987043,0.47745504840940534
0.06670061111450196,0.7777777485987043,0.47745504840940534
0.06687085151672363,0.7777777485987043,0.47761311993677147
0.06279069900512696,0.7777777485987043,0.47761311993677147
0.10026212692260743,0.7777777485987043,0.4721596522426399
0.06840224742889404,0.7777777485987043,0.4769413159454654
0.06581632614135742,0.7777777485987043,0.47808733451886987
0.0668367338180542,0.8148146591930887,0.47690179806362387
0.05603667736053467,0.7777777485987043,0.47567674372653634
0.06676860332489014,0.7407405753926568,0.47472831456233955
0.0648289966583252,0.7777777485987043,0.47449120727129035
0.06676860332489014,0.7777777485987043,0.474096028452875
0.06598984718322753,0.7777777485987043,0.474096028452875
0.06976744174957275,0.7407405753926568,0.474096028452875
0.06578276157379151,0.7777777485987043,0.4729895277613121
0.06622516632080078,0.7777777485987043,0.47030231179608784
0.06724401473999024,0.703703664798272,0.4691562932226834
0.06578276157379151,0.7777777485987043,0.47113218731476003
0.06629270553588867,0.7777777485987043,0.47125074096028463
0.06628982543945312,0.703703664798272,0.4688006322861096
0.2941176414489746,0.7777777485987043,0.4688006322861096
0.06938775539398194,0.7777777485987043,0.46887966804979264
0.06877228736877442,0.7777777485987043,0.46887966804979264
0.06938775539398194,0.7777777485987043,0.46887966804979264
0.06622516632080078,0.7777777485987043,0.4690377395771588
0.0663265323638916,0.7777777485987043,0.4683264177040112
0.06380806446075439,0.7777777485987043,0.4646907725745901
0.025568182468414306,0.7777777485987043,0.4646907725745901
0.07524875640869141,0.7777777485987043,0.4646907725745901
0.06425293445587159,0.7777777485987043,0.46390041493775946
0.06727828979492188,0.7407405753926568,0.4628729500098796
0.06530612468719482,0.7777777485987043,0.46291246789172114
0.06527281761169433,0.7777777485987043,0.4604623592175461
0.053571429252624515,0.7777777485987043,0.4604623592175461
0.0816104507446289,0.7777777485987043,0.4605018770993876
0.05091258525848389,0.7407405753926568,0.4606204307449122
0.06476287841796875,0.7407405753926568,0.46065994862675375
0.06584992408752441,0.7777777485987043,0.4607389843904368
0.06520631790161133,0.7407405753926568,0.4584469472436279
0.06680264949798584,0.7777777485987043,0.458605018770994
0.06527281761169433,0.7407405753926568,0.458605018770994
0.07996894359588623,0.7777777485987043,0.45864453665283555
0.04017857074737549,0.7777777485987043,0.45864453665283555
0.06472986698150635,0.7777777485987043,0.45757755384311416
0.06887754917144776,0.7777777485987043,0.45805176842521256
0.06738131523132325,0.7777777485987043,0.4580912863070541
0.07084607601165771,0.7777777485987043,0.4569057498518081
0.06778797149658203,0.7777777485987043,0.45698478561549116
0.065099458694458,0.7777777485987043,0.4570243034973327
0.08250824928283691,0.7777777485987043,0.4570243034973327
0.06574923515319825,0.7777777485987043,0.4560758743331359
0.04375497341156006,0.703703664798272,0.45362576565896084
0.15811965942382813,0.7777777485987043,0.1347559770796285
0.07292197704315186,0.7407405753926568,0.44844892313771956
0.06778797149658203,0.7777777485987043,0.44844892313771956
0.06418746948242188,0.7777777485987043,0.44761904761904736
0.06438426017761231,0.7777777485987043,0.44761904761904736
0.06561546325683594,0.7777777485987043,0.44773760126457196
0.06581632614135742,0.7777777485987043,0.4477771191464135
0.05459183692932129,0.7407405753926568,0.4478956727919381
0.10112360000610351,0.7777777485987043,0.44797470855562116
0.051519155502319336,0.7777777485987043,0.44797470855562116
0.06377551078796387,0.7777777485987043,0.44797470855562116
0.06622516632080078,0.703703664798272,0.44809326220114576
0.06476287841796875,0.7777777485987043,0.44714483303694896
0.0653394603729248,0.7777777485987043,0.4471843509187905
0.06724401473999024,0.7777777485987043,0.44722386880063203
0.08700980186462402,0.7777777485987043,0.44734242244615663
0.059336824417114256,0.7407405753926568,0.44734242244615663
0.06877228736877442,0.7407405753926568,0.4462359217545937
0.067312593460083,0.7777777485987043,0.44532701047223844
0.06377551078796387,0.7777777485987043,0.44532701047223844
0.06578276157379151,0.7777777485987043,0.44580122505433684
0.06332993030548095,0.8148146591930887,0.4458802608180199
0.06576728343963623,0.7777777485987043,0.44591977869986144
0.06838709831237794,0.7777777485987043,0.44591977869986144
0.06472986698150635,0.7407405753926568,0.44603833234538603
0.06530612468719482,0.7407405753926568,0.44603833234538603
0.06329760074615479,0.7407405753926568,0.44497134953566464
0.06625892162322998,0.7777777485987043,0.4450503852993477
0.06281920433044434,0.7777777485987043,0.4451294210630308
0.07375643253326417,0.7777777485987043,0.44524797470855537
0.004761904776096344,0.7777777485987043,0.44524797470855537
0.06422018527984619,0.7777777485987043,0.4431535269709541
0.06438426017761231,0.7777777485987043,0.44200750839754965
0.06119327068328857,0.7777777485987043,0.442402687215965
0.05708460807800293,0.7407405753926568,0.44260027662517265
0.06540623188018799,0.7777777485987043,0.44260027662517265
0.06982670783996582,0.7777777485987043,0.44034775736020526
0.09375,0.7777777485987043,0.44034775736020526
0.06551915645599365,0.7777777485987043,0.43924125666864233
0.06789178371429444,0.7777777485987043,0.4380162023315548
0.06422018527984619,0.7777777485987043,0.4367911479944673
0.06622516632080078,0.7777777485987043,0.43687018375815034
0.06371049880981446,0.7777777485987043,0.4347757360205491
0.06680264949798584,0.8148146591930887,0.4348152539023906
0.05123339653015137,0.7777777485987043,0.4336297174471446
0.0696864128112793,0.7777777485987043,0.4336297174471446
0.06676860332489014,0.7777777485987043,0.4339458605018769
0.06472986698150635,0.7777777485987043,0.4339458605018769
0.06625892162322998,0.7777777485987043,0.4315747875913849
0.06425293445587159,0.7777777485987043,0.4315747875913849
0.0663265323638916,0.7777777485987043,0.4315747875913849
0.05895439147949219,0.7777777485987043,0.4315747875913849
0.06961430072784423,0.7777777485987043,0.4315747875913849
0.06435137748718261,0.7777777485987043,0.4307449120727127
0.06523955345153809,0.7777777485987043,0.4308634657182373
0.06581632614135742,0.7407405753926568,0.4296384113811498
0.06629270553588867,0.7777777485987043,0.42971744714483284
0.07080998420715333,0.7777777485987043,0.4299150365540405
0.05055292129516602,0.7777777485987043,0.4300335901995651
0.09942362785339355,0.7777777485987043,0.4288480537443191
0.0586734676361084,0.7777777485987043,0.4289270895080022
0.06214977264404297,0.7777777485987043,0.4290851610353683
0.06676860332489014,0.7777777485987043,0.4279786603438054
0.06571574211120605,0.7777777485987043,0.4279786603438054
0.06673459053039552,0.7777777485987043,0.4281367318711715
0.0688148546218872,0.7777777485987043,0.4282552855166961
0,0.7777777485987043,0.4282552855166961
0.06530612468719482,0.7777777485987043,0.42592373048804566
0.06374299049377441,0.7777777485987043,0.42592373048804566
0.0669291353225708,0.7777777485987043,0.42469867615095813
0.09888823509216309,0.7777777485987043,0.4282157676348546
0.06479591846466065,0.7777777485987043,0.42651649871566866
0.06673459053039552,0.7777777485987043,0.4265560165975102
0.06425293445587159,0.7777777485987043,0.42592373048804566
0.06530612468719482,0.7777777485987043,0.4248962655601658
0.06425293445587159,0.7777777485987043,0.423947836395969
0.06574923515319825,0.7777777485987043,0.423947836395969
0.07701941013336182,0.8148146591930887,0.42450108674175047
0.008333333134651184,0.7777777485987043,0.42375024698676134
0.07030055999755859,0.7777777485987043,0.42343410393202907
0.06826286315917969,0.7777777485987043,0.4234736218138706
0.06792645454406739,0.7777777485987043,0.42351313969571214
0.06571574211120605,0.7777777485987043,0.42351313969571214
0.06527281761169433,0.8148146591930887,0.42351313969571214
0.06425293445587159,0.7777777485987043,0.42256471053151534
0.27272727966308596,0.7777777485987043,0.42256471053151534
0.06006160259246826,0.7777777485987043,0.422762299940723
0.057113718986511235,0.7407405753926568,0.4229994072317722
0.06384065151214599,0.7777777485987043,0.42303892511361374
0.06476287841796875,0.7407405753926568,0.42327603240466294
0.06670061111450196,0.7777777485987043,0.42327603240466294
0.06326530456542968,0.7777777485987043,0.4210630310215371
0.07368421077728271,0.7777777485987043,0.4210630310215371
0.06632975578308106,0.7777777485987043,0.4210630310215371
0.06377551078796387,0.7777777485987043,0.4198774945662911
0.06479591846466065,0.7777777485987043,0.4198774945662911
0.06472986698150635,0.7777777485987043,0.4198774945662911
0.06676860332489014,0.7777777485987043,0.4202726733847064
0.06476287841796875,0.7777777485987043,0.4202726733847064
0.0656836462020874,0.7777777485987043,0.4204702627939141
0.07401315689086914,0.7777777485987043,0.4204702627939141
0.06924643516540528,0.7777777485987043,0.4195218336297173
0.06935236930847168,0.8148146591930887,0.4195218336297173
0.06422018527984619,0.7777777485987043,0.41960086939340036
0.0663265323638916,0.7777777485987043,0.4150167950997825
0.06517311573028564,0.8148146591930887,0.41481920569057484
0.04798171997070313,0.7777777485987043,0.4150167950997825
0.10510046005249024,0.8148146591930887,0.4150167950997825
0.06422018527984619,0.7777777485987043,0.4130013831258643
0.06629270553588867,0.7777777485987043,0.4130013831258643
0.06472986698150635,0.8148146591930887,0.4132384904169135
0.06428571224212647,0.8148146591930887,0.4132384904169135
0.053544111251831054,0.7777777485987043,0.4133175261805966
0.07486630916595459,0.7777777485987043,0.41232957913455826
0.02491103172302246,0.7777777485987043,0.41232957913455826
0.06431852817535401,0.7777777485987043,0.409049594941711
0.06625892162322998,0.7777777485987043,0.4017783046828689
0.06523955345153809,0.7777777485987043,0.40181782256471044
0.06431852817535401,0.7777777485987043,0.40193637621023504
0.07683073043823242,0.7777777485987043,0.40197589409207657
0.01683501720428467,0.7777777485987043,0.40197589409207657
0.09443593978881837,0.7777777485987043,0.40995850622406627
0.06884242534637451,0.7777777485987043,0.4078245406046235
0.07142857074737549,0.7777777485987043,0.4078245406046235
0.06833248138427735,0.7777777485987043,0.4071132187314759
0.06622516632080078,0.7777777485987043,0.4071132187314759
0.06523955345153809,0.8148146591930887,0.4071527366133174
0.0653394603729248,0.8148146591930887,0.4071527366133174
0.06476287841796875,0.7777777485987043,0.4073898439043666
0.04545454502105713,0.7777777485987043,0.4063228610946452
0.06701847076416016,0.7777777485987043,0.40636237897648675
0.06281920433044434,0.7777777485987043,0.4065204505038529
0.06629270553588867,0.7777777485987043,0.4065204505038529
0.06323304653167724,0.7777777485987043,0.40529539616676535
0.06486210346221924,0.7777777485987043,0.4054534676941315
0.06520631790161133,0.8148146591930887,0.4054534676941315
0.062211980819702146,0.8148146591930887,0.4056115392214976
0.06622951030731201,0.8148146591930887,0.4045445564117762
0.056122450828552245,0.7777777485987043,0.4045445564117762
0.06026557922363281,0.7777777485987043,0.40351709148389636
0.06326530456542968,0.7777777485987043,0.4035566093657379
0.06785714149475097,0.7777777485987043,0.40387275242047016
0.06836734771728516,0.7777777485987043,0.40399130606599476
0.07721045970916748,0.7777777485987043,0.40399130606599476
0.06395851135253906,0.7777777485987043,0.4041888954752024
0.06622516632080078,0.7777777485987043,0.4042679312388855
0.06578276157379151,0.7777777485987043,0.4043864848844101
0.06377551078796387,0.8148146591930887,0.4044260027662516
0.06574923515319825,0.7777777485987043,0.40446552064809316
0.06670061111450196,0.7777777485987043,0.40324046631100563
0.06484641551971436,0.7777777485987043,0.40359612724757943
0.06734434604644776,0.7777777485987043,0.40359612724757943
0.06422018527984619,0.7777777485987043,0.40359612724757943
0.06673459053039552,0.7777777485987043,0.4011460185734044
0.06377551078796387,0.7777777485987043,0.4011855364552459
0.06571574211120605,0.8148146591930887,0.3987749456629124
0.06530612468719482,0.7777777485987043,0.3988144635447539
0.06679636955261231,0.8518518323991362,0.4003556609365737
0.06443913936614991,0.7777777485987043,0.4003556609365737
0.06425293445587159,0.8148146591930887,0.4003556609365737
0.06622516632080078,0.7777777485987043,0.3979845880260817
0.06377551078796387,0.8148146591930887,0.3981031416716063
0.06792645454406739,0.7777777485987043,0.3964433906342619
0.06724401473999024,0.7777777485987043,0.39525785417901593
0.05870341777801514,0.8148146591930887,0.39529737206085747
0.19047618865966798,0.8518518323991362,0.39529737206085747
0.049201278686523436,0.8148146591930887,0.39529737206085747
0.1012145709991455,0.7777777485987043,0.39529737206085747
0.09183673858642578,0.8148146591930887,0.3901995653032997
0.06435137748718261,0.8518518323991362,0.39016004742145816
0.06435137748718261,0.8148146591930887,0.3902390831851412
0.06431852817535401,0.7777777485987043,0.3890140288480537
0.06527281761169433,0.7777777485987043,0.3890535467298952
0.06281920433044434,0.7777777485987043,0.38810511756569843
0.06625892162322998,0.8148146591930887,0.3893696897846275
0.06326530456542968,0.7777777485987043,0.39063426200355655
0.07906976699829102,0.8148146591930887,0.3899624580122505
0.04035874366760254,0.8148146591930887,0.3899624580122505
0.06476287841796875,0.7777777485987043,0.390001975894092
0.06625892162322998,0.8148146591930887,0.38893499308437063
0.06377551078796387,0.7777777485987043,0.38893499308437063
0.06578276157379151,0.8148146591930887,0.38893499308437063
0.06479591846466065,0.7777777485987043,0.3890140288480537
0.07427536010742188,0.7777777485987043,0.38944872554831056
0.03960396051406861,0.7777777485987043,0.38944872554831056
0.06836734771728516,0.8148146591930887,0.3896463149575182
0.07030055999755859,0.8148146591930887,0.3884212606204307
0.06179775238037109,0.8518518323991362,0.38739379569255084
0.06581632614135742,0.8518518323991362,0.3849436870183758
0.06476287841796875,0.8148146591930887,0.3849832049002173
0.057113718986511235,0.8148146591930887,0.38525983007310804
0.2686567115783691,0.7777777485987043,0.38525983007310804
0.05441098690032959,0.8148146591930887,0.38312586445366525
0.06771893978118897,0.7777777485987043,0.38324441809918985
0.06329760074615479,0.7777777485987043,0.3820193637621023
0.06866734504699708,0.7777777485987043,0.38205888164394386
0.06425293445587159,0.7777777485987043,0.38205888164394386
0.06673459053039552,0.7777777485987043,0.3813870776526378
0.05990783214569092,0.7777777485987043,0.38142659553447933
0.06618610858917237,0.8148146591930887,0.38142659553447933
0.06724401473999024,0.7777777485987043,0.3802015411973918
0.06425293445587159,0.7777777485987043,0.3789764868603043
0.06625892162322998,0.7777777485987043,0.379253112033195
0.0668367338180542,0.8148146591930887,0.37933214779687807
0.06935236930847168,0.8148146591930887,0.376882039122703
0.04832713603973389,0.8148146591930887,0.37704011065006915
0.08311688423156738,0.7777777485987043,0.37704011065006915
0.06680264949798584,0.7777777485987043,0.37727721794111835
0.06472986698150635,0.8518518323991362,0.37727721794111835
0.06523955345153809,0.8148146591930887,0.3755384311400909
0.06520631790161133,0.8148146591930887,0.37526180596720016
0.06574923515319825,0.7777777485987043,0.37526180596720016
0.056245436668395994,0.8148146591930887,0.3729302509385497
0.08474575996398925,0.8148146591930887,0.3729302509385497
0.06590909004211426,0.8148146591930887,0.37312784034775737
0.06930693149566651,0.8518518323991362,0.37312784034775737
0.08937691688537598,0.8518518323991362,0.3615886188500297
0.06523955345153809,0.8148146591930887,0.3602845287492591
0.054054055213928226,0.7777777485987043,0.3594941711124282
0.06387327671051025,0.7777777485987043,0.3594941711124282
0.06571574211120605,0.7777777485987043,0.35953368899426974
0.06530612468719482,0.7777777485987043,0.35953368899426974
0.06422018527984619,0.7777777485987043,0.3599683856945268
0.07832898139953613,0.8148146591930887,0.36000790357636836
0.03044496536254883,0.7777777485987043,0.359257063821379
0.06727828979492188,0.7777777485987043,0.3589014028848052
0.06887754917144776,0.8148146591930887,0.3589014028848052
0.06836734771728516,0.8518518323991362,0.35894092076664674
0.06527281761169433,0.8148146591930887,0.35894092076664674
0.06422018527984619,0.8148146591930887,0.35787393795692535
0.06736842155456543,0.8518518323991362,0.3580320094842915
0,0.8518518323991362,0.3580320094842915
0.06329760074615479,0.8148146591930887,0.35692550879272855
0.06574923515319825,0.8148146591930887,0.3569650266745701
0.06523955345153809,0.8518518323991362,0.3569650266745701
0.0648289966583252,0.8148146591930887,0.3558980438648487
0.06374299049377441,0.7777777485987043,0.35609563327405636
0.06530612468719482,0.7777777485987043,0.35609563327405636
0.0865384578704834,0.8148146591930887,0.35609563327405636
0.06064281463623047,0.8148146591930887,0.35609563327405636
0.06431852817535401,0.8148146591930887,0.3564908120924717
0.06384065151214599,0.7777777485987043,0.35680695514720395
0.06578276157379151,0.8518518323991362,0.3568464730290455
0.057594289779663084,0.8518518323991362,0.3568464730290455
0.06527281761169433,0.8148146591930887,0.35562141869195796
0.07639680862426758,0.7777777485987043,0.35562141869195796
0.0626728105545044,0.8148146591930887,0.3556609365737995
0.06887754917144776,0.8148146591930887,0.35573997233748256
0.06472986698150635,0.8518518323991362,0.35585852598300716
0.06673459053039552,0.8518518323991362,0.3560561153922148
0.06425293445587159,0.7777777485987043,0.3560561153922148
0.06720977783203125,0.8148146591930887,0.3563722584469471
0.0625,0.7777777485987043,0.35645129421063015
0.07122905254364013,0.8518518323991362,0.35645129421063015
0.06622516632080078,0.7777777485987043,0.3564908120924717
0.06479591846466065,0.7777777485987043,0.3553052756372257
0.06523955345153809,0.7777777485987043,0.35419877494566276
0.06476287841796875,0.8148146591930887,0.35419877494566276
0.06574923515319825,0.7777777485987043,0.35431732859118736
0.07120742797851563,0.8148146591930887,0.35309227425409984
0.037463977336883544,0.8148146591930887,0.35313179213594137
0.06527281761169433,0.8148146591930887,0.35190673779885384
0.06530612468719482,0.7777777485987043,0.3519462556806954
0.06574923515319825,0.7777777485987043,0.3519462556806954
0.06782253742218018,0.8148146591930887,0.3519462556806954
0.07033638954162598,0.8518518323991362,0.35265757755384297
0.067312593460083,0.8148146591930887,0.35072120134360785
0.1304347801208496,0.8518518323991362,0.35072120134360785
0.06604747295379639,0.8148146591930887,0.3496147006520449
0.05,0.8148146591930887,0.3496147006520449
0.09109623908996582,0.8518518323991362,0.3506421655799248
0.0591534948348999,0.8148146591930887,0.3495751827702034
0.06676860332489014,0.8148146591930887,0.35095830863465705
0.06734694004058837,0.8518518323991362,0.3476783244418098
0.067312593460083,0.8148146591930887,0.3480735032602251
0.06768447875976563,0.8148146591930887,0.3472041098597114
0.06332993030548095,0.8148146591930887,0.3472041098597114
0.06826286315917969,0.8518518323991362,0.3472041098597114
0.06476287841796875,0.8148146591930887,0.34736218138707753
0.06530612468719482,0.8148146591930887,0.3463742343410392
0.06571574211120605,0.7777777485987043,0.34526773364947627
0.06720977783203125,0.8148146591930887,0.3417111242837383
0.06425293445587159,0.8148146591930887,0.34202726733847055
0.06771893978118897,0.7777777485987043,0.3420667852203121
0.06963788509368897,0.8148146591930887,0.34214582098399515
0.065,0.7777777485987043,0.3409207666469076
0.06979113578796386,0.7777777485987043,0.3415925706382137
0.06734694004058837,0.7777777485987043,0.3415925706382137
0.07030055999755859,0.8518518323991362,0.3417506421655798
0.06476287841796875,0.8518518323991362,0.3418296779292629
0.06819338321685792,0.8518518323991362,0.3418296779292629
0.03840878009796143,0.8148146591930887,0.34107883817427376
0.0804878044128418,0.8148146591930887,0.34107883817427376
0.06720977783203125,0.8148146591930887,0.3411183560561153
0.06380806446075439,0.8518518323991362,0.3412369097016399
0.05660377502441406,0.8518518323991362,0.3413554633471645
0.06122448921203613,0.8148146591930887,0.3414740169926891
0.06676860332489014,0.8518518323991362,0.3403279984192846
0.07876447677612305,0.8148146591930887,0.33807547915431724
0.03759398460388184,0.8148146591930887,0.33807547915431724
0.06581632614135742,0.8148146591930887,0.33807547915431724
0.06472986698150635,0.8148146591930887,0.33819403279984184
0.06435137748718261,0.7777777485987043,0.33823355068168337
0.06332993030548095,0.8148146591930887,0.33854969373641564
0.06775343894958497,0.8148146591930887,0.33854969373641564
0.06479591846466065,0.8148146591930887,0.3386287295000987
0.06931702136993409,0.7777777485987043,0.3387472831456233
0.06778797149658203,0.8148146591930887,0.33760126457221884
0.06884242534637451,0.8148146591930887,0.33760126457221884
0.06829765319824219,0.8518518323991362,0.33771981821774344
0.06540623188018799,0.8518518323991362,0.33665283540802204
0.06425293445587159,0.8518518323991362,0.3342422446156885
0.05333333492279053,0.8518518323991362,0.3342422446156885
0.06730259895324707,0.8518518323991362,0.33440031614305465
0.0628834342956543,0.8518518323991362,0.3332542975696502
0.06574923515319825,0.8148146591930887,0.3332938154514917
0.06380806446075439,0.8518518323991362,0.33345188697885786
0.04932182312011719,0.8148146591930887,0.33238490416913646
0.15133531570434572,0.8518518323991362,0.33238490416913646
0.08900256156921386,0.8518518323991362,0.3290654020944477
0.06269113063812257,0.8518518323991362,0.337166567871962
0.05615109920501709,0.8518518323991362,0.337166567871962
0.06530612468719482,0.8518518323991362,0.3360205492985575
0.06619144439697265,0.7777777485987043,0.3362576565896067
0.06492842674255371,0.8148146591930887,0.33653428176249744
0.06670061111450196,0.8148146591930887,0.3368109069353882
0.07721280574798584,0.8518518323991362,0.3370875321082789
0.008196721076965332,0.8148146591930887,0.3370875321082789
0.06782253742218018,0.8148146591930887,0.3369294605809128
0.06880733966827393,0.8518518323991362,0.3375617466903773
0.06642820835113525,0.8518518323991362,0.33546729895277605
0.07026476383209229,0.8148146591930887,0.3346769413159454
0.06435137748718261,0.8148146591930887,0.3340051373246393
0.06523955345153809,0.8518518323991362,0.33309622604228406
0.3333333206176758,0.8518518323991362,0.33309622604228406
0.06492842674255371,0.8518518323991362,0.33191068958703807
0.06479591846466065,0.8518518323991362,0.33198972535072113
0.06568228244781495,0.8518518323991362,0.33096226042284127
0.06625892162322998,0.8518518323991362,0.3298162418494368
0.06431852817535401,0.8148146591930887,0.3302904564315352
0.06530612468719482,0.8518518323991362,0.33167358229598887
0.04929577350616455,0.8518518323991362,0.3317131001778304
0.07183907985687256,0.8518518323991362,0.3317131001778304
0.06574923515319825,0.8518518323991362,0.3280379371665678
0.06435137748718261,0.8518518323991362,0.3283540802213001
0.06578276157379151,0.8518518323991362,0.32345386287294997
0.054054055213928226,0.7777777485987043,0.3236119344003161
0.06670061111450196,0.8148146591930887,0.3236119344003161
0.0811965847015381,0.8148146591930887,0.32369097016399917
0.05278592586517334,0.8518518323991362,0.32369097016399917
0.06829765319824219,0.8148146591930887,0.3225449515905947
0.06935236930847168,0.8518518323991362,0.3201343607982612
0.06935236930847168,0.8518518323991362,0.3208456826714088
0.06527281761169433,0.8888887429935206,0.31962062833432126
0.06574923515319825,0.8148146591930887,0.3171705196601462
0.05900382995605469,0.7777777485987043,0.3174076269511954
0.07798165321350098,0.8518518323991362,0.3174076269511954
0.06472986698150635,0.8148146591930887,0.31495751827702034
0.06574923515319825,0.8148146591930887,0.31519462556806954
0.06727828979492188,0.8518518323991362,0.313969571230982
0.06523955345153809,0.8518518323991362,0.31400908911282355
0.06622516632080078,0.8148146591930887,0.3115589804386485
0.06917113780975342,0.8148146591930887,0.31163801620233156
0.05263157844543457,0.8518518323991362,0.31163801620233156
0.06476287841796875,0.8148146591930887,0.3120331950207469
0.06431852817535401,0.7777777485987043,0.3110847658565501
0.06625892162322998,0.8148146591930887,0.31234933807547915
0.0648289966583252,0.8148146591930887,0.3098992294013041
0.06714140415191651,0.8148146591930887,0.3098992294013041
0.06676860332489014,0.8518518323991362,0.30910887176447344
0.25882352828979494,0.8148146591930887,0.3083580320094843
0.059231591224670414,0.8148146591930887,0.30792333530922744
0.0626591968536377,0.8148146591930887,0.30804188895475204
0.06425293445587159,0.8148146591930887,0.30804188895475204
0.06748466491699219,0.8518518323991362,0.30827899624580124
0.06666666507720947,0.8518518323991362,0.3083185141276428
0.06479591846466065,0.8148146591930887,0.3085951393005335
0.07716049194335937,0.8518518323991362,0.3085951393005335
0.05949656963348389,0.8148146591930887,0.30863465718237504
0.06574923515319825,0.8518518323991362,0.3064611736810907
0.06578276157379151,0.8518518323991362,0.30650069156293225
0.06622516632080078,0.8518518323991362,0.30650069156293225
0.0653394603729248,0.8518518323991362,0.3052756372258447
0.06523955345153809,0.8148146591930887,0.3043272080616479
0.06629270553588867,0.8148146591930887,0.3043272080616479
0.06479591846466065,0.8148146591930887,0.3031021537245604
0.06581632614135742,0.8518518323991362,0.30187709938747287
0.05257936477661133,0.8148146591930887,0.30211420667852207
0.129066104888916,0.8888887429935206,0.31653823355068167
0.06847215175628663,0.8518518323991362,0.29820193637621006
0.06581632614135742,0.8518518323991362,0.29899229401304095
0.06571574211120605,0.8148146591930887,0.29946650859513935
0.06636038780212403,0.8148146591930887,0.2983204900217349
0.06938775539398194,0.8148146591930887,0.2985575973127841
0.06833248138427735,0.8888887429935206,0.2985575973127841
0.06785714149475097,0.8518518323991362,0.2974115787393794
0.045480384826660156,0.8518518323991362,0.29666073898439027
0.22335025787353516,0.8518518323991362,0.2957123098201935
0.05702647686004639,0.8888887429935206,0.2921557004544555
0.06530612468719482,0.8518518323991362,0.2923137719818216
0.0663265323638916,0.8518518323991362,0.2899031811894881
0.06431852817535401,0.8518518323991362,0.2900217348350127
0.06578276157379151,0.8518518323991362,0.2913258249357833
0.06578276157379151,0.8518518323991362,0.2915629322268325
0.011627906560897827,0.8518518323991362,0.2915629322268325
0.07154835224151611,0.8148146591930887,0.2917210037541986
0.06571574211120605,0.8518518323991362,0.29053546729895263
0.06676860332489014,0.8148146591930887,0.2895475202529143
0.06625892162322998,0.8518518323991362,0.28958703813475584
0.06479591846466065,0.8148146591930887,0.2884410195613514
0.06629270553588867,0.7777777485987043,0.2885990910887175
0.04990757942199707,0.8518518323991362,0.28737403675163
0.07253520965576173,0.8518518323991362,0.28737403675163
0.06571574211120605,0.8148146591930887,0.2875321082789961
0.0653394603729248,0.8518518323991362,0.2875321082789961
0.06877228736877442,0.8518518323991362,0.28757162616083765
0.06887754917144776,0.8148146591930887,0.28769017980636225
0.06928171157836914,0.8888887429935206,0.28709741157873925
0.041758241653442385,0.8518518323991362,0.2871764473424223
0.09333333015441894,0.8888887429935206,0.2871764473424223
0.06775343894958497,0.8518518323991362,0.28603042876901785
0.06720977783203125,0.8518518323991362,0.2848053744319303
0.06819338321685792,0.8518518323991362,0.28365935585852586
0.05413687229156494,0.8518518323991362,0.28389646314957506
0.06472986698150635,0.8518518323991362,0.28389646314957506
0.07046070575714111,0.8518518323991362,0.28306658763090287
0.0555555534362793,0.8518518323991362,0.28306658763090287
0.06670061111450196,0.8148146591930887,0.28314562339458593
0.06717557430267335,0.8518518323991362,0.28207864058486454
0.06629270553588867,0.8148146591930887,0.28089310412961854
0.0653394603729248,0.8518518323991362,0.279668049792531
0.06622516632080078,0.8148146591930887,0.279668049792531
0.07042253494262696,0.8148146591930887,0.2797866034380556
0.008547008633613587,0.8148146591930887,0.2797866034380556
0.06720977783203125,0.8518518323991362,0.2798656392017387
0.06629270553588867,0.7777777485987043,0.27864058486465115
0.06673459053039552,0.8518518323991362,0.2786801027464927
0.06673459053039552,0.7777777485987043,0.2787196206283342
0.06734694004058837,0.7777777485987043,0.2780082987551866
0.06789178371429444,0.8518518323991362,0.2769017980636237
0.07058823585510254,0.8148146591930887,0.27698083382730676
0.0713450288772583,0.8518518323991362,0.2758348152539023
0.06745018005371094,0.8148146591930887,0.2758348152539023
0.06727828979492188,0.8518518323991362,0.2758348152539023
0.06574923515319825,0.8518518323991362,0.27611144042679303
0.06625892162322998,0.8518518323991362,0.27615095830863456
0.06530612468719482,0.8518518323991362,0.27492590397154704
0.04662379264831543,0.8518518323991362,0.2742936178620825
0.07473841667175293,0.8148146591930887,0.2742936178620825
0.058163266181945804,0.7777777485987043,0.27350326022525184
0.0621814489364624,0.8518518323991362,0.2731871171705196
0.06574923515319825,0.7777777485987043,0.2732266350523611
0.06673459053039552,0.8148146591930887,0.27219917012448125
0.06574923515319825,0.8148146591930887,0.27231772377000585
0.07854984760284424,0.8148146591930887,0.27243627741553045
0.05268595218658447,0.8148146591930887,0.27243627741553045
0.0648289966583252,0.8148146591930887,0.27125074096028445
0.06771893978118897,0.8148146591930887,0.27125074096028445
0.0690095853805542,0.8518518323991362,0.2704603833234538
0.04846938610076904,0.7777777485987043,0.2704603833234538
0.06574923515319825,0.8518518323991362,0.2692748468682078
0.0648289966583252,0.8148146591930887,0.2692748468682078
0.06775343894958497,0.8518518323991362,0.2672594348942896
0.06840224742889404,0.7777777485987043,0.2650069156293222
0.09540816307067872,0.8518518323991362,0.2525983007310808
0.07186544418334961,0.8518518323991362,0.25267733649476387
0.06942317485809327,0.8148146591930887,0.25267733649476387
0.06826286315917969,0.7777777485987043,0.2527168543766054
0.0663265323638916,0.8518518323991362,0.2518474609760917
0.06625892162322998,0.8518518323991362,0.2518869788579332
0.0668367338180542,0.8148146591930887,0.2523216755581901
0.06638787269592285,0.8518518323991362,0.2523216755581901
0.021739130020141603,0.8888887429935206,0.2523216755581901
0.06625892162322998,0.8148146591930887,0.25251926496739774
0.060173382759094236,0.8518518323991362,0.25251926496739774
0.05966343879699707,0.8518518323991362,0.25275637225844694
0.06527281761169433,0.7777777485987043,0.2517289073305671
0.06676860332489014,0.8148146591930887,0.25180794309425014
0.06530612468719482,0.8518518323991362,0.25180794309425014
0.08923076629638672,0.8518518323991362,0.2518474609760917
0.06349206447601319,0.8518518323991362,0.25204505038529934
0.06619144439697265,0.8518518323991362,0.25204505038529934
0.06527281761169433,0.8148146591930887,0.25204505038529934
0.06581632614135742,0.8148146591930887,0.25204505038529934
0.06775343894958497,0.7777777485987043,0.2523611934400316
0.06727828979492188,0.7777777485987043,0.25240071132187314
0.07215007305145264,0.7777777485987043,0.25240071132187314
0.06714059829711914,0.7777777485987043,0.25240071132187314
0.06975560188293457,0.8148146591930887,0.25240071132187314
0.06931702136993409,0.8148146591930887,0.25279589014028847
0.06877228736877442,0.8518518323991362,0.2520055325034578
0.06629270553588867,0.8148146591930887,0.25180794309425014
0.06530612468719482,0.8518518323991362,0.2506619245208457
0.04595879554748535,0.7777777485987043,0.2508199960482118
0.10953058242797852,0.8148146591930887,0.24987156688401502
0.06676860332489014,0.8148146591930887,0.2487650661924521
0.06530612468719482,0.8518518323991362,0.24884410195613516
0.06673459053039552,0.8148146591930887,0.24896265560165975
0.06680264949798584,0.8148146591930887,0.2478166370282553
0.06227667331695557,0.8518518323991362,0.24797470855562143
0.05282555103302002,0.8148146591930887,0.24813278008298756
0.07807807922363282,0.8148146591930887,0.24813278008298756
0.06670061111450196,0.8148146591930887,0.24690772574590003
0.0653394603729248,0.8148146591930887,0.24690772574590003
0.06578276157379151,0.7777777485987043,0.2472238688006323
0.0663265323638916,0.7777777485987043,0.2472238688006323
0.0653394603729248,0.8148146591930887,0.24726338668247383
0.06622516632080078,0.7777777485987043,0.24643351116380163
0.1111111068725586,0.7777777485987043,0.24643351116380163
0.0644825792312622,0.7777777485987043,0.24643351116380163
0.06931702136993409,0.7777777485987043,0.2452084568267141
0.06884242534637451,0.8148146591930887,0.24552459988144637
0.06982670783996582,0.8148146591930887,0.24576170717249557
0.06884242534637451,0.7777777485987043,0.24335111638016205
0.0648289966583252,0.7777777485987043,0.24220509780675759
0.02955665111541748,0.8148146591930887,0.24105907923335312
0.07524115562438966,0.8518518323991362,0.2411381149970362
0.06625892162322998,0.7777777485987043,0.24003161430547326
0.06629270553588867,0.7777777485987043,0.24015016795099786
0.06574923515319825,0.8518518323991362,0.24038727524204706
0.0663265323638916,0.7777777485987043,0.24038727524204706
0.06629270553588867,0.8148146591930887,0.24046631100573013
0.056701030731201175,0.7777777485987043,0.2392412566686426
0.07166947841644287,0.7777777485987043,0.2392412566686426
0.06530612468719482,0.8148146591930887,0.23801620233155507
0.06581632614135742,0.7777777485987043,0.23801620233155507
0.054081630706787114,0.7777777485987043,0.23738391622209054
0.06578276157379151,0.7777777485987043,0.23742343410393207
0.06676860332489014,0.8148146591930887,0.2354475400118552
0.07606264114379883,0.8148146591930887,0.23501284331159833
0.04508856773376465,0.8148146591930887,0.23524995060264753
0.06581632614135742,0.7777777485987043,0.23524995060264753
0.06435137748718261,0.7777777485987043,0.23548705789369673
0.06738131523132325,0.7777777485987043,0.23430152143845073
0.06738131523132325,0.7777777485987043,0.23445959296581687
0.06935236930847168,0.7777777485987043,0.23445959296581687
0.0654587984085083,0.7777777485987043,0.2344991108476584
0.09600000381469727,0.8148146591930887,0.2344991108476584
0.09156010627746582,0.8148146591930887,0.25062240663900415
0.0648289966583252,0.8518518323991362,0.25014819205690575
0.0663265323638916,0.8518518323991362,0.2503062635842719
0.06527281761169433,0.8148146591930887,0.24939735230191662
0.06571574211120605,0.8148146591930887,0.24939735230191662
0.06523955345153809,0.7777777485987043,0.24943687018375815
0.06578276157379151,0.8148146591930887,0.24951590594744122
0.053872056007385254,0.7777777485987043,0.24856747678324442
0.09894737243652343,0.7777777485987043,0.24856747678324442
0.06530612468719482,0.8148146591930887,0.2478166370282553
0.06479591846466065,0.7777777485987043,0.24785615491009683
0.06431852817535401,0.7777777485987043,0.24797470855562143
0.06476287841796875,0.7777777485987043,0.2480537443193045
0.05810397624969482,0.7777777485987043,0.2480537443193045
0.06361323356628418,0.7777777485987043,0.2459197786998617
0.24719100952148437,0.8148146591930887,0.2459197786998617
0.05668449401855469,0.7777777485987043,0.24370677731673585
0.06782253742218018,0.7777777485987043,0.24374629519857738
0.06935236930847168,0.7777777485987043,0.24374629519857738
0.06782253742218018,0.8148146591930887,0.2439043667259435
0.06840224742889404,0.8148146591930887,0.24394388460778504
0.06574923515319825,0.7777777485987043,0.24422050978067578
0.058823528289794924,0.8148146591930887,0.24422050978067578
0.06786427021026611,0.7777777485987043,0.24422050978067578
0.06578276157379151,0.7777777485987043,0.24433906342620038
0.06625892162322998,0.7777777485987043,0.24433906342620038
0.06428571224212647,0.7777777485987043,0.24433906342620038
0.06530612468719482,0.7777777485987043,0.24445761707172498
0.06571574211120605,0.7777777485987043,0.24445761707172498
0.06416464805603027,0.8148146591930887,0.24339063426200358
0.06960352420806885,0.7777777485987043,0.24339063426200358
0.06574923515319825,0.7777777485987043,0.24224461568859912
0.0648289966583252,0.7777777485987043,0.24228413357044065
0.06479591846466065,0.8148146591930887,0.24232365145228218
0.0653394603729248,0.7777777485987043,0.24240268721596525
0.06619144439697265,0.7777777485987043,0.24256075874333138
0.06683374881744385,0.7777777485987043,0.24263979450701445
0.06684141635894776,0.7777777485987043,0.24263979450701445
0.06629270553588867,0.8148146591930887,0.24271883027069752
0.06636038780212403,0.7777777485987043,0.24208654416123299
0.060112071037292485,0.7777777485987043,0.2410195613515116
0.06792645454406739,0.7777777485987043,0.24109859711519466
0.06578276157379151,0.7777777485987043,0.24109859711519466
0.06696428775787354,0.8148146591930887,0.2411381149970362
0.06377551078796387,0.8148146591930887,0.2412566686425608
0.0928097915649414,0.8148146591930887,0.2347362181387076
0.06622516632080078,0.8148146591930887,0.2341434499110846
0.06476287841796875,0.7777777485987043,0.2341434499110846
0.06673459053039552,0.7777777485987043,0.2336692353289862
0.06476287841796875,0.7777777485987043,0.23287887769215554
0.06622516632080078,0.7777777485987043,0.2318909306461172
0.06578276157379151,0.7777777485987043,0.23074491207271275
0.07161803722381592,0.7777777485987043,0.23074491207271275
0.06683168411254883,0.8148146591930887,0.23074491207271275
0.06476287841796875,0.7777777485987043,0.23078442995455428
0.06673459053039552,0.7777777485987043,0.22955937561746675
0.06523955345153809,0.8148146591930887,0.22999407231772362
0.06670061111450196,0.7777777485987043,0.22892708950800222
0.067312593460083,0.7777777485987043,0.22892708950800222
0.06755555629730224,0.7777777485987043,0.2291246789172099
0.07177033424377442,0.8148146591930887,0.2281762497530131
0.06877228736877442,0.7777777485987043,0.2281762497530131
0.06836734771728516,0.8148146591930887,0.22825528551669616
0.06431852817535401,0.8148146591930887,0.22726733847065783
0.06476287841796875,0.7777777485987043,0.2273463742343409
0.057113718986511235,0.7777777485987043,0.2273463742343409
0.058022499084472656,0.7777777485987043,0.22742540999802396
0.09594096183776855,0.7777777485987043,0.2274649278798655
0.06517311573028564,0.7777777485987043,0.22750444576170703
0.06530612468719482,0.7777777485987043,0.22754396364354856
0.06527281761169433,0.8148146591930887,0.22754396364354856
0.06670061111450196,0.7777777485987043,0.2266350523611933
0.06574923515319825,0.7777777485987043,0.22667457024303483
0.06486210346221924,0.7777777485987043,0.22667457024303483
0.010204081535339356,0.7777777485987043,0.22667457024303483
0.06766917228698731,0.7777777485987043,0.2268721596522425
0.06479591846466065,0.7777777485987043,0.2269907132977671
0.06431852817535401,0.7777777485987043,0.2269907132977671
0.06625892162322998,0.7777777485987043,0.22703023117960863
0.06931702136993409,0.7777777485987043,0.22703023117960863
0.06935236930847168,0.7777777485987043,0.22706974906145017
0.041958041191101074,0.7777777485987043,0.22750444576170703
0.08818181991577148,0.7777777485987043,0.22750444576170703
0.06574923515319825,0.7777777485987043,0.22754396364354856
0.06523955345153809,0.7777777485987043,0.22635842718830257
0.06578276157379151,0.7777777485987043,0.22643746295198564
0.0648289966583252,0.7777777485987043,0.2252124086148981
0.06714140415191651,0.7777777485987043,0.22525192649673964
0.04244897842407227,0.7777777485987043,0.22525192649673964
0.09986320495605469,0.8148146591930887,0.2240268721596521
0.06581632614135742,0.8148146591930887,0.22280181782256459
0.060714287757873533,0.7777777485987043,0.22347362181387065
0.05615109920501709,0.7777777485987043,0.2223276032404662
0.06629270553588867,0.7777777485987043,0.2224461568859908
0.06479591846466065,0.7777777485987043,0.2225647105315154
0.06915783405303955,0.7777777485987043,0.22141869195811092
0.023668639659881592,0.7777777485987043,0.22141869195811092
0.0653394603729248,0.7777777485987043,0.22157676348547706
0.06476287841796875,0.7777777485987043,0.22157676348547706
0.06778797149658203,0.7777777485987043,0.219126654811302
0.06891271114349365,0.7777777485987043,0.21821774352894674
0.06884242534637451,0.7777777485987043,0.2182967792926298
0.06727828979492188,0.8148146591930887,0.2182967792926298
0.019704433679580687,0.7777777485987043,0.2182967792926298
0.07118451118469238,0.8148146591930887,0.21707172495554228
0.06571574211120605,0.7777777485987043,0.2171112428373838
0.06479591846466065,0.7777777485987043,0.21750642165579914
0.06479591846466065,0.7777777485987043,0.21632088520055315
0.06629270553588867,0.7777777485987043,0.21639992096423621
0.06377551078796387,0.7777777485987043,0.21647895672791928
0.05744125366210938,0.7777777485987043,0.21647895672791928
0.0702928876876831,0.7777777485987043,0.21525390239083175
0.06431852817535401,0.7777777485987043,0.21545149180003942
0.06578276157379151,0.7777777485987043,0.2142264374629519
0.06523955345153809,0.7777777485987043,0.21442402687215956
0.0653394603729248,0.7777777485987043,0.21323849041691356
0.07282913208007813,0.7777777485987043,0.2132780082987551
0.09431605339050293,0.7777777485987043,0.206006718039913
0.058643550872802735,0.8148146591930887,0.20462359217545933
0.06332993030548095,0.7777777485987043,0.20497925311203313
0.07033638954162598,0.703703664798272,0.20497925311203313
0.07026476383209229,0.7777777485987043,0.2044655206480932
0.06928171157836914,0.7777777485987043,0.20335901995653027
0.06380806446075439,0.7777777485987043,0.20130409010077055
0.06619144439697265,0.7777777485987043,0.2028057696107488
0.06425293445587159,0.8148146591930887,0.20288480537443188
0.0648289966583252,0.7777777485987043,0.2029243232562734
0.06574923515319825,0.7777777485987043,0.19972337482710922
0.06710727214813232,0.7777777485987043,0.20047421458209835
0.06472986698150635,0.7777777485987043,0.20106698280972135
0.06523955345153809,0.7407405753926568,0.20130409010077055
0.06568228244781495,0.7777777485987043,0.20130409010077055
0.028037383556365966,0.7777777485987043,0.20138312586445362
0.06838987827301025,0.7777777485987043,0.20264769808338268
0.06486210346221924,0.7407405753926568,0.20272673384706574
0.06520631790161133,0.7407405753926568,0.1990910887176447
0.06676860332489014,0.703703664798272,0.19917012448132776
0.06935236930847168,0.7777777485987043,0.1994467496542185
0.06880733966827393,0.7777777485987043,0.19948626753606002
0.04754828929901123,0.7777777485987043,0.19948626753606002
0.07542768478393555,0.7777777485987043,0.1983797668444971
0.06527281761169433,0.7777777485987043,0.19735230191661723
0.06472986698150635,0.7777777485987043,0.19735230191661723
0.053007135391235354,0.7777777485987043,0.1976684449713495
0.06527281761169433,0.7407405753926568,0.1976684449713495
0.06571574211120605,0.7777777485987043,0.1981426595534479
0.07211538314819337,0.7777777485987043,0.19818217743528943
0.0565217399597168,0.7407405753926568,0.1969571230982019
0.06377551078796387,0.7407405753926568,0.1945860501877099
0.06625892162322998,0.7777777485987043,0.19008101165777513
0.06278713703155518,0.7777777485987043,0.18846077850227227
0.06574923515319825,0.7407405753926568,0.18846077850227227
0.06332993030548095,0.7777777485987043,0.18869788579332147
0.07294617652893066,0.7777777485987043,0.18877692155700454
0.045620436668396,0.703703664798272,0.18877692155700454
0.06782253742218018,0.7407405753926568,0.18688006322861095
0.06938775539398194,0.7777777485987043,0.18688006322861095
0.06880733966827393,0.7777777485987043,0.18569452677336495
0.06428571224212647,0.7777777485987043,0.18593163406441415
0.06425293445587159,0.7777777485987043,0.18608970559178029
0.06527281761169433,0.7407405753926568,0.18751234933807548
0.06666666507720947,0.7777777485987043,0.18676150958308635
0.0651950740814209,0.7407405753926568,0.18632681288282948
0.06673459053039552,0.7777777485987043,0.18391622209049596
0.06380806446075439,0.7777777485987043,0.18423236514522823
0.06431852817535401,0.703703664798272,0.18427188302706976
0.06278713703155518,0.7777777485987043,0.18308634657182377
0.06530612468719482,0.703703664798272,0.18201936376210237
0.07493540287017822,0.7407405753926568,0.1821774352894685
0.058972735404968266,0.703703664798272,0.1821774352894685
0.056179776191711425,0.7407405753926568,0.1821774352894685
0.06422018527984619,0.703703664798272,0.18114997036158864
0.067312593460083,0.7407405753926568,0.18114997036158864
0.0668367338180542,0.7407405753926568,0.18118948824343017
0.06887754917144776,0.7407405753926568,0.18043864848844104
0.022038567066192626,0.703703664798272,0.1800434696700257
0.10895428657531739,0.7777777485987043,0.18162418494368704
0.06584992408752441,0.7407405753926568,0.18118948824343017
0.06326530456542968,0.7777777485987043,0.1803991306065995
0.06574923515319825,0.703703664798272,0.18055720213396564
0.06377551078796387,0.7407405753926568,0.18055720213396564
0.06574923515319825,0.7777777485987043,0.18055720213396564
0.06422018527984619,0.703703664798272,0.18071527366133178
0.06825712203979492,0.7407405753926568,0.17980636237897651
0.059866962432861326,0.703703664798272,0.17980636237897651
0.06374299049377441,0.7777777485987043,0.1799249160245011
0.06479591846466065,0.7407405753926568,0.1799249160245011
0.06425293445587159,0.703703664798272,0.17873937956925512
0.06578276157379151,0.703703664798272,0.17664493183165386
0.06422018527984619,0.7407405753926568,0.17664493183165386
0.06812134265899658,0.7407405753926568,0.17672396759533693
0.1125,0.7407405753926568,0.17672396759533693
0.06734694004058837,0.7777777485987043,0.17676348547717846
0.06833248138427735,0.7407405753926568,0.17684252124086153
0.06568228244781495,0.7777777485987043,0.175617466903774
0.05912334442138672,0.7777777485987043,0.17451096621221085
0.05861365795135498,0.7777777485987043,0.17498518079430947
0.06673459053039552,0.7407405753926568,0.17376012645722172
0.10330578804016113,0.703703664798272,0.17391819798458785
0.05273833751678467,0.703703664798272,0.17399723374827092
0.06479591846466065,0.7407405753926568,0.1727721794111834
0.0646968936920166,0.703703664798272,0.171705196601462
0.06622516632080078,0.703703664798272,0.17091483896463133
0.0646968936920166,0.703703664798272,0.17103339261015593
0.06673459053039552,0.7407405753926568,0.17103339261015593
0.08654971122741699,0.7407405753926568,0.1698083382730684
0.04701627254486084,0.703703664798272,0.1698083382730684
0.06578276157379151,0.703703664798272,0.1698083382730684
0.06921119689941406,0.7407405753926568,0.1698083382730684
0.07030055999755859,0.7407405753926568,0.16984785615490994
0.06782253742218018,0.7407405753926568,0.16984785615490994
0.0648289966583252,0.7777777485987043,0.168741355463347
0.04251839637756348,0.703703664798272,0.168741355463347
0.10013531684875489,0.703703664798272,0.168741355463347
0.06530612468719482,0.703703664798272,0.16929460580912847
0.06422018527984619,0.703703664798272,0.16806955147204095
0.06476287841796875,0.7407405753926568,0.16822762299940708
0.06329760074615479,0.7407405753926568,0.16858328393598088
0.06578276157379151,0.7777777485987043,0.16739774748073488
0.04770872592926025,0.7407405753926568,0.16739774748073488
0.12841529846191407,0.703703664798272,0.16739774748073488
0.06527281761169433,0.7407405753926568,0.16739774748073488
0.05359877586364746,0.703703664798272,0.16767437265362561
0.0632008171081543,0.703703664798272,0.16652835408022115
0.06377551078796387,0.703703664798272,0.1640782454060461
0.07033638954162598,0.703703664798272,0.1643153526970953
0.06734694004058837,0.703703664798272,0.1632483698873739
0.050505051612854006,0.703703664798272,0.1632483698873739
0.07037457466125488,0.703703664798272,0.1633669235328985
0.06377551078796387,0.703703664798272,0.16352499506026463
0.06476287841796875,0.703703664798272,0.1636040308239477
0.06377551078796387,0.7407405753926568,0.16237897648686017
0,0,0.9409207666469075
0.004077472090721131,0.03703691059438485,0.9399723374827107
0.04077471733093262,0.0740740838004319,0.9367713890535465
0.058163266181945804,0.1481481676008638,0.9368504248172296
0.05714285850524903,0.11111099439481675,0.9368504248172296
0.06422018527984619,0.11111099439481675,0.9368504248172296
0.09440994262695313,0.1481481676008638,0.9345979055522622
0.04502164363861084,0.11111099439481675,0.9347559770796283
0.06278713703155518,0.11111099439481675,0.9347559770796283
0.06374299049377441,0.11111099439481675,0.934953566488836
0.06278713703155518,0.11111099439481675,0.9340446552064807
0.06179775238037109,0.1481481676008638,0.9341632088520053
0.06374299049377441,0.18518507819524865,0.9342422446156884
0.06530612468719482,0.18518507819524865,0.9344793519067376
0.07786885261535645,0.18518507819524865,0.9344793519067376
0.05691056728363037,0.1481481676008638,0.9344793519067376
0.06687085151672363,0.18518507819524865,0.9334123690970162
0.06578276157379151,0.18518507819524865,0.9336099585062239
0.06227667331695557,0.18518507819524865,0.9336099585062239
0.06234031677246094,0.18518507819524865,0.9337285121517485
0.06422018527984619,0.18518507819524865,0.9325034578146609
0.06800518035888672,0.18518507819524865,0.9325429756965025
0.05714285850524903,0.2222222514012957,0.9325429756965025
0.0646968936920166,0.18518507819524865,0.9326220114601855
0.06278713703155518,0.2222222514012957,0.9326615293420271
0.06326530456542968,0.2222222514012957,0.9314364750049395
0.06323304653167724,0.18518507819524865,0.9314759928867811
0.06377551078796387,0.2222222514012957,0.9319502074688795
0.06020942211151123,0.25925916199568055,0.9310017783046827
0.19607843399047853,0.25925916199568055,0.9310017783046827
0.053088312149047856,0.2222222514012957,0.9310808140683657
0.06221315860748291,0.25925916199568055,0.9312388855957319
0.06323304653167724,0.2222222514012957,0.9312388855957319
0.06982670783996582,0.25925916199568055,0.9302509385496935
0.06785714149475097,0.25925916199568055,0.9302904564315351
0.06822810649871826,0.25925916199568055,0.9291049199762891
0.09126214027404786,0.2962963352017276,0.9294210630310213
0.055977883338928225,0.2962963352017276,0.9294605809128629
0.06323304653167724,0.33333324579611245,0.9282750444576169
0.06323304653167724,0.25925916199568055,0.9282750444576169
0.06371049880981446,0.33333324579611245,0.928433115984983
0.06425293445587159,0.33333324579611245,0.9285121517486661
0.06422018527984619,0.2962963352017276,0.9272870974115786
0.05442176818847656,0.2962963352017276,0.9272870974115786
0.06877323627471923,0.33333324579611245,0.9274846868207862
0.06275510311126709,0.33333324579611245,0.9276032404663108
0.06422018527984619,0.25925916199568055,0.927761311993677
0.0646968936920166,0.2962963352017276,0.926575775538431
0.06377551078796387,0.2962963352017276,0.926654811302114
0.06415478706359863,0.2962963352017276,0.9266943291839556
0.05990415573120117,0.2962963352017276,0.9267338470657971
0.06940509796142579,0.33333324579611245,0.9267338470657971
0.06384065151214599,0.2962963352017276,0.9267338470657971
0.0668367338180542,0.33333324579611245,0.9270104722386878
0.06588355541229249,0.33333324579611245,0.9272870974115786
0.06227667331695557,0.33333324579611245,0.9252716854376604
0.05510204315185547,0.3703704190021595,0.9249555423829281
0.06165227890014648,0.33333324579611245,0.9250345781466112
0.07917888641357422,0.33333324579611245,0.9250345781466112
0.06275510311126709,0.3703704190021595,0.924204702627939
0.06326530456542968,0.3703704190021595,0.9243232562734636
0.06326530456542968,0.33333324579611245,0.9243232562734636
0.06377551078796387,0.33333324579611245,0.9231772377000591
0.06371049880981446,0.33333324579611245,0.9225449515905946
0.06275510311126709,0.3703704190021595,0.9225449515905946
0.10132158279418946,0.33333324579611245,0.9225449515905946
0.059400229454040526,0.33333324579611245,0.9225449515905946
0.06323304653167724,0.3703704190021595,0.9225844694724361
0.06278713703155518,0.33333324579611245,0.9226635052361192
0.06377551078796387,0.3703704190021595,0.9227030231179607
0.06371049880981446,0.33333324579611245,0.9227030231179607
0.0663942813873291,0.3703704190021595,0.923098201936376
0.07046979904174805,0.40740732959654435,0.9231377198182176
0.06734992504119873,0.40740732959654435,0.9231377198182176
0.06687085151672363,0.33333324579611245,0.9231772377000591
0.045029735565185545,0.33333324579611245,0.9231772377000591
0.11923076629638672,0.40740732959654435,0.9247184350918789
0.08341862678527832,0.40740732959654435,0.9937166567871962
0.06326530456542968,0.40740732959654435,0.9927682276229994
0.06422018527984619,0.40740732959654435,0.9918197984588026
0.06428571224212647,0.40740732959654435,0.9913060659948627
0.06422018527984619,0.40740732959654435,0.989330171902786
0.05510204315185547,0.40740732959654435,0.9893696897846276
0.06256463050842286,0.40740732959654435,0.9846670618454851
0.06896551609039307,0.40740732959654435,0.9846670618454851
0.06425293445587159,0.40740732959654435,0.9847856154910097
0.06326530456542968,0.40740732959654435,0.9848251333728513
0.06326530456542968,0.40740732959654435,0.9848646512546928
0.06425293445587159,0.40740732959654435,0.9849436870183759
0.06377551078796387,0.40740732959654435,0.9851412764275835
0.06472986698150635,0.40740732959654435,0.9840347757360206
0.07352941036224366,0.44444450280259185,0.9840742936178621
0.06118665218353272,0.40740732959654435,0.9840742936178621
0.06581632614135742,0.40740732959654435,0.9832049002173484
0.06829765319824219,0.40740732959654435,0.9834024896265561
0.06778797149658203,0.40740732959654435,0.9836000790357637
0.0668367338180542,0.44444450280259185,0.9836000790357637
0.06336228847503662,0.40740732959654435,0.9823750246986762
0.03927068710327149,0.40740732959654435,0.9826121319897254
0.08220271110534669,0.44444450280259185,0.9826121319897254
0.06380806446075439,0.48148141339697625,0.982651649871567
0.06374299049377441,0.40740732959654435,0.9828492392807746
0.06425293445587159,0.44444450280259185,0.9818612922347363
0.06380806446075439,0.44444450280259185,0.9819008101165778
0.06380806446075439,0.44444450280259185,0.982058881643944
0.05803921699523926,0.44444450280259185,0.9820983995257855
0.07309941291809083,0.44444450280259185,0.9820983995257855
0.06428571224212647,0.48148141339697625,0.9822564710531516
0.06068332672119141,0.48148141339697625,0.9811894882434302
0.0560938310623169,0.48148141339697625,0.9800829875518673
0.06230847835540772,0.48148141339697625,0.9803200948429165
0.06523955345153809,0.40740732959654435,0.9803200948429165
0.07537993907928467,0.44444450280259185,0.9803991306065996
0.0031847134232521057,0.40740732959654435,0.9803991306065996
0.06281920433044434,0.44444450280259185,0.979174076269512
0.067312593460083,0.48148141339697625,0.979174076269512
0.067312593460083,0.48148141339697625,0.9792135941513536
0.067312593460083,0.48148141339697625,0.9796087729697689
0.06687085151672363,0.48148141339697625,0.9796087729697689
0.0646968936920166,0.48148141339697625,0.978581308041889
0.036363637447357176,0.48148141339697625,0.978581308041889
0.06410930156707764,0.48148141339697625,0.978581308041889
0.06422018527984619,0.48148141339697625,0.9774748073503261
0.06380806446075439,0.48148141339697625,0.9775538431140092
0.06323304653167724,0.48148141339697625,0.9775933609958507
0.05813953399658203,0.48148141339697625,0.9775933609958507
0.10124101638793946,0.48148141339697625,0.9729697688203913
0.06476287841796875,0.5185185866030237,0.9646710136336694
0.06428571224212647,0.48148141339697625,0.964868603042877
0.06374299049377441,0.5185185866030237,0.9649081209247186
0.06479591846466065,0.48148141339697625,0.9650266745702432
0.06428571224212647,0.48148141339697625,0.9650661924520847
0.06377551078796387,0.5185185866030237,0.9650661924520847
0.055098161697387696,0.48148141339697625,0.9650661924520847
0.10761155128479004,0.5185185866030237,0.9650661924520847
0.053544111251831054,0.48148141339697625,0.9639596917605218
0.06425293445587159,0.48148141339697625,0.9627346374234342
0.06476287841796875,0.48148141339697625,0.9627346374234342
0.06680264949798584,0.48148141339697625,0.9616281367318713
0.06778797149658203,0.5185185866030237,0.9608377790950406
0.06884242534637451,0.5185185866030237,0.9608772969768822
0.054644808769226075,0.48148141339697625,0.9608772969768822
0.06921778202056884,0.5555554971974082,0.9609958506224068
0.06581632614135742,0.5185185866030237,0.9609958506224068
0.06425293445587159,0.5185185866030237,0.9613515115589806
0.06377551078796387,0.48148141339697625,0.960640189685833
0.06425293445587159,0.5185185866030237,0.9594941711124285
0.08553971290588379,0.48148141339697625,0.9341236909701638
0.034852547645568846,0.5185185866030237,0.9342817624975299
0.0832646369934082,0.5185185866030237,0.9342817624975299
0.06428571224212647,0.48148141339697625,0.9333333333333331
0.06472986698150635,0.48148141339697625,0.9333728512151747
0.06428571224212647,0.5555554971974082,0.9335309227425408
0.06332993030548095,0.5185185866030237,0.9335309227425408
0.06479591846466065,0.5185185866030237,0.9335309227425408
0.057838659286499026,0.48148141339697625,0.9336494763880654
0.08179012298583985,0.5555554971974082,0.9336494763880654
0.06476287841796875,0.5555554971974082,0.9338470657972731
0.06476287841796875,0.5185185866030237,0.9338865836791146
0.06571574211120605,0.5185185866030237,0.9342027267338469
0.05510204315185547,0.5555554971974082,0.9342027267338469
0.06364562034606934,0.5185185866030237,0.9343212803793715
0.0731272315979004,0.5555554971974082,0.9343212803793715
0.007246376872062683,0.5555554971974082,0.9343212803793715
0.06734694004058837,0.5185185866030237,0.9320687611144041
0.06826286315917969,0.5185185866030237,0.9322663505236117
0.06636038780212403,0.5555554971974082,0.9322663505236117
0.06680264949798584,0.5555554971974082,0.9300533491404859
0.06676860332489014,0.5555554971974082,0.9291444378581306
0.06332993030548095,0.5555554971974082,0.9279193835210431
0.010989011526107787,0.5555554971974082,0.9279193835210431
0.0683760690689087,0.5555554971974082,0.9282355265757753
0.06523955345153809,0.5185185866030237,0.9282750444576169
0.06527281761169433,0.5555554971974082,0.9282750444576169
0.06374299049377441,0.5555554971974082,0.9272870974115786
0.06530612468719482,0.5555554971974082,0.9272870974115786
0.06476287841796875,0.5555554971974082,0.9273661331752616
0.05434782505035401,0.5555554971974082,0.9273661331752616
0.06800000190734863,0.5925926704034556,0.9273661331752616
0.06380806446075439,0.5555554971974082,0.9276032404663108
0.07339449405670166,0.5555554971974082,0.9391424619640385
0.06329760074615479,0.5555554971974082,0.9376012645722187
0.06673459053039552,0.5185185866030237,0.9376012645722187
0.06431852817535401,0.5925926704034556,0.9364552459988142
0.05063291072845459,0.5555554971974082,0.9364552459988142
0.08226495742797851,0.5555554971974082,0.9364947638806558
0.11203319549560548,0.5925926704034556,0.9364947638806558
0.0808609676361084,0.5555554971974082,0.9345583876704207
0.06221315860748291,0.5555554971974082,0.9355858525983005
0.06727828979492188,0.5555554971974082,0.9357834420075082
0.06833248138427735,0.5555554971974082,0.9357834420075082
0.06880733966827393,0.5925926704034556,0.9357834420075082
0.06877228736877442,0.5555554971974082,0.9347164591977868
0.06880733966827393,0.5555554971974082,0.9348745307251529
0.0622895622253418,0.5555554971974082,0.9348745307251529
0.12777777671813964,0.5555554971974082,0.9339261015609561
0.0663265323638916,0.5925926704034556,0.9339261015609561
0.06527281761169433,0.5925926704034556,0.9340051373246392
0.06625892162322998,0.62962958099784,0.9340051373246392
0.06523955345153809,0.5555554971974082,0.9340051373246392
0.06673459053039552,0.5925926704034556,0.9340446552064807
0.06622516632080078,0.5555554971974082,0.9346769413159453
0.0053191488981246945,0.5925926704034556,0.9346769413159453
0.07323943614959717,0.62962958099784,0.9346769413159453
0.06717557430267335,0.5925926704034556,0.9346769413159453
0.06431852817535401,0.62962958099784,0.9336494763880654
0.06431852817535401,0.62962958099784,0.93376803003359
0.06527281761169433,0.5925926704034556,0.9339261015609561
0.06380806446075439,0.5925926704034556,0.9327405651057101
0.04830053806304932,0.5925926704034556,0.9327405651057101
0.07142857074737549,0.62962958099784,0.9328986366330763
0.06625892162322998,0.5925926704034556,0.9330962260422839
0.05765305995941162,0.5925926704034556,0.9330962260422839
0.05873340129852295,0.5925926704034556,0.9330962260422839
0.06574923515319825,0.5555554971974082,0.9320687611144041
0.06431852817535401,0.5925926704034556,0.9320687611144041
0.08279569625854492,0.5925926704034556,0.9320687611144041
0.051306872367858886,0.62962958099784,0.9320687611144041
0.06438426017761231,0.5555554971974082,0.9320687611144041
0.06384065151214599,0.5555554971974082,0.9320687611144041
0.06775343894958497,0.5925926704034556,0.9309622604228411
0.06782253742218018,0.5555554971974082,0.9310017783046827
0.06687085151672363,0.62962958099784,0.9310808140683657
0.0743469524383545,0.62962958099784,0.9316340644141472
0.049040513038635256,0.5925926704034556,0.9316340644141472
0.06880733966827393,0.5925926704034556,0.9317921359415133
0.06523955345153809,0.62962958099784,0.9305670816044258
0.06377551078796387,0.5925926704034556,0.9305670816044258
0.06479591846466065,0.62962958099784,0.9305670816044258
0.06428571224212647,0.62962958099784,0.9295791345583875
0.06663084506988526,0.62962958099784,0.9295791345583875
0.030612244606018066,0.62962958099784,0.9295791345583875
0.06622516632080078,0.62962958099784,0.9300138312586443
0.06578276157379151,0.62962958099784,0.9300533491404859
0.06568228244781495,0.62962958099784,0.9300533491404859
0.06428571224212647,0.62962958099784,0.930211420667852
0.06431852817535401,0.62962958099784,0.930211420667852
0.05720122337341309,0.62962958099784,0.9291444378581306
0.14285714149475098,0.6666664915922249,0.9294605809128629
0.047365303039550784,0.62962958099784,0.9294605809128629
0.06527281761169433,0.5925926704034556,0.9295000987947044
0.06523955345153809,0.62962958099784,0.9295396166765459
0.06527281761169433,0.62962958099784,0.9295396166765459
0.06622516632080078,0.62962958099784,0.928433115984983
0.06431852817535401,0.62962958099784,0.9285121517486661
0.11267605781555176,0.62962958099784,0.9289073305670814
0.04318181991577148,0.62962958099784,0.9289073305670814
0.06571574211120605,0.62962958099784,0.9278008298755185
0.06479591846466065,0.62962958099784,0.9279589014028846
0.0648289966583252,0.62962958099784,0.9279589014028846
0.067312593460083,0.62962958099784,0.9257459000197588
0.06636038780212403,0.62962958099784,0.925983007310808
0.07558139324188233,0.6666664915922249,0.925983007310808
0.05952381134033203,0.62962958099784,0.925983007310808
0.06873727321624756,0.6666664915922249,0.925983007310808
0.06778797149658203,0.62962958099784,0.925983007310808
0.06431852817535401,0.62962958099784,0.9262991503655402
0.0648289966583252,0.6666664915922249,0.9263386682473818
0.06523955345153809,0.62962958099784,0.9265362576565894
0.045608110427856445,0.62962958099784,0.9243627741553051
0.1487179470062256,0.703703664798272,0.6398340248962655
0.07448979377746583,0.62962958099784,0.9244813278008297
0.06625892162322998,0.62962958099784,0.9236514522821575
0.05714285850524903,0.62962958099784,0.9227030231179607
0.0621814489364624,0.62962958099784,0.9227030231179607
0.06472986698150635,0.62962958099784,0.9227030231179607
0.0663942813873291,0.6666664915922249,0.9190673779885397
0.06568228244781495,0.62962958099784,0.9193044852795889
0.07118254661560058,0.6666664915922249,0.9195415925706381
0.03196346998214722,0.62962958099784,0.9195415925706381
0.06428571224212647,0.62962958099784,0.9196996640980042
0.0663265323638916,0.6666664915922249,0.9196996640980042
0.06425293445587159,0.62962958099784,0.9185141276427582
0.06629270553588867,0.6666664915922249,0.9187117170519659
0.06625892162322998,0.6666664915922249,0.9187512349338074
0.06687085151672363,0.6666664915922249,0.9178028057696106
0.09271523475646973,0.62962958099784,0.9178028057696106
0.06294864654541016,0.6666664915922249,0.9178423236514521
0.06778797149658203,0.62962958099784,0.9169334123690969
0.06425293445587159,0.6666664915922249,0.9157083580320093
0.06584992408752441,0.6666664915922249,0.9144833036949218
0.06578276157379151,0.703703664798272,0.9145228215767633
0.06629270553588867,0.6666664915922249,0.9132977672396758
0.06165703296661377,0.62962958099784,0.9132977672396758
0.06597222328186035,0.62962958099784,0.9132977672396758
0.06884242534637451,0.6666664915922249,0.9126654811302113
0.0668367338180542,0.6666664915922249,0.9127049990120528
0.06880733966827393,0.6666664915922249,0.9115984983204899
0.058643550872802735,0.6666664915922249,0.911677534084173
0.06625892162322998,0.6666664915922249,0.9107291049199762
0.0650954008102417,0.62962958099784,0.9095040505828886
0.07182836055755615,0.6666664915922249,0.9083185141276426
0.06629270553588867,0.6666664915922249,0.9075676743726535
0.06527281761169433,0.6666664915922249,0.9059079233353091
0.06588355541229249,0.703703664798272,0.9059079233353091
0.06527281761169433,0.6666664915922249,0.9048014226437462
0.06822810649871826,0.6666664915922249,0.9026674570243034
0.061208267211914066,0.6666664915922249,0.9028650464335111
0.07517730712890625,0.6666664915922249,0.9028650464335111
0.06537282943725586,0.6666664915922249,0.9029045643153526
0.06472986698150635,0.6666664915922249,0.9006125271685437
0.0663265323638916,0.703703664798272,0.9006915629322267
0.06486210346221924,0.6666664915922249,0.9008101165777513
0.06584992408752441,0.6666664915922249,0.8995850622406638
0.07017543792724609,0.6666664915922249,0.8983600079035763
0.014492753744125366,0.6666664915922249,0.8983600079035763
0.06727828979492188,0.703703664798272,0.8983995257854178
0.06425293445587159,0.6666664915922249,0.898557597312784
0.06680264949798584,0.703703664798272,0.8975696502667456
0.06523955345153809,0.703703664798272,0.8951590594744121
0.06625892162322998,0.703703664798272,0.8939340051373246
0.06428571224212647,0.6666664915922249,0.8904564315352697
0.11688311576843262,0.6666664915922249,0.8904564315352697
0.058550724983215334,0.6666664915922249,0.8907725745900019
0.053007135391235354,0.6666664915922249,0.8907725745900019
0.06724401473999024,0.6666664915922249,0.8897846275439636
0.06578276157379151,0.703703664798272,0.8886781268524007
0.06775343894958497,0.703703664798272,0.8886781268524007
0.06479591846466065,0.6666664915922249,0.8866627148784825
0.12603648185729982,0.6666664915922249,0.8854376605413949
0.04191176414489746,0.6666664915922249,0.8854376605413949
0.06425293445587159,0.703703664798272,0.8868207864058486
0.06979113578796386,0.703703664798272,0.8860699466508595
0.06782253742218018,0.62962958099784,0.8856352499506026
0.08077709197998047,0.703703664798272,0.8850424817229796
0.1065989875793457,0.7407405753926568,0.8913258249357834
0.06894790649414062,0.7407405753926568,0.8937364157281169
0.06880733966827393,0.703703664798272,0.8939340051373246
0.06687085151672363,0.703703664798272,0.8938549693736415
0.06785714149475097,0.7407405753926568,0.8938549693736415
0.06584992408752441,0.7407405753926568,0.892629915036554
0.0668367338180542,0.703703664798272,0.8935388263189092
0.06732263088226319,0.703703664798272,0.892708950800237
0,0.703703664798272,0.892708950800237
0.06822810649871826,0.7407405753926568,0.892708950800237
0.06530612468719482,0.703703664798272,0.8927484686820786
0.06734694004058837,0.703703664798272,0.8915629322268326
0.06581632614135742,0.703703664798272,0.8929460580912862
0.06371049880981446,0.703703664798272,0.890930646117368
0.057113718986511235,0.703703664798272,0.890930646117368
0.12352941513061523,0.7407405753926568,0.8910096818810511
0.05617283821105957,0.703703664798272,0.8910491997628927
0.06523955345153809,0.703703664798272,0.8910887176447342
0.06687085151672363,0.703703664798272,0.8898636633076467
0.06676860332489014,0.703703664798272,0.8904959494171112
0.0668367338180542,0.703703664798272,0.8904959494171112
0.06625892162322998,0.703703664798272,0.8906540209444773
0.07485875606536865,0.703703664798272,0.890930646117368
0.06309904098510742,0.7407405753926568,0.8901798063623789
0.0648289966583252,0.703703664798272,0.8897055917802805
0.06680264949798584,0.703703664798272,0.888480537443193
0.06540623188018799,0.703703664798272,0.8874135546334716
0.06822810649871826,0.703703664798272,0.8850029638411381
0.06527281761169433,0.703703664798272,0.8850029638411381
0.06789178371429444,0.703703664798272,0.8861489824145425
0.06527281761169433,0.7407405753926568,0.8859118751234933
0.06826286315917969,0.703703664798272,0.8859118751234933
0.06629270553588867,0.703703664798272,0.8859513930053349
0.06690500736236572,0.703703664798272,0.8847658565500889
0.06527281761169433,0.703703664798272,0.8823157478759138
0.06390748500823974,0.703703664798272,0.8823552657577554
0.08805031776428222,0.703703664798272,0.8823552657577554
0.06581632614135742,0.703703664798272,0.8824343015214384
0.05765305995941162,0.7407405753926568,0.8776921557004544
0.062244896888732915,0.703703664798272,0.8776921557004544
0.0663942813873291,0.703703664798272,0.8776921557004544
0.06527281761169433,0.703703664798272,0.8776921557004544
0.06833248138427735,0.703703664798272,0.8764671013633669
0.2745098114013672,0.703703664798272,0.8771784232365145
0.06082852840423584,0.703703664798272,0.875953368899427
0.06836734771728516,0.703703664798272,0.8762695119541593
0.06782253742218018,0.703703664798272,0.8763090298360008
0.06836734771728516,0.7407405753926568,0.8763485477178423
0.06734694004058837,0.703703664798272,0.8754396364354871
0.06829765319824219,0.703703664798272,0.8754396364354871
0.021479713916778564,0.703703664798272,0.8754791543173286
0.08041504859924317,0.703703664798272,0.8754791543173286
0.06935236930847168,0.703703664798272,0.8754791543173286
0.06629270553588867,0.7777777485987043,0.8754791543173286
0.06680264949798584,0.7407405753926568,0.8744912072712903
0.06581632614135742,0.7407405753926568,0.8744912072712903
0.06778797149658203,0.7777777485987043,0.8745702430349733
0.03544303894042969,0.703703664798272,0.8738984390436673
0.08547008514404297,0.7777777485987043,0.8738984390436673
0.067312593460083,0.703703664798272,0.8727524204702628
0.06680264949798584,0.7407405753926568,0.8728314562339459
0.06727828979492188,0.703703664798272,0.8716854376605414
0.06431852817535401,0.7777777485987043,0.8717644734242245
0.04815133094787598,0.703703664798272,0.8719225449515906
0.11349306106567383,0.7777777485987043,0.6163604030823948
0.07292197704315186,0.703703664798272,0.8732266350523612
0.06891271114349365,0.7407405753926568,0.8724362774155305
0.06741572856903076,0.7407405753926568,0.872396759533689
0.06782253742218018,0.703703664798272,0.8724362774155305
0.06578276157379151,0.7407405753926568,0.8724362774155305
0.06829765319824219,0.703703664798272,0.8724362774155305
0.06673459053039552,0.7407405753926568,0.8726733847065797
0.053113551139831544,0.703703664798272,0.868168346176645
0.07355020999908447,0.703703664798272,0.8697095435684647
0.06734694004058837,0.7407405753926568,0.8673779885398143
0.06778797149658203,0.703703664798272,0.8663505236119344
0.06629270553588867,0.7407405753926568,0.866469077257459
0.06826286315917969,0.7407405753926568,0.8643351116380162
0.0663265323638916,0.7777777485987043,0.8629915036554041
0.0630434799194336,0.7407405753926568,0.863426200355661
0.07471264362335205,0.7407405753926568,0.863426200355661
0.06778797149658203,0.7777777485987043,0.863426200355661
0.06734694004058837,0.7777777485987043,0.8635842718830271
0.0653394603729248,0.7777777485987043,0.8626753606006718
0.06829765319824219,0.7777777485987043,0.8636237897648686
0.0663265323638916,0.7777777485987043,0.8620035566093658
0.06152647972106934,0.7407405753926568,0.8620035566093658
0.07988165855407715,0.7777777485987043,0.8620825923730489
0.05714285850524903,0.703703664798272,0.8623987354277811
0.06520631790161133,0.703703664798272,0.8601462161628137
0.0668367338180542,0.7777777485987043,0.860462359217546
0.06734694004058837,0.7777777485987043,0.8587235724165185
0.06530612468719482,0.7407405753926568,0.8576961074886387
0.07915407657623291,0.7407405753926568,0.8590397154712508
0.009836065769195558,0.7777777485987043,0.8590397154712508
0.06625892162322998,0.7407405753926568,0.8566686425607588
0.06833248138427735,0.703703664798272,0.8568267140881249
0.06584992408752441,0.7407405753926568,0.8569452677336495
0.06782253742218018,0.7777777485987043,0.8570243034973326
0.06625892162322998,0.703703664798272,0.8557992491602451
0.06833248138427735,0.7407405753926568,0.8545741948231576
0.10465116500854492,0.7407405753926568,0.8545741948231576
0.05941176414489746,0.7407405753926568,0.8548508199960483
0.06880733966827393,0.7777777485987043,0.8524007113218732
0.06778797149658203,0.7407405753926568,0.8525587828492394
0.06741572856903076,0.7777777485987043,0.8516103536850426
0.067312593460083,0.703703664798272,0.850385299347955
0.06887754917144776,0.7777777485987043,0.849199762892709
0.07006369590759277,0.7777777485987043,0.8493183165382336
0.06395786285400391,0.7777777485987043,0.8485674767832445
0.07080998420715333,0.7777777485987043,0.8480932622011461
0.06636038780212403,0.703703664798272,0.8480932622011461
0.06578276157379151,0.7777777485987043,0.8482513337285122
0.05714285850524903,0.7777777485987043,0.8476190476190477
0.06884242534637451,0.7407405753926568,0.8453270104722388
0.0832497501373291,0.7777777485987043,0.8442205097806759
0.05388600826263428,0.7777777485987043,0.8442205097806759
0.06938775539398194,0.7777777485987043,0.8442600276625174
0.06625892162322998,0.7777777485987043,0.8444971349535666
0.06734694004058837,0.7777777485987043,0.8444971349535666
0.06629270553588867,0.7777777485987043,0.8444971349535666
0.06833248138427735,0.7777777485987043,0.8445366528354081
0.06359649181365967,0.7777777485987043,0.8447342422446158
0.07407407283782959,0.7777777485987043,0.8447342422446158
0.06840224742889404,0.7407405753926568,0.8435882236712113
0.06673459053039552,0.7777777485987043,0.8438648488441021
0.06738131523132325,0.7777777485987043,0.8427583481525391
0.06578276157379151,0.8148146591930887,0.8427583481525391
0.06928171157836914,0.7777777485987043,0.8403872752420471
0.06095457077026367,0.7777777485987043,0.8394388460778504
0.11210762023925781,0.7777777485987043,0.8394388460778504
0.06884242534637451,0.7777777485987043,0.8397945070144242
0.0668367338180542,0.7777777485987043,0.8385694526773366
0.06826286315917969,0.8148146591930887,0.8387275242047028
0.036437246799469,0.7777777485987043,0.8387275242047028
0.1235584831237793,0.8518518323991362,0.8420865441612331
0.06836734771728516,0.7777777485987043,0.8406243825330963
0.06775343894958497,0.7777777485987043,0.8406243825330963
0.0576236629486084,0.7777777485987043,0.839557399723375
0.06527281761169433,0.8148146591930887,0.8405058288875717
0.06931702136993409,0.7777777485987043,0.8405058288875717
0.06771893978118897,0.7777777485987043,0.8394783639596919
0.07252162456512451,0.7777777485987043,0.8385299347954951
0.058695650100708006,0.7777777485987043,0.8385299347954951
0.06537282943725586,0.7777777485987043,0.8373048804584076
0.06931702136993409,0.7777777485987043,0.8375419877494568
0.06584992408752441,0.7777777485987043,0.8375419877494568
0.06877228736877442,0.7777777485987043,0.8358032009484293
0.06537282943725586,0.7777777485987043,0.835408022130014
0.07062600135803222,0.7777777485987043,0.8356056115392216
0.0326086950302124,0.7777777485987043,0.8356056115392216
0.0668367338180542,0.7777777485987043,0.8344991108476587
0.06928171157836914,0.7777777485987043,0.8346176644931833
0.0663265323638916,0.7777777485987043,0.8346571823750248
0.06993363857269287,0.7777777485987043,0.8312981624184945
0.06680264949798584,0.8148146591930887,0.8313771981821776
0.06880733966827393,0.7777777485987043,0.8290061252716856
0.08664259910583497,0.7777777485987043,0.8290061252716856
0.0625,0.8148146591930887,0.8290061252716856
0.06887754917144776,0.7777777485987043,0.8290456431535271
0.0653394603729248,0.8148146591930887,0.8281762497530134
0.06880733966827393,0.7777777485987043,0.8282157676348549
0.05723045349121094,0.7777777485987043,0.828294803398538
0.06520631790161133,0.7407405753926568,0.8284133570440626
0.09241705894470215,0.8148146591930887,0.8284528749259041
0.04830053806304932,0.7777777485987043,0.8262003556609367
0.06935236930847168,0.7777777485987043,0.8262398735427783
0.06540623188018799,0.7777777485987043,0.8263189093064613
0.06829765319824219,0.7777777485987043,0.826437462951986
0.06636038780212403,0.7777777485987043,0.8254099980241061
0.06782253742218018,0.7777777485987043,0.8244615688599093
0.08731466293334961,0.8148146591930887,0.8244615688599093
0.03609625577926636,0.7777777485987043,0.8244615688599093
0.06986231327056885,0.7777777485987043,0.8234341039320294
0.06680264949798584,0.7777777485987043,0.823552657577554
0.06928171157836914,0.8148146591930887,0.8224461568859911
0.06676860332489014,0.7777777485987043,0.8224856747678326
0.06884242534637451,0.7777777485987043,0.8225251926496742
0.06822488784790039,0.8148146591930887,0.8225647105315157
0.06842105388641358,0.8148146591930887,0.8225647105315157
0.06935236930847168,0.8148146591930887,0.8201146018573402
0.067312593460083,0.7777777485987043,0.8184153329381543
0.06792645454406739,0.8148146591930887,0.8160442600276623
0.06724401473999024,0.8148146591930887,0.8161628136731869
0.06979113578796386,0.8148146591930887,0.8162023315550284
0.06711065769195557,0.8148146591930887,0.8152539023908316
0,0.8148146591930887,0.8152539023908316
0.06377551078796387,0.7777777485987043,0.8153724560363562
0.05960264682769775,0.7777777485987043,0.8129618652440227
0.06836734771728516,0.7777777485987043,0.8129618652440227
0.06629270553588867,0.7777777485987043,0.8130409010077058
0.06833248138427735,0.7777777485987043,0.8133965619442796
0.06873727321624756,0.7777777485987043,0.8124481327800828
0.075,0.8148146591930887,0.8124481327800828
0.06808244705200195,0.8148146591930887,0.8124481327800828
0.06826286315917969,0.7777777485987043,0.8124876506619243
0.16025640487670897,0.8148146591930887,0.8124876506619243
0.08883953094482422,0.7777777485987043,0.8150958308634655
0.06789178371429444,0.8518518323991362,0.813870776526378
0.06792645454406739,0.8148146591930887,0.8122110254890336
0.06687085151672363,0.7777777485987043,0.8122505433708751
0.06942317485809327,0.8148146591930887,0.8123690970163997
0.06829765319824219,0.7777777485987043,0.8112625963248368
0.06833248138427735,0.8148146591930887,0.8120134360798259
0.06738131523132325,0.8148146591930887,0.8126457221892904
0.0625,0.7777777485987043,0.812764275834815
0.07523809432983398,0.7777777485987043,0.812764275834815
0.06734694004058837,0.7777777485987043,0.8140683659355856
0.06986231327056885,0.8148146591930887,0.8141078838174272
0.06877228736877442,0.8148146591930887,0.8143054732266348
0.06789178371429444,0.8518518323991362,0.8126457221892904
0.06422018527984619,0.8148146591930887,0.812171507607192
0.07242990493774414,0.7777777485987043,0.8134360798261211
0.039823009967803955,0.8148146591930887,0.8134755977079626
0.06921119689941406,0.7777777485987043,0.8110254890337876
0.07033638954162598,0.8148146591930887,0.8111045247974706
0.06738131523132325,0.8148146591930887,0.8111835605611537
0.06880733966827393,0.8148146591930887,0.8116577751432521
0.06687085151672363,0.8148146591930887,0.8116577751432521
0.08004851341247558,0.7777777485987043,0.8096423631693339
0.006451612710952759,0.7777777485987043,0.8096423631693339
0.06829765319824219,0.8148146591930887,0.8108674175064214
0.06887754917144776,0.7777777485987043,0.8108674175064214
0.06829765319824219,0.8148146591930887,0.81031416716064
0.07026476383209229,0.8148146591930887,0.807429361786208
0.06778797149658203,0.8148146591930887,0.8074688796680496
0.06840224742889404,0.8148146591930887,0.8076664690772573
0.11023622512817383,0.8518518323991362,0.8078245406046234
0.06213364601135254,0.7777777485987043,0.8078245406046234
0.06785714149475097,0.8148146591930887,0.8078245406046234
0.06741572856903076,0.8148146591930887,0.8070341829677927
0.06836734771728516,0.8518518323991362,0.8071922544951589
0.06782253742218018,0.8148146591930887,0.8073108081406835
0.06789178371429444,0.8148146591930887,0.8062043074491205
0.08520900726318359,0.8518518323991362,0.8050187709938745
0.05983545303344727,0.8148146591930887,0.8050187709938745
0.06479591846466065,0.8518518323991362,0.8040308239478362
0.05870341777801514,0.7777777485987043,0.8028452874925902
0.06928171157836914,0.7777777485987043,0.8016202331555027
0.06741572856903076,0.7777777485987043,0.8017783046828688
0.06877228736877442,0.7777777485987043,0.8018178225647103
0.08467741966247559,0.8148146591930887,0.8020549298557595
0.05165289402008057,0.7777777485987043,0.8020549298557595
0.06887754917144776,0.8148146591930887,0.8020549298557595
0.06884242534637451,0.8148146591930887,0.7999604821181583
0.06928171157836914,0.7777777485987043,0.7999604821181583
0.06884242534637451,0.7777777485987043,0.8002766251728906
0.06880733966827393,0.8148146591930887,0.797866034380557
0.0764143991470337,0.8148146591930887,0.7920173878680101
0.04849498271942139,0.8148146591930887,0.791266548113021
0.06884242534637451,0.7777777485987043,0.7907923335309226
0.06843718051910401,0.7777777485987043,0.7897253507212012
0.06931702136993409,0.7777777485987043,0.7898439043667258
0.06785714149475097,0.8148146591930887,0.7898834222485673
0.06884242534637451,0.7777777485987043,0.7898834222485673
0.06846473217010499,0.8148146591930887,0.790081011657775
0.0625,0.8148146591930887,0.790081011657775
0.06785714149475097,0.8148146591930887,0.7888559573206875
0.06843718051910401,0.8148146591930887,0.7911875123493379
0.06833248138427735,0.8518518323991362,0.7913455838767041
0.06527281761169433,0.8148146591930887,0.7914246196403871
0.05909322261810303,0.8148146591930887,0.7914246196403871
0.06931702136993409,0.8148146591930887,0.7877494566291245
0.1424332332611084,0.8148146591930887,0.7877494566291245
0.05292307853698731,0.7777777485987043,0.7885793321477967
0.06894790649414062,0.7777777485987043,0.7889745109662121
0.10416666984558105,0.8518518323991362,0.7889745109662121
0.0873080062866211,0.8148146591930887,0.7879470460383322
0.06891271114349365,0.8148146591930887,0.7888559573206875
0.06989795684814454,0.8148146591930887,0.7924125666864255
0.07033638954162598,0.8148146591930887,0.7926101560956331
0.06833248138427735,0.7777777485987043,0.7926101560956331
0.06935236930847168,0.7777777485987043,0.7907528156490811
0.06840224742889404,0.7777777485987043,0.7907923335309226
0.07033638954162598,0.7777777485987043,0.7895672791938351
0.09333333015441894,0.8148146591930887,0.7895672791938351
0.06566265106201172,0.7777777485987043,0.7895672791938351
0.06935236930847168,0.7777777485987043,0.7884607785022721
0.06928171157836914,0.8148146591930887,0.7884607785022721
0.06891271114349365,0.7777777485987043,0.7887769215570044
0.06982670783996582,0.8148146591930887,0.7889349930843705
0.06789178371429444,0.8148146591930887,0.7891721003754197
0.08083832740783692,0.8148146591930887,0.7892116182572613
0.06269350051879882,0.7777777485987043,0.7892116182572613
0.06836734771728516,0.8148146591930887,0.7892906540209443
0.06384065151214599,0.7777777485987043,0.7880655996838568
0.06065239429473877,0.7777777485987043,0.7880655996838568
0.06935236930847168,0.8148146591930887,0.7881446354475399
0.06880733966827393,0.8148146591930887,0.7881446354475399
0.08477842330932617,0.7777777485987043,0.7871566884015015
0.05206073760986328,0.7777777485987043,0.7871566884015015
0.07026476383209229,0.7777777485987043,0.7875123493380753
0.06884242534637451,0.7777777485987043,0.7875123493380753
0.07084607601165771,0.8148146591930887,0.7862872950009878
0.06833248138427735,0.8148146591930887,0.7862872950009878
0.06982670783996582,0.7777777485987043,0.7863268128828294
0.07806955337524414,0.7777777485987043,0.7851017585457418
0.04891304492950439,0.7777777485987043,0.7851017585457418
0.06931702136993409,0.8518518323991362,0.7828097213989329
0.06792645454406739,0.8148146591930887,0.7818612922347361
0.07033638954162598,0.7777777485987043,0.7820193637621022
0.06789178371429444,0.8148146591930887,0.7812685240071131
0.06785714149475097,0.8148146591930887,0.7815451491800038
0.06891271114349365,0.8148146591930887,0.7806757557794901
0,0.8148146591930887,0.779924916024501
0.06970784187316895,0.7777777485987043,0.7783442007508397
0.06741572856903076,0.7777777485987043,0.7783837186326812
0.06938775539398194,0.8518518323991362,0.7771586642955937
0.06792645454406739,0.8148146591930887,0.7760126457221892
0.0632008171081543,0.7777777485987043,0.7729302509385496
0.0621814489364624,0.7777777485987043,0.7727721794111835
0.1421052646636963,0.8148146591930887,0.7728512151748665
0.05189873218536377,0.7777777485987043,0.7728512151748665
0.06887754917144776,0.7777777485987043,0.7707567674372653
0.06891271114349365,0.8148146591930887,0.7696107488638608
0.06789178371429444,0.8148146591930887,0.7697293025093854
0.06792645454406739,0.7777777485987043,0.7675163011262596
0.06833248138427735,0.7777777485987043,0.7676348547717842
0.10800000190734864,0.7777777485987043,0.7676348547717842
0.043910522460937504,0.7777777485987043,0.7676348547717842
0.06928171157836914,0.8518518323991362,0.7676743726536257
0.06938775539398194,0.7777777485987043,0.7676743726536257
0.06982670783996582,0.8148146591930887,0.7676743726536257
0.06836734771728516,0.7777777485987043,0.7677534084173088
0.06884242534637451,0.7777777485987043,0.766884015016795
0.05714285850524903,0.7777777485987043,0.7671606401896858
0.08452381134033203,0.8148146591930887,0.7660541394981228
0.06887754917144776,0.7777777485987043,0.7648686030428768
0.07033638954162598,0.8148146591930887,0.7648686030428768
0.06935236930847168,0.8148146591930887,0.7636435487057893
0.055444221496582034,0.7777777485987043,0.7626951195415925
0.11231101036071778,0.7777777485987043,0.7626951195415925
0.09453245162963868,0.8148146591930887,0.8046235921754592
0.06935236930847168,0.7777777485987043,0.8046235921754592
0.06221315860748291,0.7777777485987043,0.8022525192649672
0.06479591846466065,0.7777777485987043,0.8001975894092075
0.06986231327056885,0.7777777485987043,0.800237107291049
0.07030055999755859,0.7777777485987043,0.8003556609365736
0.06891271114349365,0.7777777485987043,0.7994467496542184
0.08497245788574219,0.8148146591930887,0.798379766844497
0.03924418687820435,0.7777777485987043,0.798379766844497
0.06938775539398194,0.7777777485987043,0.7985378383718631
0.07040816307067871,0.7777777485987043,0.7985773562537046
0.06979113578796386,0.7777777485987043,0.7986168741355462
0.06840224742889404,0.8148146591930887,0.7988144635447538
0.06986231327056885,0.8148146591930887,0.7988934993084369
0.07411444187164307,0.7777777485987043,0.7988934993084369
0,0.7777777485987043,0.7988934993084369
0.06887754917144776,0.7777777485987043,0.7990910887176446
0.07088220119476318,0.8518518323991362,0.7992886781268522
0.06894790649414062,0.7777777485987043,0.7973127840347756
0.06931702136993409,0.8148146591930887,0.7969176052163602
0.06986231327056885,0.8148146591930887,0.7935585852598299
0.06942317485809327,0.8148146591930887,0.7923335309227424
0.012244898080825807,0.8148146591930887,0.7923335309227424
0.07862550735473633,0.7777777485987043,0.7912270302311795
0.06942317485809327,0.8148146591930887,0.791266548113021
0.06938775539398194,0.7777777485987043,0.791266548113021
0.057113718986511235,0.7777777485987043,0.7890535467298951
0.06931702136993409,0.7777777485987043,0.7895277613119935
0.06982670783996582,0.7777777485987043,0.7895277613119935
0.08943089485168457,0.8148146591930887,0.7896067970756766
0.06096654415130615,0.7777777485987043,0.7871566884015015
0.06891271114349365,0.7777777485987043,0.7873937956925507
0.06942317485809327,0.8148146591930887,0.7873937956925507
0.0717192268371582,0.7777777485987043,0.7861687413554632
0.06840224742889404,0.7777777485987043,0.7837186326812882
0.06843718051910401,0.7777777485987043,0.7837186326812882
0.08130081176757813,0.8148146591930887,0.7837186326812882
0.05641025543212891,0.7777777485987043,0.7812685240071131
0.06891271114349365,0.7777777485987043,0.78170322070737
0.06986231327056885,0.7777777485987043,0.7808733451886978
0.06938775539398194,0.8148146591930887,0.7809918988342224
0.06942317485809327,0.7777777485987043,0.7812290061252716
0.06979113578796386,0.7777777485987043,0.7787788974510965
0.04726735591888428,0.7777777485987043,0.778818415332938
0.12046204566955566,0.8148146591930887,0.778818415332938
0.06938775539398194,0.8148146591930887,0.7788974510966211
0.07128309726715087,0.8148146591930887,0.7789369689784627
0.06894790649414062,0.8148146591930887,0.7792135941513534
0.06982670783996582,0.8148146591930887,0.7781861292234735
0.0668367338180542,0.8148146591930887,0.7783046828689981
0.053302431106567384,0.7777777485987043,0.7783046828689981
0.11016948699951172,0.7777777485987043,0.7783046828689981
0.06840224742889404,0.8148146591930887,0.7783046828689981
0.06884242534637451,0.7777777485987043,0.7783046828689981
0.06931702136993409,0.7777777485987043,0.7783837186326812
0.06840224742889404,0.7407405753926568,0.7771981821774352
0.06836734771728516,0.7777777485987043,0.7772772179411183
0.06785714149475097,0.7777777485987043,0.7766054139498122
0.04281345367431641,0.7777777485987043,0.7766449318316537
0.07352941036224366,0.8148146591930887,0.7741948231574787
0.06613756656646728,0.7777777485987043,0.7730883224659157
0.1714285659790039,0.7777777485987043,0.7730883224659157
0.09637939453125,0.7777777485987043,0.7625370480142264
0.06979113578796386,0.7777777485987043,0.7591385101758545
0.06884242534637451,0.7777777485987043,0.7582295988934993
0.06887754917144776,0.7777777485987043,0.7582691167753408
0.06833248138427735,0.8148146591930887,0.7561746690377396
0.07095457077026367,0.8148146591930887,0.7562141869195811
0.07033638954162598,0.7777777485987043,0.7550286504643351
0.06671899318695068,0.7777777485987043,0.7539221497727722
0.07982583522796631,0.7777777485987043,0.7540011855364552
0.07040816307067871,0.8148146591930887,0.7528551669630508
0.06986231327056885,0.7777777485987043,0.7528946848448923
0.07131940841674805,0.8148146591930887,0.753171310017783
0.0632008171081543,0.7777777485987043,0.7513534874530725
0.06622516632080078,0.7777777485987043,0.7513534874530725
0.07508161067962647,0.7777777485987043,0.7514325232167556
0.008130081295967102,0.7777777485987043,0.7514325232167556
0.06942317485809327,0.7777777485987043,0.7442402687215965
0.07033638954162598,0.7777777485987043,0.7442402687215965
0.07040816307067871,0.7777777485987043,0.7443983402489627
0.07131940841674805,0.8148146591930887,0.7443983402489627
0.07084607601165771,0.7777777485987043,0.7431732859118751
0.07084607601165771,0.7777777485987043,0.743528946848449
0.11382113456726074,0.8518518323991362,0.743528946848449
0.06417736053466797,0.8148146591930887,0.743528946848449
0.07037225723266602,0.7777777485987043,0.7435684647302905
0.06986231327056885,0.8148146591930887,0.7423829282750445
0.07135575771331787,0.7777777485987043,0.7415135348745308
0.06894790649414062,0.7777777485987043,0.7416320885200554
0.07084607601165771,0.7777777485987043,0.7416320885200554
0.04715446949005127,0.7777777485987043,0.7416320885200554
0.08098068237304688,0.7777777485987043,0.7419087136929461
0.06945863246917724,0.7777777485987043,0.7407231772377001
0.06942317485809327,0.7777777485987043,0.7407626951195416
0.0709183692932129,0.8148146591930887,0.7408812487650662
0.07080998420715333,0.7777777485987043,0.7408812487650662
0.06887754917144776,0.8148146591930887,0.7409998024105908
0.060913705825805665,0.8148146591930887,0.7397747480735033
0.05840163707733154,0.7777777485987043,0.7397747480735033
0.06938775539398194,0.7777777485987043,0.7398537838371864
0.06989795684814454,0.7777777485987043,0.7398537838371864
0.07048007965087891,0.7777777485987043,0.7375222288085359
0.06986231327056885,0.7777777485987043,0.7380359612724758
0.07131940841674805,0.7777777485987043,0.7373246393993282
0.0723781394958496,0.7777777485987043,0.7369689784627544
0.07084019660949707,0.7777777485987043,0.7369689784627544
0.06942317485809327,0.8148146591930887,0.7357439241256669
0.07037225723266602,0.7777777485987043,0.735901995653033
0.0709183692932129,0.8518518323991362,0.735901995653033
0.06942317485809327,0.7777777485987043,0.7351906737798855
0.06938775539398194,0.7777777485987043,0.734716459197787
0.06333527088165283,0.8148146591930887,0.7328196008693935
0.11440677642822265,0.7777777485987043,0.7328196008693935
0.06938775539398194,0.7777777485987043,0.732859118751235
0.07026476383209229,0.7777777485987043,0.731673582295989
0.06938775539398194,0.7777777485987043,0.7304485279589015
0.06891271114349365,0.7777777485987043,0.7293815451491801
0.06836734771728516,0.7777777485987043,0.7295791345583877
0.06887754917144776,0.8148146591930887,0.728630705394191
0.0637915563583374,0.8148146591930887,0.728630705394191
0.07556080341339111,0.7777777485987043,0.7288282948033986
0.06026557922363281,0.7777777485987043,0.7277217941118357
0.06472986698150635,0.7777777485987043,0.7277217941118357
0.06785714149475097,0.7777777485987043,0.7266943291839558
0.06938775539398194,0.7777777485987043,0.7267338470657974
0.07175572395324707,0.7777777485987043,0.7235724165184747
0.07494935989379883,0.7777777485987043,0.7235724165184747
0.058333334922790525,0.7777777485987043,0.7235724165184747
0.07080998420715333,0.7777777485987043,0.7235724165184747
0.07044410228729248,0.703703664798272,0.7225054337087533
0.06986231327056885,0.8148146591930887,0.7225054337087533
0.07088220119476318,0.7777777485987043,0.7225449515905948
0.08695652008056641,0.7777777485987043,0.7225449515905948
0.09442060470581055,0.8518518323991362,0.7256273463742344
0.07527975559234619,0.8148146591930887,0.7228215767634856
0.07299642562866211,0.7777777485987043,0.7240861489824146
0.07193877696990968,0.7777777485987043,0.7231772377000594
0.06945863246917724,0.7777777485987043,0.723374827109267
0.0709183692932129,0.7777777485987043,0.723374827109267
0.07186544418334961,0.7777777485987043,0.7234933807547916
0.06993363857269287,0.7777777485987043,0.7235328986366332
0.06542810916900635,0.7777777485987043,0.7235328986366332
0.08298755645751953,0.7777777485987043,0.7235328986366332
0.07099080562591553,0.8148146591930887,0.7228215767634856
0.06829765319824219,0.7777777485987043,0.7223473621813872
0.060173382759094236,0.7777777485987043,0.7224263979450702
0.07088220119476318,0.7777777485987043,0.7214779687808734
0.06993363857269287,0.7777777485987043,0.7204505038529936
0.07269700527191163,0.7777777485987043,0.7204900217348351
0.05625,0.7777777485987043,0.7204900217348351
0.07142857074737549,0.7777777485987043,0.7204900217348351
0.07088220119476318,0.8148146591930887,0.7205295396166767
0.06942317485809327,0.7777777485987043,0.719818217743529
0.07139214515686035,0.7777777485987043,0.7198972535072121
0.06942317485809327,0.8518518323991362,0.7177237700059278
0.07084607601165771,0.7777777485987043,0.7178423236514524
0.004761904776096344,0.7777777485987043,0.7180003951788185
0.07899255752563476,0.7777777485987043,0.7189488243430153
0.07088220119476318,0.7777777485987043,0.7184746097609169
0.0709183692932129,0.7777777485987043,0.7185141276427585
0.07135575771331787,0.7777777485987043,0.7160640189685834
0.06847215175628663,0.7777777485987043,0.7160640189685834
0.06745018005371094,0.7777777485987043,0.7153526970954358
0.06185566902160645,0.7777777485987043,0.7153526970954358
0.07262164115905761,0.7777777485987043,0.714325232167556
0.06836734771728516,0.7777777485987043,0.7131792135941515
0.06938775539398194,0.7777777485987043,0.713218731475993
0.06931702136993409,0.7777777485987043,0.7132582493578346
0.05765305995941162,0.7777777485987043,0.712033195020747
0.06778797149658203,0.703703664798272,0.7109266943291841
0.08832807540893554,0.7777777485987043,0.7097016399920966
0.05830039501190186,0.7777777485987043,0.7097016399920966
0.07040816307067871,0.8148146591930887,0.7098201936376212
0.07088220119476318,0.7777777485987043,0.7090298360007905
0.07040816307067871,0.7407405753926568,0.7078442995455445
0.07040816307067871,0.7777777485987043,0.7079233353092276
0.06945863246917724,0.7777777485987043,0.7079233353092276
0.08333333015441895,0.7777777485987043,0.7080418889547522
0.04680187225341797,0.7777777485987043,0.7080418889547522
0.0709183692932129,0.7407405753926568,0.7068168346176646
0.07088220119476318,0.7777777485987043,0.7046828689982219
0.07135575771331787,0.7777777485987043,0.7035763683066589
0.07135575771331787,0.7777777485987043,0.7023908318514129
0.0723382568359375,0.7777777485987043,0.7024303497332545
0.07374005317687989,0.8148146591930887,0.7026674570243037
0.013157894611358642,0.7777777485987043,0.7017190278601069
0.07186544418334961,0.7777777485987043,0.699426990713298
0.0723014259338379,0.7777777485987043,0.699426990713298
0.0709183692932129,0.7777777485987043,0.6983995257854176
0.0709183692932129,0.7777777485987043,0.6973720608575378
0.07037225723266602,0.7777777485987043,0.6988342224856745
0.06527281761169433,0.7777777485987043,0.6977672396759531
0.10169491767883301,0.7777777485987043,0.6977672396759531
0.059952039718627934,0.7777777485987043,0.6977672396759531
0.06989795684814454,0.7777777485987043,0.6954752025291442
0.07186544418334961,0.7777777485987043,0.6944872554831059
0.07135575771331787,0.7777777485987043,0.6934993084370675
0.06993363857269287,0.7407405753926568,0.6923532898636631
0.014440432786941529,0.7777777485987043,0.6923532898636631
0.11223278045654297,0.7777777485987043,0.6965421853388656
0.07339449405670166,0.7777777485987043,0.6969373641572809
0.07135575771331787,0.7777777485987043,0.695830863465718
0.07095457077026367,0.7777777485987043,0.6946848448923135
0.0709183692932129,0.7777777485987043,0.6936178620825921
0.06938775539398194,0.7777777485987043,0.6936178620825921
0.06884242534637451,0.7777777485987043,0.6936178620825921
0.06826178550720215,0.7777777485987043,0.6924323256273461
0.07262569904327393,0.7777777485987043,0.6925508792728707
0.06843718051910401,0.7777777485987043,0.6927879865639199
0.06884242534637451,0.7777777485987043,0.6915629322268324
0.07030055999755859,0.7777777485987043,0.6903378778897449
0.10997442245483399,0.8148146591930887,0.6753210827899623
0.35237125396728514,0.9629628267939525,0.9284726338668245
0.06670372486114502,0.8148146591930887,0.9545544358822369
0.15882352828979493,0.8148146591930887,0.9617071724955544
0.06738131523132325,0.8148146591930887,0.9638016202331556
0.06029637336730957,0.7777777485987043,0.9642363169334125
0.0723382568359375,0.7777777485987043,0.9633669235328988
0.07193877696990968,0.7777777485987043,0.9634854771784234
0.07088220119476318,0.7777777485987043,0.9622999407231774
0.07099080562591553,0.7777777485987043,0.9622999407231774
0.06435643672943116,0.7777777485987043,0.9622999407231774
0.07228229999542236,0.8148146591930887,0.962418494368702
0.07142857074737549,0.7777777485987043,0.9624580122505435
0.07139214515686035,0.7777777485987043,0.9627346374234342
0.07044410228729248,0.7777777485987043,0.9627346374234342
0.07135575771331787,0.7777777485987043,0.9627741553052758
0.07197549819946289,0.7777777485987043,0.9627741553052758
0.05069930076599121,0.7777777485987043,0.9628531910689588
0.07930785655975342,0.7777777485987043,0.9628531910689588
0.0723382568359375,0.7777777485987043,0.9621023513139697
0.07142857074737549,0.7777777485987043,0.9616676546137128
0.07139214515686035,0.7777777485987043,0.961904761904762
0.0709183692932129,0.7777777485987043,0.9610748863860898
0.07292197704315186,0.7777777485987043,0.9610748863860898
0.0573857593536377,0.7777777485987043,0.9611539221497729
0.08521058082580567,0.7777777485987043,0.9611539221497729
0.07237512588500977,0.7777777485987043,0.9611539221497729
0.06782253742218018,0.7777777485987043,0.961311993677139
0.0566615629196167,0.7777777485987043,0.960126457221893
0.06840224742889404,0.7407405753926568,0.9605216360403084
0.07131940841674805,0.7777777485987043,0.9606006718039914
0.0792682933807373,0.7777777485987043,0.9606797075676745
0.05521472454071045,0.7777777485987043,0.9606797075676745
0.06979113578796386,0.7777777485987043,0.9607587433313576
0.07142857074737549,0.7777777485987043,0.9607982612131991
0.07241203308105469,0.7777777485987043,0.9608377790950406
0.07088220119476318,0.7407405753926568,0.9599288678126854
0.07099080562591553,0.7777777485987043,0.9599683856945269
0.09385113716125489,0.7777777485987043,0.9599683856945269
0.09939393997192383,0.7777777485987043,0.9681881051175658
0.07193877696990968,0.7777777485987043,0.9683066587630904
0.07237512588500977,0.7777777485987043,0.9673582295988936
0.07193877696990968,0.7777777485987043,0.9675163011262597
0.07193877696990968,0.7777777485987043,0.9675163011262597
0.07244897842407226,0.7777777485987043,0.968425212408615
0.0728848123550415,0.7777777485987043,0.9685042481722981
0.061062650680541994,0.703703664798272,0.9687018375815057
0.09312320709228515,0.7777777485987043,0.9687018375815057
0.07426246166229249,0.7777777485987043,0.9675953368899428
0.07292197704315186,0.7777777485987043,0.9676743726536259
0.07142857074737549,0.7777777485987043,0.9677138905354674
0.0591534948348999,0.7777777485987043,0.9677138905354674
0.07197549819946289,0.7777777485987043,0.9677138905354674
0.06813996315002442,0.7777777485987043,0.967832444180992
0.0878787899017334,0.7777777485987043,0.967832444180992
0.07095457077026367,0.8148146591930887,0.9678719620628335
0.07146503448486329,0.7777777485987043,0.9680695514720412
0.06996935844421387,0.7777777485987043,0.9680695514720412
0.06938775539398194,0.7777777485987043,0.9659355858525984
0.06891271114349365,0.7777777485987043,0.9661726931436476
0.06891271114349365,0.7777777485987043,0.9662122110254892
0.275,0.7777777485987043,0.9654613712705
0.06465067863464355,0.7777777485987043,0.9650266745702432
0.06993363857269287,0.7777777485987043,0.9617466903773959
0.07190208911895753,0.7407405753926568,0.9617466903773959
0.07248596191406251,0.7777777485987043,0.961825726141079
0.07193877696990968,0.703703664798272,0.9618652440229205
0.07142857074737549,0.7777777485987043,0.960640189685833
0.057755775451660156,0.7777777485987043,0.9594151353487455
0.07834442138671875,0.7777777485987043,0.9594151353487455
0.07193877696990968,0.7777777485987043,0.9595732068761116
0.07190208911895753,0.7777777485987043,0.9596127247579531
0.07292197704315186,0.7777777485987043,0.9584667061845487
0.07146503448486329,0.7777777485987043,0.9572416518474611
0.05813360691070557,0.7407405753926568,0.9572811697293027
0.07191781044006348,0.7777777485987043,0.9560561153922151
0.0733249044418335,0.7777777485987043,0.9561351511558982
0.0728848123550415,0.7777777485987043,0.9549100968188107
0.0723382568359375,0.7407405753926568,0.9538035961272477
0.07244897842407226,0.7777777485987043,0.9523019166172695
0.07244897842407226,0.7777777485987043,0.9523019166172695
0.07237512588500977,0.7777777485987043,0.951155898043865
0.07397793769836426,0.7777777485987043,0.9499308437067775
0.06904761791229248,0.7777777485987043,0.9501679509978267
0.07292197704315186,0.7407405753926568,0.9501679509978267
0.07186544418334961,0.7777777485987043,0.9501679509978267
0.06989795684814454,0.7777777485987043,0.9504050582888759
0.07084607601165771,0.7777777485987043,0.9491800039517884
0.06982670783996582,0.7407405753926568,0.94819205690575
0.06809848308563232,0.703703664798272,0.94819205690575
0.13207547187805177,0.7777777485987043,0.94819205690575
0.06942317485809327,0.7777777485987043,0.9482315747875916
0.07099080562591553,0.7777777485987043,0.9482710926694331
0.07201225757598877,0.7777777485987043,0.9470460383323456
0.07237512588500977,0.7407405753926568,0.9473226635052363
0.07244897842407226,0.7777777485987043,0.9473226635052363
0.07190208911895753,0.7777777485987043,0.9462556806955149
0.09090909004211425,0.7777777485987043,0.9462556806955149
0.05359317779541016,0.7407405753926568,0.9462556806955149
0.07099080562591553,0.7777777485987043,0.945820983995258
0.07248596191406251,0.7777777485987043,0.9453467694131592
0.07281059265136719,0.7407405753926568,0.9453467694131592
0.07193877696990968,0.7777777485987043,0.9443588223671209
0.07146503448486329,0.7777777485987043,0.9431337680300333
0.09626274108886719,0.7777777485987043,0.9431337680300333
0.052044610977172855,0.7777777485987043,0.9431337680300333
0.07142857074737549,0.7777777485987043,0.9422248567476781
0.07237512588500977,0.7777777485987043,0.9422643746295196
0.07244897842407226,0.7777777485987043,0.9398933017190276
0.07051609516143799,0.7777777485987043,0.9398933017190276
0.07146503448486329,0.7777777485987043,0.9400513732463938
0.0442374849319458,0.7777777485987043,0.9401304090100768
0.13387978553771973,0.8148146591930887,0.9628531910689588
0.07361963272094726,0.7777777485987043,0.9602054929855761
0.07153806686401368,0.7777777485987043,0.9602450108674176
0.0709183692932129,0.7777777485987043,0.9581900810116579
0.06887754917144776,0.7777777485987043,0.9585062240663902
0.06843718051910401,0.7777777485987043,0.9585852598300733
0.06938775539398194,0.7407405753926568,0.9586247777119148
0.06894790649414062,0.7777777485987043,0.9574392412566688
0.2653061294555664,0.7777777485987043,0.9574392412566688
0.05343111515045166,0.7407405753926568,0.955305275637226
0.07142857074737549,0.7777777485987043,0.955305275637226
0.07142857074737549,0.7777777485987043,0.9541592570638215
0.07193877696990968,0.7777777485987043,0.9519857735625372
0.07193877696990968,0.7777777485987043,0.9519857735625372
0.07095457077026367,0.7777777485987043,0.9509978265164989
0.09593496322631836,0.7407405753926568,0.9498122900612529
0.06171003818511963,0.7407405753926568,0.9498122900612529
0.07244897842407226,0.7407405753926568,0.9498518079430944
0.07241203308105469,0.7407405753926568,0.9498518079430944
0.07190208911895753,0.7777777485987043,0.9486267536060069
0.0728848123550415,0.703703664798272,0.9478759138510178
0.07146503448486329,0.7777777485987043,0.9479154317328593
0.059003052711486814,0.703703664798272,0.9479154317328593
0.08495393753051758,0.7407405753926568,0.9466903773957718
0.07295918464660645,0.7407405753926568,0.9466903773957718
0.0728848123550415,0.7777777485987043,0.9454653230586838
0.07088220119476318,0.703703664798272,0.9434499110847656
0.07193877696990968,0.7407405753926568,0.9436079826121317
0.0728848123550415,0.7777777485987043,0.9423829282750442
0.05011053562164307,0.703703664798272,0.9426990713297765
0.12828947067260743,0.7777777485987043,0.9426990713297765
0.0738289213180542,0.7777777485987043,0.942738589211618
0.06062150001525879,0.7777777485987043,0.9427781070934595
0.06785714149475097,0.7777777485987043,0.9428571428571426
0.06982670783996582,0.7407405753926568,0.9411973918197982
0.06884242534637451,0.703703664798272,0.9407231772376998
0.07661056518554688,0.7407405753926568,0.9409207666469075
0.021097047328948976,0.7407405753926568,0.9409207666469075
0.07037225723266602,0.703703664798272,0.9409207666469075
0.07193877696990968,0.703703664798272,0.9384706579727324
0.07142857074737549,0.7777777485987043,0.938510175854574
0.07099080562591553,0.7407405753926568,0.9387472831456232
0.07142857074737549,0.7407405753926568,0.9390239083185139
0.07193877696990968,0.7777777485987043,0.9391424619640385
0.08333333015441895,0.7777777485987043,0.9391424619640385
0.07271733283996583,0.7777777485987043,0.9392214977277216
0.07190208911895753,0.703703664798272,0.936810906935388
0.07146503448486329,0.703703664798272,0.9369689784627542
0.07241203308105469,0.703703664798272,0.9334518869788577
0.07190208911895753,0.7407405753926568,0.9326615293420271
0.07190208911895753,0.7777777485987043,0.9327405651057101
0.04184704303741455,0.703703664798272,0.9327405651057101
0.08997632026672363,0.7407405753926568,0.9327405651057101
0.07095457077026367,0.7777777485987043,0.9328196008693932
0.06996935844421387,0.7777777485987043,0.9328591187512347
0.061287026405334476,0.703703664798272,0.9331357439241255
0.06836734771728516,0.7777777485987043,0.9320292432325625
0.07292197704315186,0.7777777485987043,0.9321477968780871
0.08075117111206055,0.7777777485987043,0.9310412961865242
0.06256983280181885,0.7777777485987043,0.9310412961865242
0.07197549819946289,0.7777777485987043,0.9290654020944475
0.0709183692932129,0.7777777485987043,0.9286702232760322
0.07048007965087891,0.7407405753926568,0.9286702232760322
0.06836734771728516,0.703703664798272,0.9287887769215568
0.07175572395324707,0.703703664798272,0.9278008298755185
0.06913407802581788,0.703703664798272,0.9278798656392016
0.06857142925262451,0.7407405753926568,0.9279589014028846
0.06993363857269287,0.7777777485987043,0.9280379371665677
0.06836734771728516,0.7777777485987043,0.9268128828294802
0.07343192100524902,0.703703664798272,0.9256273463742342
0.058479533195495606,0.7407405753926568,0.9256273463742342
0.12768239974975587,0.7777777485987043,0.73530922742541
0.07664793014526368,0.7407405753926568,0.9246789172100374
0.07190208911895753,0.7777777485987043,0.9227820588816438
0.07343192100524902,0.703703664798272,0.9229401304090099
0.07142857074737549,0.7777777485987043,0.9208852005532502
0.07244897842407226,0.7777777485987043,0.920134360798261
0.07139214515686035,0.7777777485987043,0.920134360798261
0.06374299049377441,0.7777777485987043,0.920134360798261
0.06884242534637451,0.7407405753926568,0.9204505038529933
0.07146503448486329,0.7777777485987043,0.9192254495159058
0.07186544418334961,0.7777777485987043,0.9192254495159058
0.07386652946472168,0.703703664798272,0.9180399130606598
0.07142857074737549,0.703703664798272,0.9184350918790751
0.07244897842407226,0.7777777485987043,0.9184350918790751
0.07303370952606202,0.7777777485987043,0.9184746097609167
0,0.7777777485987043,0.9184746097609167
0.07146503448486329,0.7777777485987043,0.9184746097609167
0.07088220119476318,0.7777777485987043,0.9187907528156489
0.07248596191406251,0.7777777485987043,0.9189093064611735
0.07135575771331787,0.7777777485987043,0.9189488243430151
0.07295918464660645,0.7777777485987043,0.9189488243430151
0.07131940841674805,0.7777777485987043,0.9189883422248566
0.05574913024902344,0.7777777485987043,0.9189883422248566
0.09001233100891114,0.7777777485987043,0.9189883422248566
0.06880733966827393,0.7777777485987043,0.9194230389251135
0.07040816307067871,0.7777777485987043,0.9183165382335505
0.06979113578796386,0.7777777485987043,0.9185141276427582
0.06945863246917724,0.7777777485987043,0.9185536455245997
0.07186544418334961,0.7777777485987043,0.9185931634064413
0.061964402198791506,0.7407405753926568,0.9187512349338074
0.08108108520507813,0.7777777485987043,0.9187512349338074
0.06578276157379151,0.7407405753926568,0.9190278601066981
0.07292197704315186,0.7777777485987043,0.9178028057696106
0.07044410228729248,0.7777777485987043,0.9178423236514521
0.07193877696990968,0.7777777485987043,0.9179213594151352
0.07193877696990968,0.7777777485987043,0.9167358229598892
0.07204905509948731,0.7777777485987043,0.9168543766054138
0.008264462947845459,0.703703664798272,0.9168543766054138
0.07453753948211671,0.7777777485987043,0.9168543766054138
0.07433808326721192,0.7777777485987043,0.9156293222683263
0.07095457077026367,0.7777777485987043,0.9156293222683263
0.07146503448486329,0.7407405753926568,0.9156293222683263
0.0728848123550415,0.7777777485987043,0.9156293222683263
0.07343192100524902,0.7777777485987043,0.9129025884212605
0.05918367385864258,0.703703664798272,0.9124283738391621
0.07551020622253418,0.8148146591930887,0.9113613910294407
0.07197549819946289,0.7777777485987043,0.9113613910294407
0.07044410228729248,0.7777777485987043,0.9114009089112822
0.07197549819946289,0.7777777485987043,0.9109266943291838
0.07335710525512695,0.7777777485987043,0.9072910491997628
0.07244897842407226,0.8148146591930887,0.9067773167358228
0.03720930337905884,0.7777777485987043,0.9063821379174075
0.0998185157775879,0.7777777485987043,0.9063821379174075
0.06537282943725586,0.7777777485987043,0.906421655799249
0.061703214645385744,0.7777777485987043,0.9066587630902982
0.06993363857269287,0.7407405753926568,0.9066982809721398
0.07030055999755859,0.7777777485987043,0.9068958703813474
0.06989795684814454,0.7777777485987043,0.9057103339261015
0.2777777862548828,0.7777777485987043,0.9057103339261015
0.08832807540893554,0.7777777485987043,0.8912072712902588
0.07139214515686035,0.7777777485987043,0.8978462754396364
0.07135575771331787,0.703703664798272,0.8974115787393795
0.07197549819946289,0.7777777485987043,0.897964829085161
0.07281059265136719,0.7407405753926568,0.8993874728314561
0.0743759536743164,0.7777777485987043,0.8995850622406638
0.07135575771331787,0.7777777485987043,0.8998616874135545
0.08082975387573242,0.8148146591930887,0.898636633076467
0.05169340610504151,0.7777777485987043,0.8977277217941118
0.07186544418334961,0.7777777485987043,0.897964829085161
0.07284768104553223,0.7777777485987043,0.8970559178028057
0.07139214515686035,0.7777777485987043,0.8984785615491009
0.0739041805267334,0.7777777485987043,0.8985180794309424
0.0709183692932129,0.7777777485987043,0.8972930250938549
0.07526881694793701,0.8148146591930887,0.8974115787393795
0.041666665077209473,0.7777777485987043,0.8974115787393795
0.06996935844421387,0.7777777485987043,0.8955147204109859
0.06785714149475097,0.7777777485987043,0.8951590594744121
0.06029637336730957,0.7777777485987043,0.8942106303102153
0.07295918464660645,0.7777777485987043,0.8942106303102153
0.07040816307067871,0.8148146591930887,0.8942106303102153
0.07335710525512695,0.7777777485987043,0.8943291839557399
0.005649717450141907,0.7777777485987043,0.8943291839557399
0.07847533702850341,0.7777777485987043,0.892116182572614
0.07146503448486329,0.7777777485987043,0.8925113613910294
0.07044410228729248,0.8148146591930887,0.8912863070539419
0.07248596191406251,0.8148146591930887,0.8912863070539419
0.07044410228729248,0.7777777485987043,0.8912863070539419
0.06891271114349365,0.7777777485987043,0.890337877889745
0.06227106094360352,0.8148146591930887,0.8892708950800237
0.06884315013885499,0.7777777485987043,0.8892708950800237
0.07080998420715333,0.8518518323991362,0.8894289666073898
0.06887754917144776,0.8148146591930887,0.8895870381347559
0.06996935844421387,0.7777777485987043,0.8895870381347559
0.06884242534637451,0.7777777485987043,0.888480537443193
0.07193877696990968,0.7777777485987043,0.8887966804979253
0.062159214019775394,0.7777777485987043,0.8875716261608377
0.07950191497802735,0.7777777485987043,0.8875716261608377
0.07197549819946289,0.7777777485987043,0.8863465718237502
0.06993363857269287,0.7777777485987043,0.8853586247777119
0.07281059265136719,0.7777777485987043,0.8829085161035368
0.05822267532348633,0.7777777485987043,0.8829085161035368
0.0728848123550415,0.7777777485987043,0.8819205690574985
0.07494935989379883,0.7777777485987043,0.8819205690574985
0.060416665077209476,0.7777777485987043,0.8811697293025094
0.07241203308105469,0.7777777485987043,0.8810116577751432
0.07186544418334961,0.7777777485987043,0.8810116577751432
0.07441386222839355,0.8148146591930887,0.8797866034380557
0.07037225723266602,0.8148146591930887,0.8798656392017388
0.07295918464660645,0.7777777485987043,0.8774945662912468
0.07463493824005127,0.8148146591930887,0.8774945662912468
0.009174311757087708,0.8148146591930887,0.8774945662912468
0.07335710525512695,0.7777777485987043,0.8775736020549298
0.0709183692932129,0.8148146591930887,0.8740960284528749
0.07488537788391113,0.7777777485987043,0.8745307251531318
0.07131940841674805,0.8148146591930887,0.8746887966804979
0.06990715503692627,0.7777777485987043,0.8722782058881644
0.12403100967407227,0.7777777485987043,0.8722782058881644
0.09601634025573731,0.8148146591930887,0.8782454060462359
0.07346938610076904,0.8148146591930887,0.8782454060462359
0.0738289213180542,0.8518518323991362,0.8772969768820391
0.07590422630310059,0.8518518323991362,0.8761509583086347
0.07080998420715333,0.8148146591930887,0.8764275834815254
0.07084607601165771,0.7777777485987043,0.8764275834815254
0.05660377502441406,0.7777777485987043,0.8765856550088915
0.06929046630859376,0.7777777485987043,0.8767437265362577
0.08227848052978516,0.7777777485987043,0.8767437265362577
0.06928171157836914,0.7777777485987043,0.8767832444180992
0.0737913465499878,0.7777777485987043,0.8768622801817822
0.06836734771728516,0.7777777485987043,0.8756372258446947
0.07193877696990968,0.7777777485987043,0.8758348152539024
0.07182883262634278,0.7777777485987043,0.8750839754989133
0.07150153160095216,0.8148146591930887,0.8737008496344596
0.12796208381652832,0.7777777485987043,0.8737008496344596
0.0645714282989502,0.7777777485987043,0.8737403675163011
0.07295918464660645,0.7777777485987043,0.8737403675163011
0.07139214515686035,0.7777777485987043,0.8737403675163011
0.0728848123550415,0.7777777485987043,0.8738194032799842
0.07182883262634278,0.8518518323991362,0.8730685635249951
0.07335710525512695,0.7777777485987043,0.8708555621418692
0.04663212299346924,0.8148146591930887,0.870539419087137
0.07976794719696045,0.8148146591930887,0.8706974906145031
0.07292197704315186,0.7777777485987043,0.8706974906145031
0.07044410228729248,0.8148146591930887,0.8695514720410986
0.07193877696990968,0.8148146591930887,0.8659948626753606
0.06989795684814454,0.8518518323991362,0.8666271487848252
0.07244897842407226,0.8518518323991362,0.8667852203121913
0.06092436790466309,0.7777777485987043,0.8669037739577159
0.0625,0.7777777485987043,0.8669432918395574
0.06887754917144776,0.7777777485987043,0.8669432918395574
0.06942317485809327,0.8518518323991362,0.866982809721399
0.07197549819946289,0.8148146591930887,0.866982809721399
0.06993363857269287,0.8148146591930887,0.8672199170124482
0.07237512588500977,0.7777777485987043,0.8673384706579728
0.06297420501708985,0.7777777485987043,0.8676150958308635
0.0859375,0.8518518323991362,0.8676150958308635
0.07295918464660645,0.7777777485987043,0.8676150958308635
0.07037225723266602,0.8148146591930887,0.8678126852400712
0.07190208911895753,0.8148146591930887,0.8678126852400712
0.06982670783996582,0.8148146591930887,0.8679707567674373
0.07037225723266602,0.8518518323991362,0.8679707567674373
0.06475584030151367,0.8148146591930887,0.8679707567674373
0.16,0.8518518323991362,0.8679707567674373
0.07044410228729248,0.8148146591930887,0.866982809721399
0.06836734771728516,0.7777777485987043,0.8645327010472239
0.06986231327056885,0.8518518323991362,0.863505236119344
0.07142857074737549,0.7777777485987043,0.863505236119344
0.07004089832305908,0.8148146591930887,0.863505236119344
0.07084607601165771,0.8148146591930887,0.863505236119344
0.09863945960998535,0.8518518323991362,0.863505236119344
0.06906907081604004,0.8518518323991362,0.8636237897648686
0.058713884353637696,0.8148146591930887,0.8639399328196009
0.11538461685180665,0.8888887429935206,0.6125271685437661
0.06993363857269287,0.8148146591930887,0.8171902786010667
0.07088220119476318,0.8518518323991362,0.81624184943687
0.07292197704315186,0.8518518323991362,0.81572811697293
0.06993363857269287,0.8148146591930887,0.8173088322465913
0.07295918464660645,0.8518518323991362,0.8173483501284329
0.0717922592163086,0.7777777485987043,0.8178225647105313
0.07860261917114258,0.8148146591930887,0.8173483501284329
0.007692307829856873,0.8518518323991362,0.8173483501284329
0.06993363857269287,0.8148146591930887,0.8147796878087332
0.07335710525512695,0.8148146591930887,0.814463544754001
0.07186544418334961,0.7777777485987043,0.814463544754001
0.07292197704315186,0.8148146591930887,0.8137127049990118
0.07139214515686035,0.8148146591930887,0.8135941513534872
0.07193877696990968,0.8518518323991362,0.8135941513534872
0.07110091686248779,0.7777777485987043,0.8135941513534872
0.07325048923492432,0.8518518323991362,0.812092471843509
0.07241203308105469,0.8148146591930887,0.8112625963248368
0.07139214515686035,0.8518518323991362,0.811578739379569
0.07244897842407226,0.8148146591930887,0.8116182572614106
0.07037225723266602,0.8518518323991362,0.8123690970163997
0.07193877696990968,0.8148146591930887,0.8099189883422246
0.038557214736938475,0.8518518323991362,0.8099189883422246
0.08996540069580078,0.8518518323991362,0.8099189883422246
0.0621814489364624,0.8518518323991362,0.8099189883422246
0.06979113578796386,0.8518518323991362,0.8099189883422246
0.07040816307067871,0.8518518323991362,0.8079826121319895
0.06935236930847168,0.7777777485987043,0.8079826121319895
0.07139214515686035,0.8148146591930887,0.8081011657775141
0.08510638236999511,0.8148146591930887,0.8082592373048803
0.044529261589050295,0.8518518323991362,0.8082592373048803
0.07037225723266602,0.8148146591930887,0.8082987551867218
0.06986231327056885,0.8148146591930887,0.8084568267140879
0.07241203308105469,0.8518518323991362,0.8084963445959295
0.07139214515686035,0.8518518323991362,0.8084963445959295
0.0728848123550415,0.8518518323991362,0.808535862477771
0.073233962059021,0.8518518323991362,0.8087334518869786
0.057692308425903324,0.8518518323991362,0.8088124876506617
0.07284768104553223,0.8518518323991362,0.8075874333135742
0.07040816307067871,0.8148146591930887,0.8077059869590988
0.07197549819946289,0.8148146591930887,0.805572021339656
0.07048007965087891,0.8518518323991362,0.8056510571033391
0.07190208911895753,0.8148146591930887,0.8056510571033391
0.07269874572753907,0.8518518323991362,0.8047421458209838
0,0.8518518323991362,0.8047421458209838
0.05590062141418457,0.8148146591930887,0.8047421458209838
0.15071770668029785,0.9259259161995681,0.5856945267733651
0.07696228504180909,0.8518518323991362,0.837779095040506
0.05969387531280518,0.8148146591930887,0.8378186129223475
0.07182883262634278,0.8148146591930887,0.8367121122307846
0.07241203308105469,0.8518518323991362,0.8367911479944676
0.07084607601165771,0.8148146591930887,0.8368701837581507
0.07292197704315186,0.8148146591930887,0.8369097016399922
0.07226463317871094,0.8518518323991362,0.8359612724757954
0.06939501762390136,0.8518518323991362,0.83607982612132
0.09747292518615723,0.8148146591930887,0.8363169334123692
0.07139214515686035,0.8518518323991362,0.8363169334123692
0.0728848123550415,0.8518518323991362,0.8350918790752817
0.06942317485809327,0.8518518323991362,0.8341829677929264
0.07190208911895753,0.8518518323991362,0.8334716459197788
0.0709183692932129,0.8518518323991362,0.8333135743924127
0.07146503448486329,0.8888887429935206,0.8333135743924127
0.010869565010070801,0.8518518323991362,0.8333135743924127
0.0738362741470337,0.8518518323991362,0.8333135743924127
0.07197549819946289,0.8148146591930887,0.832444180991899
0.067961163520813,0.8888887429935206,0.832523216755582
0.07084607601165771,0.8518518323991362,0.8326022525192651
0.06979113578796386,0.8518518323991362,0.8314957518277022
0.06993363857269287,0.8148146591930887,0.8315352697095437
0.06828527927398682,0.8518518323991362,0.8315747875913853
0.07137375354766846,0.8888887429935206,0.8315747875913853
0.06080735683441162,0.8518518323991362,0.8315747875913853
0.0646968936920166,0.8148146591930887,0.8316933412369099
0.07037225723266602,0.8518518323991362,0.8321280379371667
0.06945863246917724,0.8518518323991362,0.8310610551274453
0.0728848123550415,0.8148146591930887,0.8298360007903578
0.0838206672668457,0.8518518323991362,0.8298360007903578
0.058823528289794924,0.8518518323991362,0.8298360007903578
0.07095457077026367,0.8518518323991362,0.8286504643351118
0.06989795684814454,0.8148146591930887,0.8288085358624779
0.07193877696990968,0.8518518323991362,0.8288085358624779
0.07037225723266602,0.8518518323991362,0.8276229994072319
0.07241203308105469,0.8518518323991362,0.8263979450701444
0.07951289176940918,0.8518518323991362,0.8255680695514722
0.05477031707763672,0.8518518323991362,0.8255680695514722
0.07190208911895753,0.8148146591930887,0.8256866231969968
0.07182883262634278,0.8148146591930887,0.8245406046235924
0.07193877696990968,0.8518518323991362,0.8248172297964831
0.06942317485809327,0.8518518323991362,0.8248172297964831
0.07055214881896973,0.8888887429935206,0.8248172297964831
0.07701019287109376,0.8518518323991362,0.8235921754593956
0.015463917255401612,0.8148146591930887,0.8235921754593956
0.07244897842407226,0.8518518323991362,0.8224066390041496
0.07193877696990968,0.8518518323991362,0.8182177435289466
0.06690500736236572,0.8518518323991362,0.8182967792926297
0.061703214645385744,0.8518518323991362,0.8171507607192252
0.07146503448486329,0.8518518323991362,0.8173483501284329
0.07048007965087891,0.8518518323991362,0.8162813673187115
0.011494252681732178,0.8518518323991362,0.8162813673187115
0.0778711462020874,0.8518518323991362,0.8162813673187115
0.07131940841674805,0.8518518323991362,0.8143054732266348
0.017857142686843873,0.8518518323991362,0.8144240268721594
0.10552763938903809,0.8518518323991362,0.8171902786010667
0.07241203308105469,0.8518518323991362,0.8158861885002962
0.07397959232330323,0.8518518323991362,0.8147401699268917
0.06945863246917724,0.8518518323991362,0.8135151155898042
0.07190208911895753,0.8518518323991362,0.8125666864256074
0.06942317485809327,0.8518518323991362,0.8113416320885198
0.07182883262634278,0.8888887429935206,0.8113416320885198
0.06410930156707764,0.9259259161995681,0.8103536850424815
0.263157901763916,0.8518518323991362,0.8103536850424815
0.06989795684814454,0.8518518323991362,0.8105117565698476
0.06931702136993409,0.8518518323991362,0.8108674175064214
0.07182883262634278,0.8518518323991362,0.8089310412961863
0.06833248138427735,0.8888887429935206,0.8089705591780278
0.07131940841674805,0.8518518323991362,0.8089705591780278
0.06741572856903076,0.8518518323991362,0.8090100770598694
0.057692308425903324,0.8518518323991362,0.8090100770598694
0.07337780475616455,0.8518518323991362,0.8077850227227819
0.058643550872802735,0.8888887429935206,0.8065599683856943
0.06877228736877442,0.8888887429935206,0.8069156293222681
0.06887754917144776,0.8518518323991362,0.8052163604030822
0.07182883262634278,0.8518518323991362,0.8047421458209838
0.07033638954162598,0.8518518323991362,0.8047421458209838
0.11764705657958985,0.8888887429935206,0.8035170914838963
0.046875,0.8518518323991362,0.8035170914838963
0.07237512588500977,0.8518518323991362,0.8025291444378579
0.07135575771331787,0.8518518323991362,0.8025686623196995
0.07033638954162598,0.8518518323991362,0.8016992689191857
0.07095457077026367,0.8518518323991362,0.7992491602450107
0.07033638954162598,0.8518518323991362,0.7981821774352893
0.08995984077453613,0.8888887429935206,0.7982612131989724
0.03921568632125855,0.8518518323991362,0.7982612131989724
0.07088220119476318,0.8518518323991362,0.7984192847263385
0.07095457077026367,0.8518518323991362,0.797194230389251
0.07030055999755859,0.8518518323991362,0.7975103734439832
0.07095457077026367,0.8518518323991362,0.7975498913258248
0.07128309726715087,0.8518518323991362,0.7954554435882235
0.05951642990112305,0.8518518323991362,0.794309425014819
0.11953352928161622,0.8518518323991362,0.794309425014819
0.07135575771331787,0.9259259161995681,0.7943884607785021
0.07237512588500977,0.9259259161995681,0.7945465323058682
0.0648289966583252,0.8518518323991362,0.7945860501877098
0.062244896888732915,0.8518518323991362,0.7945860501877098
0.06942317485809327,0.8518518323991362,0.7947836395969174
0.07095457077026367,0.8518518323991362,0.7935585852598299
0.08333333015441895,0.8518518323991362,0.7935585852598299
0.07021166801452637,0.8518518323991362,0.7938747283145622
0.07051609516143799,0.8518518323991362,0.7939932819600868
0.06938775539398194,0.8518518323991362,0.7920173878680101
0.06996935844421387,0.8518518323991362,0.7915431732859117
0.06942317485809327,0.8888887429935206,0.7917802805769609
0.07048007965087891,0.8518518323991362,0.7905947441217149
0.07142857074737549,0.8518518323991362,0.7905947441217149
0.07024265766143799,0.8888887429935206,0.7905947441217149
0.0723382568359375,0.8518518323991362,0.790673779885398
0.06942317485809327,0.8518518323991362,0.7894487255483105
0.07044410228729248,0.8518518323991362,0.7882236712112229
0.06942317485809327,0.8518518323991362,0.7886978857933213
0.07146503448486329,0.8518518323991362,0.7887769215570044
0.04057591438293457,0.8518518323991362,0.787709938747283
0.0925,0.8888887429935206,0.787709938747283
0.06073298454284668,0.8518518323991362,0.7878680102746491
0.1323383045196533,0.9629628267939525,0.7837976684449712
0.06945863246917724,0.9259259161995681,0.786524402292037
0.07131940841674805,0.8888887429935206,0.7902786010669827
0.06975560188293457,0.9259259161995681,0.7902786010669827
0.059754853248596196,0.8518518323991362,0.7906342620035565
0.06724401473999024,0.9259259161995681,0.7883422248567475
0.07186544418334961,0.8518518323991362,0.7883817427385891
0.06935236930847168,0.8888887429935206,0.787709938747283
0.013986014127731324,0.8518518323991362,0.7877494566291245
0.0759075927734375,0.8518518323991362,0.7873147599288677
0.06840224742889404,0.8518518323991362,0.7873937956925507
0.07037225723266602,0.8518518323991362,0.7874333135743923
0.06986231327056885,0.9259259161995681,0.7868010274649277
0.0723382568359375,0.8518518323991362,0.7868800632286108
0.06745018005371094,0.8888887429935206,0.7862477771191463
0.015673980712890626,0.8518518323991362,0.784667061845485
0.08505467414855958,0.8518518323991362,0.784667061845485
0.06935236930847168,0.8888887429935206,0.7849041691365342
0.07033638954162598,0.8518518323991362,0.7849832049002172
0.06884242534637451,0.9259259161995681,0.7849832049002172
0.07040816307067871,0.8888887429935206,0.7852993479549495
0.06931702136993409,0.8518518323991362,0.7828492392807744
0.03859250783920288,0.8888887429935206,0.7828492392807744
0.09537036895751953,0.8888887429935206,0.7829282750444575
0.06745018005371094,0.9259259161995681,0.7829282750444575
0.07037225723266602,0.8518518323991362,0.7819798458802607
0.06884242534637451,0.9259259161995681,0.7819798458802607
0.0709183692932129,0.8518518323991362,0.7821379174076268
0.056546101570129396,0.8888887429935206,0.7822169531713099
0.07673861026763916,0.8888887429935206,0.7822169531713099
0.059154930114746096,0.8518518323991362,0.7822169531713099
0.06931702136993409,0.8518518323991362,0.7810314167160639
0.07135575771331787,0.8518518323991362,0.7800829875518671
0.06877228736877442,0.8888887429935206,0.7800829875518671
0.07186544418334961,0.8518518323991362,0.7804386484884409
0.06789178371429444,0.8888887429935206,0.7792135941513534
0.08194701194763183,0.9259259161995681,0.7780675755779489
0.02058823585510254,0.8518518323991362,0.7781070934597905
0.06884242534637451,0.8518518323991362,0.7768820391227029
0.07088220119476318,0.8518518323991362,0.7768820391227029
0.06975560188293457,0.9259259161995681,0.776961074886386
0.07088220119476318,0.8518518323991362,0.776961074886386
0.06982670783996582,0.9259259161995681,0.7773562537048013
0.07182883262634278,0.8888887429935206,0.7773562537048013
0.24137931823730469,0.9259259161995681,0.7773562537048013
0.0672877836227417,0.8888887429935206,0.7773562537048013
0.06993363857269287,0.8888887429935206,0.7737996443390633
0.06840224742889404,0.8518518323991362,0.7737996443390633
0.07139214515686035,0.8888887429935206,0.7738391622209049
0.06887754917144776,0.9259259161995681,0.7741553052756371
0.07044410228729248,0.9259259161995681,0.7731673582295988
0.075,0.8888887429935206,0.7732463939932819
0.06525911808013916,0.8888887429935206,0.7732463939932819
0.06167176246643066,0.8518518323991362,0.7732859118751234
0.06887754917144776,0.8518518323991362,0.7723374827109266
0.07142857074737549,0.8518518323991362,0.7716656787196206
0.07929515361785888,0.8888887429935206,0.7711914641375222
0.10016694068908692,0.9259259161995681,0.4381347559770794
0.08018385887145996,0.8888887429935206,0.7715076071922544
0.07026476383209229,0.8518518323991362,0.7669235328986366
0.06986231327056885,0.8888887429935206,0.7649476388065599
0.06789178371429444,0.9259259161995681,0.7649476388065599
0.07048007965087891,0.8518518323991362,0.7654218533886583
0.06738131523132325,0.8518518323991362,0.7642363169334123
0.06986231327056885,0.8518518323991362,0.7642758348152539
0.08169013977050782,0.8888887429935206,0.7642758348152539
0.06604361534118652,0.8518518323991362,0.7642758348152539
0.07080998420715333,0.8888887429935206,0.7630507804781663
0.06833248138427735,0.9259259161995681,0.7621418691958111
0.07139214515686035,0.8518518323991362,0.7609168148587235
0.06785714149475097,0.8518518323991362,0.7604426002766251
0.06938775539398194,0.9259259161995681,0.7604821181584667
0.0759668493270874,0.9259259161995681,0.7604821181584667
0.06548100471496582,0.9259259161995681,0.7592570638213791
0.06993363857269287,0.9259259161995681,0.7581505631298162
0.06833248138427735,0.9259259161995681,0.758427188302707
0.06588355541229249,0.8888887429935206,0.758427188302707
0.06157760620117188,0.8518518323991362,0.75850622406639
0.06938775539398194,0.8518518323991362,0.75850622406639
0.0822981357574463,0.8888887429935206,0.7588223671211223
0.041728763580322265,0.8518518323991362,0.7588223671211223
0.07084607601165771,0.8888887429935206,0.7576368306658763
0.06741572856903076,0.8888887429935206,0.7577949021932424
0.07084607601165771,0.8888887429935206,0.7566884015016795
0.06785714149475097,0.9259259161995681,0.7566884015016795
0.06898313522338867,0.8888887429935206,0.7566884015016795
0.07966204166412354,0.9259259161995681,0.7568464730290456
0.00330033004283905,0.8888887429935206,0.7568464730290456
0.06993363857269287,0.8888887429935206,0.7556609365737996
0.06789178371429444,0.8518518323991362,0.7558585259830073
0.07135575771331787,0.9259259161995681,0.7546729895277613
0.06785714149475097,0.8888887429935206,0.7546729895277613
0.07033638954162598,0.9259259161995681,0.7537245603635645
0.06884242534637451,0.8518518323991362,0.7539221497727722
0.04545454502105713,0.8888887429935206,0.753171310017783
0.07029598236083985,0.9259259161995681,0.7526970954356846
0.06829765319824219,0.8888887429935206,0.7505631298162418
0.07139214515686035,0.8888887429935206,0.7506421655799249
0.06738131523132325,0.8518518323991362,0.7494171112428374
0.06938775539398194,0.8888887429935206,0.7494171112428374
0.06472986698150635,0.8888887429935206,0.748350128433116
0.08256880760192871,0.8888887429935206,0.7471250740960285
0.05511811256408691,0.8518518323991362,0.7461766449318317
0.06931702136993409,0.9259259161995681,0.7466508595139301
0.07135575771331787,0.8888887429935206,0.7466508595139301
0.06785714149475097,0.9259259161995681,0.7468089310412962
0.06891271114349365,0.8888887429935206,0.7455838767042087
0.06884242534637451,0.8888887429935206,0.7456233945860502
0.08,0.8888887429935206,0.7456233945860502
0.06237006187438965,0.8888887429935206,0.7456233945860502
0.06785714149475097,0.8888887429935206,0.7447540011855365
0.07040816307067871,0.8888887429935206,0.7449120727129026
0.06931702136993409,0.8518518323991362,0.7450306263584272
0.06938775539398194,0.9259259161995681,0.7438055720213397
0.06880733966827393,0.8518518323991362,0.7439241256668643
0.08035061836242675,0.9259259161995681,0.7439241256668643
0.04584040641784668,0.8518518323991362,0.7439241256668643
0.06880733966827393,0.8888887429935206,0.7442797866034381
0.07040816307067871,0.8888887429935206,0.7430547322663505
0.06029411792755127,0.8518518323991362,0.739458605018771
0.13712374687194825,0.9259259161995681,0.5045247974708555
0.08006119728088379,0.9259259161995681,0.7308437067773168
0.06993363857269287,0.9259259161995681,0.7305670816044261
0.07237512588500977,0.9259259161995681,0.7305670816044261
0.06880733966827393,0.9259259161995681,0.7305670816044261
0.06673459053039552,0.8888887429935206,0.7296976882039123
0.05870341777801514,0.9259259161995681,0.7296976882039123
0.06931702136993409,0.9259259161995681,0.7296976882039123
0.06870229244232177,0.9259259161995681,0.7289468484489232
0.07485226631164552,0.9259259161995681,0.7289863663307647
0.05479452133178711,0.9259259161995681,0.7289863663307647
0.06642820835113525,0.8888887429935206,0.7289863663307647
0.07037225723266602,0.9259259161995681,0.7255483106105514
0.06778797149658203,0.9259259161995681,0.7248369887374038
0.06938775539398194,0.8518518323991362,0.7244418099189884
0.06738131523132325,0.9259259161995681,0.7244418099189884
0.07082452297210694,0.8518518323991362,0.7246789172100376
0.014492753744125366,0.9259259161995681,0.7246789172100376
0.06738131523132325,0.8888887429935206,0.7246789172100376
0.07037225723266602,0.9259259161995681,0.7247184350918792
0.06785714149475097,0.9259259161995681,0.7223078442995456
0.06982670783996582,0.8888887429935206,0.7226635052361194
0.06741572856903076,0.9259259161995681,0.7214384508990319
0.06982670783996582,0.9259259161995681,0.7216360403082396
0.08637873649597168,0.9259259161995681,0.7216360403082396
0.06570222854614258,0.8888887429935206,0.7216360403082396
0.06942317485809327,0.9259259161995681,0.7217150760719226
0.06935236930847168,0.9259259161995681,0.7204900217348351
0.06935236930847168,0.9259259161995681,0.720410985971152
0.06690500736236572,0.9259259161995681,0.7216360403082396
0.05861365795135498,0.9259259161995681,0.7208456826714089
0.08419838905334473,0.9259259161995681,0.7209642363169335
0.05667275905609131,0.8518518323991362,0.719739181979846
0.06989795684814454,0.8518518323991362,0.719739181979846
0.06884242534637451,0.8888887429935206,0.7185536455246
0.06989795684814454,0.9259259161995681,0.7199367713890537
0.06829765319824219,0.9259259161995681,0.7174866627148786
0.0694941234588623,0.8888887429935206,0.7177237700059278
0.07449392795562744,0.9259259161995681,0.7177237700059278
0.057931032180786136,0.8888887429935206,0.7177237700059278
0.06942317485809327,0.9259259161995681,0.7153922149772773
0.06792645454406739,0.9259259161995681,0.7157873937956927
0.06989795684814454,0.9259259161995681,0.7145623394586051
0.06880733966827393,0.9259259161995681,0.7159059474412173
0.07084607601165771,0.9259259161995681,0.7161035368504249
0.06986899375915527,0.8518518323991362,0.7161430547322665
0.059154930114746096,0.8518518323991362,0.7161430547322665
0.06891271114349365,0.8888887429935206,0.7155107686228019
0.067961163520813,0.9259259161995681,0.713811499703616
0.06938775539398194,0.9259259161995681,0.7140090891128237
0.06880733966827393,0.9629628267939525,0.7128235526575777
0.06942317485809327,0.9259259161995681,0.7129421063031023
0.06738131523132325,0.8518518323991362,0.7106895870381349
0.14285714149475098,0.8888887429935206,0.7106895870381349
0.0688592004776001,0.9259259161995681,0.7106895870381349
0.05807437419891358,0.9259259161995681,0.7109266943291841
0.06833248138427735,0.9259259161995681,0.7109266943291841
0.06873727321624756,0.9259259161995681,0.7109266943291841
0.06982670783996582,0.9259259161995681,0.7109662122110256
0.06836734771728516,0.9259259161995681,0.7109662122110256
0.021276595592498778,0.9259259161995681,0.7109662122110256
0.10413129806518555,0.9259259161995681,0.7144833036949221
0.0675159215927124,0.9259259161995681,0.7119936771389055
0.07124681949615479,0.9259259161995681,0.710768622801818
0.06829765319824219,0.9259259161995681,0.7109266943291841
0.06836734771728516,0.9259259161995681,0.7097016399920966
0.067312593460083,0.9259259161995681,0.7097016399920966
0.06982670783996582,0.9259259161995681,0.7097016399920966
0.06964656829833984,0.9629628267939525,0.7097016399920966
0.026315789222717285,0.8888887429935206,0.7097016399920966
0.06840224742889404,0.9259259161995681,0.7100177830468288
0.06687085151672363,0.9259259161995681,0.7102944082197196
0.06935236930847168,0.9259259161995681,0.7103339261015611
0.06775343894958497,0.9259259161995681,0.7103734439834026
0.060714287757873533,0.9259259161995681,0.7104129618652442
0.06472986698150635,0.8888887429935206,0.7106500691562934
0.15197567939758302,0.9629628267939525,0.710768622801818
0.05153374195098877,0.9259259161995681,0.710768622801818
0.06775343894958497,0.8518518323991362,0.710768622801818
0.06843718051910401,0.9259259161995681,0.7109266943291841
0.0668367338180542,0.8888887429935206,0.7109662122110256
0.06884242534637451,0.9259259161995681,0.7110452479747087
0.06829765319824219,0.9259259161995681,0.7111242837383918
0.08918617248535156,0.9259259161995681,0.7111638016202333
0.054460091590881346,0.9259259161995681,0.7111638016202333
0.06537282943725586,0.9259259161995681,0.7112823552657579
0.06986231327056885,0.9259259161995681,0.7104919976289272
0.06734694004058837,0.9259259161995681,0.708990318118949
0.06931702136993409,0.9259259161995681,0.708990318118949
0.06782253742218018,0.9259259161995681,0.708990318118949
0.07278481006622314,0.9259259161995681,0.7091088717644736
0.06340057849884033,0.8888887429935206,0.7091088717644736
0.06778797149658203,0.8888887429935206,0.7091088717644736
0.06840224742889404,0.9259259161995681,0.707883817427386
0.06829765319824219,0.9259259161995681,0.7087532108278998
0.06931702136993409,0.9259259161995681,0.7087532108278998
0.06687085151672363,0.9259259161995681,0.7087927287097413
0.06548347473144531,0.9259259161995681,0.709069353882632
0.09230769157409668,0.9259259161995681,0.709069353882632
0.06422018527984619,0.9259259161995681,0.709069353882632
0.05825242519378662,0.9259259161995681,0.707883817427386
0.067312593460083,0.9259259161995681,0.7043272080616481
0.06938775539398194,0.8888887429935206,0.703655404070342
0.06792645454406739,0.9259259161995681,0.7032602252519267
0.06942317485809327,0.9259259161995681,0.7014819205690577
0.10373443603515625,0.9259259161995681,0.7010077059869593
0.065078444480896,0.8888887429935206,0.7010077059869593
0.06986231327056885,0.9259259161995681,0.7012052953961669
0.06741572856903076,0.8888887429935206,0.7014819205690577
0.07084607601165771,0.9259259161995681,0.699506026476981
0.07456140518188477,0.9259259161995681,0.6980833827306854
0.04644808769226074,0.9259259161995681,0.6980833827306854
0.09402146339416505,0.9259259161995681,0.7306065994862676
0.06931702136993409,0.9629628267939525,0.729302509385497
0.06986231327056885,0.9259259161995681,0.7271290258842127
0.0668367338180542,0.9259259161995681,0.7273661331752619
0.06833248138427735,0.9259259161995681,0.7274056510571034
0.067312593460083,0.9259259161995681,0.726338668247382
0.06782253742218018,0.9629628267939525,0.7265362576565897
0.05360561370849609,0.9259259161995681,0.7265757755384312
0.12151898384094238,0.9259259161995681,0.7265757755384312
0.06972010135650634,0.9629628267939525,0.7257063821379175
0.06584992408752441,0.9259259161995681,0.7246393993281961
0.06822810649871826,0.9629628267939525,0.7234143449911086
0.058163266181945804,0.9259259161995681,0.7234538628729501
0.06476287841796875,0.9259259161995681,0.7223868800632287
0.06711409568786621,0.9259259161995681,0.7225844694724364
0.03846153736114502,0.9259259161995681,0.7225844694724364
0.06833248138427735,0.9259259161995681,0.7213594151353488
0.06581632614135742,0.9259259161995681,0.7214384508990319
0.06782253742218018,0.9259259161995681,0.7216360403082396
0.06680264949798584,0.9259259161995681,0.7216360403082396
0.06785714149475097,0.9259259161995681,0.7205690574985182
0.06581632614135742,0.9259259161995681,0.7195020746887968
0.05194805145263672,0.9259259161995681,0.7197786998616875
0.07394366264343262,0.9259259161995681,0.7197786998616875
0.06771893978118897,0.9259259161995681,0.7197786998616875
0.06829765319824219,0.9259259161995681,0.7200158071527367
0.06479591846466065,0.9259259161995681,0.7200158071527367
0.06745018005371094,0.9259259161995681,0.7188302706974907
0.06629270553588867,0.9259259161995681,0.7188302706974907
0.05830583095550537,0.9259259161995681,0.7188302706974907
0.07611798286437989,0.9259259161995681,0.7190673779885399
0.06584992408752441,0.9259259161995681,0.7191068958703815
0.06734694004058837,0.9259259161995681,0.7192649673977476
0.06581632614135742,0.9259259161995681,0.7180794309425016
0.06833248138427735,0.9259259161995681,0.7183165382335508
0.06982670783996582,0.9259259161995681,0.7183165382335508
0.05577376365661621,0.8518518323991362,0.7185536455246
0.09197080612182618,0.9259259161995681,0.7185536455246
0.056179776191711425,0.8518518323991362,0.7185536455246
0.06738131523132325,0.9259259161995681,0.7174471448330371
0.06928171157836914,0.9259259161995681,0.7174866627148786
0.06982670783996582,0.9259259161995681,0.7175261805967201
0.06690500736236572,0.9259259161995681,0.7142461964038729
0.06371359348297119,0.9259259161995681,0.7144437858130805
0.09235669136047363,0.9259259161995681,0.7144437858130805
0.0663265323638916,0.9259259161995681,0.7144437858130805
0.0668367338180542,0.9259259161995681,0.7144437858130805
0.06727828979492188,0.9259259161995681,0.7134953566488837
0.0644641399383545,0.9259259161995681,0.7134953566488837
0.12517385482788085,1,0.43821379174076247
0.07543323040008545,0.9259259161995681,0.6649673977474806
0.06931702136993409,0.9629628267939525,0.6637423434103931
0.06785714149475097,0.9259259161995681,0.6637423434103931
0.06578276157379151,0.9629628267939525,0.6638213791740761
0.06680264949798584,0.9629628267939525,0.6627939142461963
0.06687085151672363,0.9629628267939525,0.6628334321280378
0.06720977783203125,0.9259259161995681,0.6628334321280378
0.06341463565826416,0.9259259161995681,0.6616874135546333
0.06854130268096924,0.9259259161995681,0.6616874135546333
0.06727828979492188,0.9629628267939525,0.6618059672001579
0.06724401473999024,0.9629628267939525,0.6601462161628135
0.0663265323638916,0.9629628267939525,0.6601857340446551
0.06680264949798584,0.9629628267939525,0.6602252519264966
0.056997456550598145,0.8888887429935206,0.6602647698083381
0.08417508125305176,0.9629628267939525,0.6602647698083381
0.037662336826324465,0.9259259161995681,0.6602647698083381
0.067312593460083,0.9259259161995681,0.6602647698083381
0.06822810649871826,0.9259259161995681,0.6591977869986168
0.06673459053039552,0.9259259161995681,0.6585259830073107
0.06591722011566162,0.9259259161995681,0.6585655008891522
0.06833248138427735,0.9259259161995681,0.6586445366528353
0.07342060565948487,0.9259259161995681,0.6586445366528353
0.03921568632125855,0.8518518323991362,0.6586445366528353
0.06880733966827393,0.9259259161995681,0.6587630902983599
0.07026476383209229,0.9259259161995681,0.6588026081802014
0.06884242534637451,0.9259259161995681,0.6590001975894091
0.0707379150390625,0.9259259161995681,0.6591582691167752
0.067312593460083,0.9629628267939525,0.6592768227622998
0.06727828979492188,0.9259259161995681,0.6581703220707369
0.024242424964904787,0.9629628267939525,0.6581703220707369
0.07019498825073242,0.9259259161995681,0.65824935783442
0.06680264949798584,0.9259259161995681,0.65824935783442
0.06727828979492188,0.9629628267939525,0.6571823750246986
0.06489524841308594,0.9259259161995681,0.6572218929065401
0.06826286315917969,0.9259259161995681,0.6559968385694526
0.06775343894958497,0.9259259161995681,0.6560363564512941
0.05065666198730469,0.9259259161995681,0.6560363564512941
0.07152874946594238,0.9629628267939525,0.6560363564512941
0.06377551078796387,0.9259259161995681,0.6560758743331356
0.0566615629196167,0.9259259161995681,0.6555226239873542
0.06584992408752441,0.9259259161995681,0.6555226239873542
0.06771893978118897,0.9259259161995681,0.6543370875321082
0.06588355541229249,0.9259259161995681,0.6546137127049989
0.08748615264892579,0.9259259161995681,0.6546532305868404
0.05009451866149903,0.9259259161995681,0.6537048014226436
0.06676860332489014,0.9259259161995681,0.6524797470855561
0.06584992408752441,0.9259259161995681,0.6524797470855561
0.067312593460083,0.9629628267939525,0.6526378186129222
0.0653394603729248,0.9259259161995681,0.6526378186129222
0.067312593460083,0.9259259161995681,0.6526378186129222
0.08176100730895997,0.9629628267939525,0.6514918000395178
0.040638608932495116,0.9259259161995681,0.6516103536850424
0.06680264949798584,0.9259259161995681,0.6516893894487255
0.06738131523132325,0.9259259161995681,0.6521240861489823
0.07037225723266602,0.9259259161995681,0.6521636040308239
0.06745018005371094,0.9259259161995681,0.6522426397945069
0.06792645454406739,0.9259259161995681,0.6510175854574194
0.06256800651550293,0.9259259161995681,0.6513337285121517
0.17741935729980468,0.9259259161995681,0.6513337285121517
0.06789178371429444,0.9629628267939525,0.6513732463939932
0.06629270553588867,0.9629628267939525,0.6514127642758347
0.06687085151672363,0.9629628267939525,0.6502272278205887
0.06826286315917969,0.9629628267939525,0.6490021734835012
0.0632008171081543,0.9259259161995681,0.6492392807745504
0.061181435585021975,0.9259259161995681,0.6493183165382335
0.09550561904907227,0.9259259161995681,0.39470460383323447
0.07857142925262452,0.9259259161995681,0.645129421063031
0.06873727321624756,0.9629628267939525,0.6446947243627741
0.06578276157379151,0.9259259161995681,0.6448527958901402
0.06870229244232177,0.9259259161995681,0.6460778502272277
0.06486210346221924,0.9259259161995681,0.645129421063031
0.06578276157379151,0.9259259161995681,0.645129421063031
0.06629270553588867,0.9259259161995681,0.6453270104722386
0.06629270553588867,0.8888887429935206,0.6453665283540801
0.076076078414917,0.9629628267939525,0.6453665283540801
0.05619146823883057,0.9259259161995681,0.6443785813080418
0.06778797149658203,0.9259259161995681,0.6443785813080418
0.06578276157379151,0.9259259161995681,0.6443785813080418
0.06673459053039552,0.9259259161995681,0.6432720806164789
0.06625892162322998,0.9629628267939525,0.6433115984983204
0.0668367338180542,0.9259259161995681,0.6437462951985773
0.08413002014160156,0.9259259161995681,0.6437462951985773
0.017676767110824585,0.9629628267939525,0.6437462951985773
0.06880733966827393,0.9259259161995681,0.6438648488441019
0.06789178371429444,1,0.6431140090891128
0.06982670783996582,0.9629628267939525,0.6431535269709543
0.06584992408752441,0.9629628267939525,0.643351116380162
0.06680264949798584,0.9629628267939525,0.6433906342620035
0.06612411022186279,0.9259259161995681,0.6423631693341236
0.06060606002807618,0.9259259161995681,0.6424026872159652
0.055714287757873536,0.9629628267939525,0.6424026872159652
0.06578276157379151,0.9259259161995681,0.6412961865244022
0.06486210346221924,0.9259259161995681,0.6400711321873147
0.06574923515319825,0.9259259161995681,0.6388855957320687
0.06581632614135742,0.9259259161995681,0.6389251136139102
0.06629270553588867,0.9259259161995681,0.6391622209049594
0.08602150917053222,0.9259259161995681,0.6391622209049594
0.049514565467834476,0.9259259161995681,0.6380557202133965
0.06574923515319825,0.9259259161995681,0.6371863268128828
0.06680264949798584,0.9259259161995681,0.6347362181387077
0.06574923515319825,0.9259259161995681,0.6329579134558387
0.06629270553588867,0.9259259161995681,0.6325627346374234
0.0653394603729248,0.9259259161995681,0.6313376803003359
0.0815384578704834,0.9259259161995681,0.630310215372456
0.04229607105255127,0.9259259161995681,0.6280576961074886
0.06479591846466065,0.8888887429935206,0.6278996245801225
0.06724401473999024,0.9629628267939525,0.6281367318711717
0.0668367338180542,0.9259259161995681,0.6269116775340842
0.06982670783996582,0.9259259161995681,0.6258446947243628
0.06785714149475097,0.9259259161995681,0.626160837779095
0.06527554988861084,0.9259259161995681,0.6249357834420075
0.1979166603088379,0.9629628267939525,0.6249357834420075
0.06833248138427735,0.9629628267939525,0.6252124086148982
0.06629270553588867,0.9259259161995681,0.6252914443785813
0.0648289966583252,1,0.6228413357044063
0.054054055213928226,0.9629628267939525,0.6229598893499309
0.06527281761169433,0.9259259161995681,0.6229598893499309
0.06782253742218018,0.9259259161995681,0.6221300138312587
0.09818181991577149,0.9259259161995681,0.6209049594941711
0.0627590274810791,0.9259259161995681,0.6196799051570836
0.01492537260055542,0.9629628267939525,0.6196799051570836
0.10408042907714844,0.9259259161995681,0.6378976486860304
0.06527281761169433,0.9259259161995681,0.6366330764671013
0.06438426017761231,1,0.6355265757755384
0.06476287841796875,0.9259259161995681,0.6355660936573799
0.06629270553588867,0.9259259161995681,0.634459592965817
0.06574923515319825,0.9259259161995681,0.6335506816834617
0.06574923515319825,0.9259259161995681,0.6337877889745109
0.06986591339111328,0.9259259161995681,0.6337877889745109
0.05156537532806397,0.9629628267939525,0.633866824738194
0.06578276157379151,0.9629628267939525,0.6340644141474017
0.06476287841796875,0.9629628267939525,0.6340644141474017
0.06887754917144776,0.9259259161995681,0.6341829677929263
0.06829765319824219,0.9259259161995681,0.6342224856747678
0.06935236930847168,0.9259259161995681,0.6344991108476585
0.06826286315917969,0.9629628267939525,0.633274056510571
0.08695652008056641,1,0.6325232167555819
0.0650490427017212,0.9259259161995681,0.6321280379371665
0.06428571224212647,0.9629628267939525,0.6321280379371665
0.06584992408752441,0.9629628267939525,0.6310610551274451
0.06527281761169433,1,0.630310215372456
0.058163266181945804,0.9629628267939525,0.6299545544358822
0.05972434997558594,0.9259259161995681,0.6277020351709148
0.12755102157592774,0.9629628267939525,0.6277020351709148
0.048500318527221684,0.9629628267939525,0.626753606006718
0.06431852817535401,0.9259259161995681,0.6256471053151551
0.06636038780212403,0.9259259161995681,0.6256866231969966
0.06466394901275635,0.9259259161995681,0.6259237304880458
0.0648289966583252,0.9259259161995681,0.6260027662517289
0.06476287841796875,0.9629628267939525,0.6260027662517289
0.10236220359802246,0.9629628267939525,0.6260027662517289
0.043369474411010744,0.9629628267939525,0.6260027662517289
0.06428571224212647,0.9259259161995681,0.6261213198972535
0.06880733966827393,0.9259259161995681,0.6251333728512152
0.06880733966827393,0.9259259161995681,0.6239873542778107
0.06792645454406739,0.9259259161995681,0.6230389251136139
0.06782253742218018,0.9259259161995681,0.6233155502865046
0.05886792659759522,0.9259259161995681,0.6233550681683462
0.07886435508728028,0.9259259161995681,0.6233550681683462
0.06377551078796387,0.9259259161995681,0.6233945860501877
0.067312593460083,0.9629628267939525,0.6235921754593954
0.06479591846466065,0.9259259161995681,0.6235921754593954
0.06479591846466065,0.9629628267939525,0.6224461568859909
0.06571574211120605,0.9259259161995681,0.6224856747678325
0.06677265644073486,0.9629628267939525,0.622604228413357
0.014285714626312257,0.9629628267939525,0.622604228413357
0.06428571224212647,0.9629628267939525,0.6214582098399526
0.06281920433044434,0.9629628267939525,0.6214977277217941
0.056065239906311036,0.9629628267939525,0.6216557992491603
0.06581632614135742,0.9259259161995681,0.6217348350128433
0.06476287841796875,0.9259259161995681,0.6208259237304881
0.06578276157379151,0.9259259161995681,0.6208654416123296
0.09030099868774415,0.9259259161995681,0.6208654416123296
0.0607701587677002,0.9629628267939525,0.6208654416123296
0.06680264949798584,0.9259259161995681,0.6199170124481328
0.06884242534637451,0.9259259161995681,0.6200355660936574
0.06931702136993409,0.9629628267939525,0.6202726733847066
0.06880733966827393,0.9629628267939525,0.6202726733847066
0.06625892162322998,0.9629628267939525,0.6204307449120727
0.03892215490341187,0.9259259161995681,0.6205097806757558
0.07823392868041992,0.9259259161995681,0.6205097806757558
0.06629270553588867,0.9259259161995681,0.6181387077652638
0.06380806446075439,0.9259259161995681,0.6182572614107884
0.06625892162322998,0.9629628267939525,0.6184153329381545
0.04281345367431641,0.9259259161995681,0.6184153329381545
0.11570880889892578,1,0.6365145228215767
0.06676860332489014,0.9259259161995681,0.6361588618850029
0.0663265323638916,0.9259259161995681,0.6349338075479154
0.06629270553588867,0.9259259161995681,0.6339853783837186
0.06472986698150635,0.9259259161995681,0.6318514127642758
0.06520631790161133,0.9629628267939525,0.632088520055325
0.06377551078796387,0.9629628267939525,0.6313376803003359
0.06666666507720947,0.9259259161995681,0.6309425014819205
0.06279069900512696,0.9629628267939525,0.629717447144833
0.05486609935760498,0.9259259161995681,0.6297569650266746
0.06584992408752441,0.9259259161995681,0.6297569650266746
0.06873727321624756,0.9629628267939525,0.627346374234341
0.06690500736236572,0.9259259161995681,0.6265560165975104
0.06377551078796387,0.9259259161995681,0.6254495159059474
0.06428571224212647,0.9629628267939525,0.6256471053151551
0.065,0.9259259161995681,0.6244615688599091
0.06454389095306397,0.9629628267939525,0.6244615688599091
0.06629270553588867,0.9629628267939525,0.6232760324046631
0.06472986698150635,0.9259259161995681,0.6234736218138708
0.06387327671051025,0.9629628267939525,0.6234736218138708
0.06374299049377441,0.9629628267939525,0.620154119739182
0.06431852817535401,0.9629628267939525,0.6199565303299743
0.07969151496887207,1,0.6202331555028651
0.04156171321868896,0.9629628267939525,0.6202331555028651
0.06486210346221924,0.9629628267939525,0.6202331555028651
0.06422018527984619,0.9629628267939525,0.6159652242639795
0.06581632614135742,0.9629628267939525,0.6159652242639795
0.0653394603729248,0.9629628267939525,0.6147796878087335
0.06982670783996582,0.9259259161995681,0.6148587235724166
0.06431535243988037,0.9629628267939525,0.6148587235724166
0.2333333396911621,0.9629628267939525,0.6148587235724166
0.06727828979492188,0.9259259161995681,0.6138707765263782
0.06422018527984619,1,0.6138707765263782
0.06622516632080078,0.9629628267939525,0.6141869195811105
0.06377551078796387,0.9259259161995681,0.6117368109069354
0.053544111251831054,0.9629628267939525,0.6119344003161431
0.06326530456542968,0.9259259161995681,0.6120529539616677
0.1483679485321045,0.9259259161995681,0.6108278996245802
0.04990757942199707,0.9259259161995681,0.6096028452874926
0.06227667331695557,0.9259259161995681,0.6096423631693342
0.06486210346221924,0.9259259161995681,0.6084173088322467
0.06326530456542968,0.9259259161995681,0.6086939340051374
0.06476287841796875,0.9259259161995681,0.6075083975498914
0.06230847835540772,0.9259259161995681,0.6077455048409406
0.06642820835113525,0.9259259161995681,0.6068365935585853
0.06873727321624756,0.9629628267939525,0.6044260027662518
0.07033638954162598,0.9629628267939525,0.6044655206480933
0.06441717624664307,0.9629628267939525,0.6045445564117764
0.06978319644927979,1,0.6020944477376013
0.10351966857910157,1,0.3789764868603043
0.07468030452728272,0.9629628267939525,0.5944279786603439
0.06387327671051025,1,0.5915036554040705
0.06323304653167724,0.9629628267939525,0.5905552262398737
0.06332993030548095,0.9259259161995681,0.5895277613119938
0.06272310256958008,0.9259259161995681,0.5884607785022724
0.06428571224212647,0.9629628267939525,0.5885002963841139
0.06122448921203613,0.9629628267939525,0.5873542778107095
0.0812030029296875,0.9259259161995681,0.586129223473622
0.05936777114868164,0.9629628267939525,0.5863663307646712
0.06418746948242188,0.9629628267939525,0.5865244022920373
0.06578276157379151,0.9259259161995681,0.5865639201738788
0.05660377502441406,0.9629628267939525,0.5865639201738788
0.06891271114349365,0.9259259161995681,0.5847856154910098
0.06275510311126709,0.9629628267939525,0.584350918790753
0.07536231994628906,0.9629628267939525,0.584350918790753
0.053937430381774905,0.9629628267939525,0.584350918790753
0.06281920433044434,0.9629628267939525,0.584429954554436
0.06377551078796387,0.9259259161995681,0.5836000790357638
0.06176620960235596,0.9629628267939525,0.5816637028255287
0.06425293445587159,0.9259259161995681,0.5812290061252718
0.06227667331695557,0.9629628267939525,0.5801225054337089
0.07198859691619873,0.9259259161995681,0.5788974510966214
0.04651162624359131,0.9629628267939525,0.5788974510966214
0.06374299049377441,0.9629628267939525,0.5788974510966214
0.06431852817535401,0.9259259161995681,0.5791345583876706
0.06619144439697265,0.9259259161995681,0.5791345583876706
0.06887754917144776,0.9259259161995681,0.5791345583876706
0.06833248138427735,0.9629628267939525,0.5794902193242444
0.0597183084487915,1,0.5771586642955939
0.12698412895202638,0.9629628267939525,0.5771586642955939
0.06422018527984619,0.9259259161995681,0.5760126457221895
0.06472986698150635,0.9259259161995681,0.576052163604031
0.06323304653167724,0.9629628267939525,0.5736020549298555
0.06418746948242188,0.9629628267939525,0.5736020549298555
0.06272310256958008,0.9629628267939525,0.5737601264572216
0.06527281761169433,1,0.5726536257656587
0.0767195749282837,0.9629628267939525,0.5726536257656587
0.0606443452835083,1,0.5726536257656587
0.05303416728973389,0.9259259161995681,0.5717051966014619
0.06275510311126709,0.9259259161995681,0.5717051966014619
0.06727828979492188,0.9259259161995681,0.5705196601462159
0.067312593460083,0.9259259161995681,0.5697293025093852
0.06789178371429444,0.9629628267939525,0.5697293025093852
0.06729475021362305,0.9629628267939525,0.5697688203912268
0.06167763233184815,0.9629628267939525,0.568899426990713
0.06472986698150635,0.9259259161995681,0.568899426990713
0.06275510311126709,0.9259259161995681,0.5689389448725546
0.06615776062011719,0.9629628267939525,0.5677138905354671
0.06367804527282715,0.9629628267939525,0.5664888361983795
0.06377551078796387,0.9259259161995681,0.5666469077257457
0.06822262287139892,1,0.5659751037344396
0.05910165309906006,0.9259259161995681,0.5655008891523412
0.06472986698150635,0.9629628267939525,0.5642758348152537
0.062244896888732915,0.9629628267939525,0.5642758348152537
0.06431852817535401,0.9629628267939525,0.5621418691958109
0.06479591846466065,1,0.5624975301323847
0.07661290168762207,0.9629628267939525,0.5626160837779093
0.09322033882141113,1,0.5325824935783441
0.08635666847229004,0.9629628267939525,0.5681090693538824
0.06384065151214599,0.9629628267939525,0.5732068761114402
0.0626591968536377,0.9629628267939525,0.5732068761114402
0.06278713703155518,1,0.572456036356451
0.0621814489364624,0.9629628267939525,0.5714680893104127
0.06326530456542968,1,0.5702430349733252
0.05257784366607666,0.9629628267939525,0.5716261608377788
0.06221315860748291,0.9629628267939525,0.5717447144833034
0.17081850051879882,0.9629628267939525,0.5705196601462159
0.044642858505249024,0.9259259161995681,0.5705196601462159
0.06323304653167724,0.9259259161995681,0.570598695909899
0.06625892162322998,0.9259259161995681,0.5693736415728115
0.06982670783996582,0.9259259161995681,0.5696897846275437
0.06724401473999024,0.9629628267939525,0.5696897846275437
0.06326530456542968,0.9259259161995681,0.5697688203912268
0.061443934440612795,0.9629628267939525,0.5697688203912268
0.0648360013961792,0.9259259161995681,0.5697688203912268
0.06176620960235596,0.9259259161995681,0.5689389448725546
0.06176620960235596,0.9629628267939525,0.5680695514720409
0.06329760074615479,0.9259259161995681,0.5680695514720409
0.06227667331695557,0.9629628267939525,0.5670025686623195
0.06230847835540772,0.9259259161995681,0.5640387275242045
0.04906771183013916,0.9259259161995681,0.5623394586050185
0.07757704734802247,0.9629628267939525,0.5623394586050185
0.06326530456542968,0.9629628267939525,0.5623394586050185
0.0668367338180542,0.9629628267939525,0.5639201738786799
0.06884242534637451,1,0.5626951195415923
0.06329760074615479,0.9629628267939525,0.5628531910689585
0.06326530456542968,0.9629628267939525,0.5628531910689585
0.04797979831695557,0.9629628267939525,0.5630112625963246
0.12533333778381348,1,0.5630112625963246
0.06275510311126709,0.9629628267939525,0.5619047619047617
0.06077630043029785,1,0.5607587433313572
0.0585837984085083,0.9629628267939525,0.561035368504248
0.05717202663421631,0.9629628267939525,0.5600869393400512
0.06371049880981446,0.9629628267939525,0.559257063821379
0.06243602752685547,0.9629628267939525,0.559257063821379
0.14285714149475098,0.9629628267939525,0.559257063821379
0.06629270553588867,0.9629628267939525,0.559257063821379
0.06829765319824219,1,0.559257063821379
0.06822810649871826,0.9629628267939525,0.5594546532305866
0.06179775238037109,1,0.5582295988934991
0.06425293445587159,0.9629628267939525,0.5570440624382531
0.06122448921203613,1,0.5564117763287886
0.07182320594787597,1,0.5565303299743132
0.0625,0.9629628267939525,0.5565303299743132
0.06125574111938477,0.9629628267939525,0.5553052756372256
0.06601307392120362,0.9629628267939525,0.5553052756372256
0.060465116500854496,1,0.5574392412566684
0.09077001571655273,0.9629628267939525,0.5375222288085357
0.0648289966583252,1,0.5378778897451095
0.06227667331695557,0.9259259161995681,0.5379569255087926
0.06785714149475097,0.9259259161995681,0.5371270499901204
0.06778797149658203,0.9629628267939525,0.5371270499901204
0.06326530456542968,0.9629628267939525,0.5371270499901204
0.06364562034606934,0.9259259161995681,0.5374827109266942
0.04954955101013184,0.9259259161995681,0.5376407824540603
0.08352941513061524,0.9629628267939525,0.5376407824540603
0.06214977264404297,1,0.5377198182177434
0.062244896888732915,0.9629628267939525,0.5378778897451095
0.060234813690185546,1,0.5367713890535466
0.05255102157592773,0.9259259161995681,0.5367713890535466
0.061734695434570316,0.9259259161995681,0.5356648883619837
0.06698240756988526,1,0.5357834420075083
0.05394190788269043,0.9629628267939525,0.5357834420075083
0.067312593460083,0.9259259161995681,0.5359810314167159
0.06880733966827393,0.9629628267939525,0.5362576565896067
0.06119327068328857,0.9629628267939525,0.5362576565896067
0.06326530456542968,0.9629628267939525,0.5362971744714482
0.062244896888732915,0.9259259161995681,0.5362971744714482
0.06756756782531738,0.9259259161995681,0.5362971744714482
0.008849557638168335,0.9629628267939525,0.5362971744714482
0.061734695434570316,0.9629628267939525,0.5363366923532897
0.06323304653167724,0.9629628267939525,0.535467298952776
0.060714287757873533,0.9629628267939525,0.5359019956530329
0.06374299049377441,0.9629628267939525,0.5359019956530329
0.06431852817535401,0.9629628267939525,0.5359415135348744
0.06975560188293457,0.9629628267939525,0.5359810314167159
0.042035398483276365,0.9629628267939525,0.5349140486069945
0.07223326683044434,0.9629628267939525,0.533688994269907
0.06371049880981446,0.9629628267939525,0.533688994269907
0.0621814489364624,1,0.5315550286504642
0.06367804527282715,0.9629628267939525,0.531831653823355
0.06272310256958008,0.9629628267939525,0.5306065994862674
0.06326530456542968,1,0.5307646710136336
0.060753340721130374,0.9259259161995681,0.529539616676546
0.0640350866317749,0.9259259161995681,0.529539616676546
0.06367804527282715,0.9259259161995681,0.5284331159849831
0.05660377502441406,1,0.5284331159849831
0.06074527740478516,1,0.5284331159849831
0.06972010135650634,0.9259259161995681,0.5284726338668246
0.06476287841796875,0.9629628267939525,0.5272475795297371
0.06208053588867188,0.9629628267939525,0.5261410788381742
0.06485084533691407,0.9259259161995681,0.5254692748468681
0.06523955345153809,0.9629628267939525,0.5263781861292234
0.06269113063812257,0.9629628267939525,0.526496739774748
0.06272310256958008,0.9629628267939525,0.5255483106105512
0.06316862106323243,0.9259259161995681,0.5246789172100375
0.06278713703155518,0.9259259161995681,0.5248765066192451
0.067767653465271,0.9629628267939525,0.5238095238095237
0.004926108419895172,0.9629628267939525,0.5238095238095237
0.06364562034606934,0.9629628267939525,0.5238490416913653
0.06785714149475097,0.9259259161995681,0.5238490416913653
0.06880733966827393,0.9629628267939525,0.5239675953368899
0.061734695434570316,0.9259259161995681,0.5227425409998023
0.06418746948242188,0.9629628267939525,0.5215174866627148
0.061734695434570316,0.9259259161995681,0.5216360403082394
0.012121212482452393,0.9629628267939525,0.5216360403082394
0.06740947246551514,0.9629628267939525,0.5208852005532503
0.060714287757873533,1,0.5191859316340643
0.06466394901275635,0.9629628267939525,0.5180003951788184
0.06125574111938477,0.9629628267939525,0.5167753408417308
0.13422819137573241,0.9629628267939525,0.5167753408417308
0.08779679298400879,0.9629628267939525,0.5659751037344396
0.06275510311126709,1,0.5646314957518275
0.06887754917144776,0.9629628267939525,0.5653032997431335
0.05504587173461914,0.9629628267939525,0.5641967990515706
0.06269113063812257,0.9259259161995681,0.5632483698873738
0.06026557922363281,1,0.5632878877692153
0.06281920433044434,0.9629628267939525,0.5633274056510569
0.06354515075683594,0.9629628267939525,0.5633274056510569
0.05364806652069092,0.9259259161995681,0.5633274056510569
0.06323304653167724,0.9629628267939525,0.5633274056510569
0.06074527740478516,0.9259259161995681,0.5633274056510569
0.06221315860748291,0.9629628267939525,0.5623394586050185
0.061734695434570316,0.9259259161995681,0.5624184943687016
0.06836734771728516,0.9259259161995681,0.5601264572218927
0.0663265323638916,0.9259259161995681,0.5601659751037342
0.01360544204711914,0.9629628267939525,0.5602054929855758
0.07207207202911377,0.9259259161995681,0.5602054929855758
0.0626591968536377,0.9629628267939525,0.5590989922940128
0.06463104248046875,0.9629628267939525,0.5578739379569253
0.060714287757873533,0.9629628267939525,0.5579529737206084
0.06281920433044434,0.9629628267939525,0.5580320094842914
0.06119327068328857,0.9259259161995681,0.5581110452479745
0.06155632972717285,0.9259259161995681,0.5588618850029636
0.06539509773254394,0.9259259161995681,0.5588618850029636
0.0621814489364624,0.9259259161995681,0.5566488836198378
0.06578276157379151,0.9629628267939525,0.5543963643548704
0.06680264949798584,0.9259259161995681,0.5544754001185535
0.06680264949798584,0.9629628267939525,0.5532898636633075
0.061703214645385744,0.9259259161995681,0.5523414344991107
0.04467912197113037,0.9259259161995681,0.5511954159257062
0.0875512981414795,0.9259259161995681,0.5511954159257062
0.05303416728973389,0.9259259161995681,0.5514720410985969
0.06323304653167724,0.9259259161995681,0.5514720410985969
0.06214977264404297,0.9259259161995681,0.5514720410985969
0.06278713703155518,0.9259259161995681,0.5515115589804385
0.061703214645385744,0.8888887429935206,0.5515115589804385
0.0775,0.9259259161995681,0.5517486662714877
0.00828729271888733,0.9259259161995681,0.5517486662714877
0.0668367338180542,0.9259259161995681,0.5496542185338864
0.06924643516540528,0.9259259161995681,0.5488243430152142
0.06313645839691162,0.9629628267939525,0.547994467496542
0.06517311573028564,0.9259259161995681,0.547994467496542
0.06122448921203613,0.9629628267939525,0.5480339853783835
0.06227667331695557,0.9259259161995681,0.546808931041296
0.3333333206176758,0.9259259161995681,0.546808931041296
0.06240409374237061,0.9259259161995681,0.5471250740960283
0.06316862106323243,0.9259259161995681,0.5471250740960283
0.06269113063812257,0.9259259161995681,0.5446749654218532
0.06371049880981446,0.9259259161995681,0.5439636435487056
0.06527281761169433,0.9259259161995681,0.5428176249753012
0.06982670783996582,0.9259259161995681,0.5428966607389842
0.018518518209457397,0.9629628267939525,0.5428966607389842
0.07507886409759522,0.9259259161995681,0.5428966607389842
0.06367804527282715,0.9629628267939525,0.5418296779292628
0.06221315860748291,0.8888887429935206,0.5406441414740168
0.048128342628479,0.9259259161995681,0.5406441414740168
0.10530085563659668,0.9629628267939525,0.5053941908713693
0.0632008171081543,0.9259259161995681,0.5084370677731673
0.05705552577972412,0.9259259161995681,0.5084370677731673
0.0576236629486084,0.8888887429935206,0.5072120134360798
0.06367804527282715,0.9259259161995681,0.5072120134360798
0.06227667331695557,0.8888887429935206,0.5059869590989923
0.07084607601165771,0.9259259161995681,0.5061055127445169
0.06523955345153809,0.9259259161995681,0.5061055127445169
0.06362007141113281,0.8518518323991362,0.5048804584074293
0.05938242435455322,0.8888887429935206,0.5048804584074293
0.06125574111938477,0.9259259161995681,0.5049990120529539
0.06415478706359863,0.8518518323991362,0.5037739577158664
0.06119327068328857,0.9259259161995681,0.5043272080616479
0.06326530456542968,0.8888887429935206,0.5045247974708555
0.06026557922363281,0.9629628267939525,0.5046038332345386
0.07240355968475341,0.9259259161995681,0.5046038332345386
0,0.8888887429935206,0.5046038332345386
0.06453251838684082,0.9259259161995681,0.5046828689982217
0.06891271114349365,0.9259259161995681,0.5049594941711124
0.06578276157379151,0.9259259161995681,0.5037344398340249
0.0632008171081543,0.9259259161995681,0.5040110650069156
0.061703214645385744,0.9259259161995681,0.4997036158861885
0.06428571224212647,0.9259259161995681,0.49306461173681093
0.03970588207244873,0.9259259161995681,0.49306461173681093
0.07488299369812011,0.9259259161995681,0.49306461173681093
0.06221315860748291,0.9259259161995681,0.49306461173681093
0.06077630043029785,0.9259259161995681,0.49306461173681093
0.0632008171081543,0.9259259161995681,0.49318316538233553
0.0621814489364624,0.8888887429935206,0.4940130409010077
0.0591534948348999,0.9259259161995681,0.4946848448923138
0.07626310825347901,0.9259259161995681,0.49345979055522626
0.05164834976196289,0.8888887429935206,0.49345979055522626
0.0632008171081543,0.9259259161995681,0.49357834420075086
0.06074527740478516,0.8518518323991362,0.49357834420075086
0.06371049880981446,0.9259259161995681,0.49239280774550487
0.060234813690185546,0.8518518323991362,0.49262991503655407
0.06278713703155518,0.8888887429935206,0.49140486069946654
0.06896551609039307,0.8518518323991362,0.4917210037541988
0.049723758697509765,0.8518518323991362,0.4909701639992097
0.06077630043029785,0.8518518323991362,0.4904959494171113
0.06125574111938477,0.8888887429935206,0.48927089508002375
0.06738131523132325,0.8888887429935206,0.4868207864058487
0.06636038780212403,0.8888887429935206,0.48820391227030235
0.06234031677246094,0.9259259161995681,0.48666271487848256
0.0621814489364624,0.8518518323991362,0.4882829480339854
0.04545454502105713,0.9259259161995681,0.4870578936968979
0.062015504837036134,0.8888887429935206,0.4870578936968979
0.06167176246643066,0.9259259161995681,0.4882829480339854
0.06371049880981446,0.8518518323991362,0.4870578936968979
0.06077630043029785,0.8888887429935206,0.48713692946058096
0.06272310256958008,0.8518518323991362,0.4875321082789963
0.060714287757873533,0.9259259161995681,0.48654416123295796
0.06615776062011719,0.8518518323991362,0.486623196996641
0.06938255786895751,0.8888887429935206,0.4853981426595535
0.06680264949798584,0.9259259161995681,0.4843311598498321
0.06479591846466065,0.9259259161995681,0.4832246591582692
0.05825242519378662,0.9259259161995681,0.4832246591582692
0.05397148609161377,0.8518518323991362,0.48199960482118165
0.060714287757873533,0.8518518323991362,0.4807745504840941
0.09067017555236817,0.9259259161995681,0.4810116577751433
0.045909848213195804,0.8888887429935206,0.4810116577751433
0.06122448921203613,0.8518518323991362,0.47879865639201746
0.06272310256958008,0.8518518323991362,0.475281564908121
0.06125574111938477,0.8518518323991362,0.47532108278996255
0.06765005111694336,0.8888887429935206,0.47532108278996255
0.067312593460083,0.9259259161995681,0.47532108278996255
0.06820194721221924,0.8518518323991362,0.4744121715076073
0.07923169136047363,0.9259259161995681,0.45564117763287904
0.08163265228271485,0.8888887429935206,0.4800632286109465
0.06486210346221924,0.8888887429935206,0.47733649476388074
0.06367804527282715,0.9259259161995681,0.47733649476388074
0.06275510311126709,0.8518518323991362,0.47749456629124687
0.06160896301269531,0.8518518323991362,0.47626951195415934
0.062244896888732915,0.8518518323991362,0.47508397549891335
0.06116208076477051,0.8518518323991362,0.4754791543173287
0.06636038780212403,0.8518518323991362,0.47460976091681495
0.06056337833404541,0.8518518323991362,0.4746492787986565
0.07274180889129639,0.8518518323991362,0.4746492787986565
0.061734695434570316,0.9259259161995681,0.4746492787986565
0.06119327068328857,0.8518518323991362,0.4746492787986565
0.0626591968536377,0.8888887429935206,0.4735822959889351
0.06167176246643066,0.8888887429935206,0.47113218731476003
0.06275510311126709,0.8518518323991362,0.4714483303694923
0.0464684009552002,0.8518518323991362,0.4714483303694923
0.07248018264770507,0.8518518323991362,0.4714483303694923
0.053571429252624515,0.8888887429935206,0.4714483303694923
0.0626591968536377,0.8888887429935206,0.47148784825133383
0.06931702136993409,0.8518518323991362,0.47188302706974916
0.06377551078796387,0.8518518323991362,0.47188302706974916
0.061734695434570316,0.8518518323991362,0.47200158071527376
0.0632008171081543,0.8518518323991362,0.472317723770006
0.06119327068328857,0.8518518323991362,0.4712112230784431
0.061703214645385744,0.8518518323991362,0.4712112230784431
0.06221315860748291,0.8518518323991362,0.4712112230784431
0.05924412727355957,0.8888887429935206,0.4712112230784431
0.0632008171081543,0.8518518323991362,0.47125074096028463
0.06578276157379151,0.8518518323991362,0.47129025884212616
0.04298642635345459,0.8518518323991362,0.47152736613317536
0.076416335105896,0.8518518323991362,0.47030231179608784
0.06026557922363281,0.8888887429935206,0.47034182967792937
0.062244896888732915,0.8518518323991362,0.47034182967792937
0.059754853248596196,0.8888887429935206,0.47042086544161243
0.0626591968536377,0.8518518323991362,0.4696700256866233
0.05978538513183594,0.8148146591930887,0.4669432918395575
0.06403940677642822,0.8518518323991362,0.467496542185339
0.06434782505035401,0.8148146591930887,0.467496542185339
0.06062150001525879,0.8518518323991362,0.467496542185339
0.06371049880981446,0.8518518323991362,0.4675360600671805
0.06829765319824219,0.8518518323991362,0.4663505236119345
0.06581632614135742,0.8518518323991362,0.4655206480932623
0.05765305995941162,0.8518518323991362,0.4655996838569454
0.05160744667053223,0.8518518323991362,0.4659553447935192
0.061617460250854496,0.8518518323991362,0.4659948626753607
0.060714287757873533,0.8148146591930887,0.4659948626753607
0.06316862106323243,0.8518518323991362,0.4659948626753607
0.060204081535339356,0.8148146591930887,0.46603438055720225
0.06275510311126709,0.8518518323991362,0.4652835408022131
0.06119327068328857,0.8148146591930887,0.4638213791740764
0.07746933460235596,0.8518518323991362,0.46259632483698887
0.024271845817565918,0.8518518323991362,0.46259632483698887
0.06687085151672363,0.8518518323991362,0.46318909306461187
0.06371049880981446,0.8148146591930887,0.4632286109464534
0.06167176246643066,0.7777777485987043,0.4620035566093659
0.06227667331695557,0.8148146591930887,0.4620035566093659
0.07262569904327393,0.8518518323991362,0.4620035566093659
0.09232688903808593,0.8518518323991362,0.44809326220114576
0.06176620960235596,0.8518518323991362,0.45093854969373615
0.06068332672119141,0.8518518323991362,0.4509780675755777
0.0626591968536377,0.8518518323991362,0.4509780675755777
0.06167176246643066,0.8518518323991362,0.4500296384113809
0.06931702136993409,0.8518518323991362,0.4503062635842716
0.06476287841796875,0.8148146591930887,0.45117565698478534
0.05868544578552246,0.8518518323991362,0.45164987156688374
0.08880309104919434,0.8518518323991362,0.4516893894487253
0.06119327068328857,0.8518518323991362,0.4516893894487253
0.06313645839691162,0.8518518323991362,0.4518079430942499
0.06208651542663574,0.8148146591930887,0.4518474609760914
0.06077630043029785,0.8518518323991362,0.4518474609760914
0.05861365795135498,0.8148146591930887,0.4518474609760914
0.05702647686004639,0.8148146591930887,0.4522821576763483
0.38181819915771487,0.8518518323991362,0.4522821576763483
0.0517241382598877,0.8518518323991362,0.4522821576763483
0.06523955345153809,0.8518518323991362,0.4512151748666269
0.06211812496185303,0.8518518323991362,0.4512546927484684
0.061703214645385744,0.7777777485987043,0.4493183165382333
0.06116208076477051,0.8148146591930887,0.44939735230191635
0.06125574111938477,0.7777777485987043,0.4481722979648288
0.056133055686950685,0.8148146591930887,0.4482513337285119
0.06405933856964112,0.8518518323991362,0.4482513337285119
0.0626591968536377,0.8148146591930887,0.4482513337285119
0.06323304653167724,0.8148146591930887,0.4482513337285119
0.06789178371429444,0.8518518323991362,0.44702627939142436
0.06323304653167724,0.8518518323991362,0.4461173681090691
0.06221315860748291,0.8518518323991362,0.4451689389448723
0.051886792182922366,0.7777777485987043,0.4451689389448723
0.06738544464111328,0.8148146591930887,0.4451689389448723
0.06221315860748291,0.8518518323991362,0.44520845682671384
0.06068332672119141,0.8518518323991362,0.44520845682671384
0.061703214645385744,0.8148146591930887,0.44544556411776304
0.06262729167938233,0.8148146591930887,0.444773760126457
0.06520631790161133,0.7777777485987043,0.4445366528354078
0.05573770523071289,0.8518518323991362,0.44485279589014004
0.08894878387451172,0.8518518323991362,0.44260027662517265
0.06323304653167724,0.8148146591930887,0.44129618652440206
0.06160896301269531,0.8518518323991362,0.44011065006915606
0.06080735683441162,0.8518518323991362,0.44011065006915606
0.0591534948348999,0.8518518323991362,0.4402687215965222
0.052014279365539554,0.7777777485987043,0.43904366725943467
0.06513195037841797,0.8148146591930887,0.43785813080418867
0.005681818127632141,0.7777777485987043,0.43785813080418867
0.06214977264404297,0.8148146591930887,0.43817427385892094
0.06275510311126709,0.8148146591930887,0.4369492195218334
0.06741572856903076,0.7777777485987043,0.4360007903576366
0.0621814489364624,0.8148146591930887,0.4360007903576366
0.061703214645385744,0.7777777485987043,0.4360798261213197
0.060234813690185546,0.8148146591930887,0.43497332542975675
0.010416666269302368,0.7777777485987043,0.4342224856747676
0.06621392250061035,0.8148146591930887,0.4337482710926692
0.05921388626098633,0.8148146591930887,0.4326417704011063
0.06122448921203613,0.8148146591930887,0.43177237700059257
0.06125574111938477,0.7777777485987043,0.42983600079035744
0.06530612468719482,0.8148146591930887,0.4283343212803792
0.067312593460083,0.8148146591930887,0.428689982216953
0.04642857074737549,0.8148146591930887,0.428689982216953
0.061381072998046876,0.8148146591930887,0.428689982216953
0.11061946868896484,0.8148146591930887,0.428689982216953
0.08491048812866211,0.8518518323991362,0.453783837186327
0.06125574111938477,0.8148146591930887,0.4528354080221302
0.06122448921203613,0.8518518323991362,0.4504248172297962
0.06179775238037109,0.7777777485987043,0.4507409602845285
0.06068332672119141,0.7777777485987043,0.44951590594744095
0.0632008171081543,0.8148146591930887,0.44856747678324416
0.061734695434570316,0.7777777485987043,0.4486465125469272
0.06349206447601319,0.7777777485987043,0.44892313771981796
0.09131402969360351,0.8148146591930887,0.44892313771981796
0.06666666507720947,0.8148146591930887,0.44892313771981796
0.05155691623687744,0.8148146591930887,0.4490812092471841
0.06026557922363281,0.7777777485987043,0.4491997628927087
0.061734695434570316,0.7777777485987043,0.4492392807745502
0.061703214645385744,0.7777777485987043,0.4493183165382333
0.06588735580444335,0.7777777485987043,0.4493183165382333
0.03658536672592163,0.7777777485987043,0.44856747678324416
0.06214977264404297,0.8148146591930887,0.4482908516103534
0.06227667331695557,0.7777777485987043,0.44714483303694896
0.06275510311126709,0.8148146591930887,0.4471843509187905
0.06785714149475097,0.8148146591930887,0.44607785022722757
0.06329760074615479,0.7777777485987043,0.44627543963643523
0.06316862106323243,0.7777777485987043,0.4451294210630308
0.00696864128112793,0.8148146591930887,0.4451294210630308
0.07228196144104004,0.7777777485987043,0.4451294210630308
0.06125574111938477,0.7777777485987043,0.44532701047223844
0.06119327068328857,0.7777777485987043,0.44295593756174645
0.0632008171081543,0.7777777485987043,0.4431535269709541
0.06211812496185303,0.7777777485987043,0.4419284726338666
0.06269113063812257,0.7777777485987043,0.43963643548705766
0.0745814323425293,0.8148146591930887,0.43864848844101934
0.06067588329315186,0.7777777485987043,0.43864848844101934
0.06884242534637451,0.8148146591930887,0.43868800632286087
0.06077630043029785,0.8148146591930887,0.43663307646710114
0.06415478706359863,0.7777777485987043,0.43473621813870755
0.06211812496185303,0.7777777485987043,0.4344595929658168
0.06412213802337646,0.8148146591930887,0.4332345386287293
0.054828152656555176,0.7777777485987043,0.43331357439241236
0.06504065036773682,0.8148146591930887,0.43331357439241236
0.05507394313812256,0.7777777485987043,0.43343212803793696
0.06119327068328857,0.7777777485987043,0.43355068168346156
0.06415478706359863,0.7777777485987043,0.43355068168346156
0.06584992408752441,0.7777777485987043,0.4326417704011063
0.06690500736236572,0.7777777485987043,0.43272080616478936
0.060891399383544924,0.7777777485987043,0.43149575182770183
0.0652173900604248,0.7777777485987043,0.43149575182770183
0.06272310256958008,0.7777777485987043,0.43149575182770183
0.06119327068328857,0.7777777485987043,0.429282750444576
0.062244896888732915,0.7777777485987043,0.42936178620825904
0.06122448921203613,0.7777777485987043,0.42829480339853765
0.06316862106323243,0.7777777485987043,0.42710926694329165
0.059754853248596196,0.7777777485987043,0.42710926694329165
1,0.7777777485987043,0.42710926694329165
0.06291560173034669,0.7407405753926568,0.4271883027069747
0.6666666412353516,0.7777777485987043,0.4271883027069747
0.09521385192871094,0.7777777485987043,0.4046631100573008
0.06982670783996582,0.8148146591930887,0.4033195020746887
0.06422018527984619,0.7777777485987043,0.40335901995653023
0.06619144439697265,0.8148146591930887,0.40126457221892897
0.06323304653167724,0.7777777485987043,0.40126457221892897
0.06476287841796875,0.7777777485987043,0.40197589409207657
0.061703214645385744,0.7777777485987043,0.40197589409207657
0.06382978916168212,0.7777777485987043,0.4021339656194427
0,0.7777777485987043,0.4021339656194427
0.06221315860748291,0.7777777485987043,0.40015807152736604
0.06422018527984619,0.7777777485987043,0.40027662517289064
0.060112071037292485,0.7777777485987043,0.40027662517289064
0.06425293445587159,0.7777777485987043,0.40027662517289064
0.06520631790161133,0.7777777485987043,0.40063228610946444
0.06374299049377441,0.7777777485987043,0.39873542778107085
0.09171597480773926,0.7777777485987043,0.3987749456629124
0.057775044441223146,0.7777777485987043,0.3987749456629124
0.06179775238037109,0.7407405753926568,0.398893499308437
0.061734695434570316,0.7777777485987043,0.3989330171902785
0.06377551078796387,0.7407405753926568,0.39909108871764465
0.06119327068328857,0.7777777485987043,0.3983402489626555
0.06278713703155518,0.7777777485987043,0.39802410590792325
0.06930693149566651,0.7777777485987043,0.39802410590792325
0.057462091445922854,0.7777777485987043,0.39802410590792325
0.06887754917144776,0.7777777485987043,0.39837976684449705
0.0668367338180542,0.7777777485987043,0.39731278403477566
0.06425293445587159,0.7777777485987043,0.39731278403477566
0.06167176246643066,0.7407405753926568,0.39731278403477566
0.06278713703155518,0.8148146591930887,0.39754989132582486
0.057344856262207033,0.7407405753926568,0.39632483698873733
0.07122093200683594,0.703703664798272,0.39632483698873733
0.06272310256958008,0.7777777485987043,0.39636435487057886
0.062244896888732915,0.7407405753926568,0.395336889942699
0.06371049880981446,0.7777777485987043,0.395336889942699
0.0621814489364624,0.7407405753926568,0.395336889942699
0.06822810649871826,0.7777777485987043,0.39549496147006513
0.05487804889678955,0.7777777485987043,0.39549496147006513
0.134375,0.7777777485987043,0.3955739972337482
0.06673459053039552,0.8148146591930887,0.39466508595139294
0.05150433540344238,0.7407405753926568,0.3936376210235131
0.06272310256958008,0.703703664798272,0.3937956925508792
0.061734695434570316,0.7777777485987043,0.3938747283145623
0.06415478706359863,0.7777777485987043,0.3938747283145623
0.061287026405334476,0.7777777485987043,0.39395376407824534
0.020408163070678713,0.7777777485987043,0.39395376407824534
0.06534239292144775,0.703703664798272,0.39395376407824534
0.06167176246643066,0.7407405753926568,0.3928472633866824
0.06530612468719482,0.7777777485987043,0.3929262991503655
0.06738131523132325,0.7777777485987043,0.39324244220509774
0.06727828979492188,0.7777777485987043,0.3920173878680102
0.06221315860748291,0.7777777485987043,0.3920173878680102
0.04707792282104492,0.7777777485987043,0.3920173878680102
0.0706845235824585,0.7777777485987043,0.3920173878680102
0.06412213802337646,0.703703664798272,0.392373048804584
0.062244896888732915,0.7777777485987043,0.39253112033195015
0.06371049880981446,0.7407405753926568,0.3924916024501086
0.06269113063812257,0.7777777485987043,0.3924916024501086
0.061287026405334476,0.703703664798272,0.3925706382137917
0.06573956966400146,0.7777777485987043,0.3925706382137917
0.06393861770629883,0.7777777485987043,0.3925706382137917
0.06724401473999024,0.7777777485987043,0.3925706382137917
0.06887754917144776,0.7777777485987043,0.39264967397747474
0.06374299049377441,0.7777777485987043,0.39205690574985175
0.0632008171081543,0.7777777485987043,0.39205690574985175
0.06275510311126709,0.7777777485987043,0.3922544951590594
0.053997921943664554,0.703703664798272,0.3922544951590594
0.1162324619293213,0.8518518323991362,0.3912665481130211
0.0566615629196167,0.703703664798272,0.38442995455443585
0.0646968936920166,0.7777777485987043,0.38442995455443585
0.06269113063812257,0.7777777485987043,0.3846275439636435
0.06367804527282715,0.7407405753926568,0.3846275439636435
0.06415478706359863,0.703703664798272,0.3846275439636435
0.06782253742218018,0.7777777485987043,0.38371863268128825
0.06928171157836914,0.7777777485987043,0.38277020351709146
0.06640367984771729,0.703703664798272,0.382809721398933
0.05466970443725586,0.7777777485987043,0.3828492392807745
0.0632008171081543,0.7777777485987043,0.3828492392807745
0.06316862106323243,0.7407405753926568,0.3830468286899822
0.06275510311126709,0.7777777485987043,0.38071527366133173
0.06463104248046875,0.703703664798272,0.3796087729697688
0.0632008171081543,0.7777777485987043,0.37727721794111835
0.06278713703155518,0.7777777485987043,0.3774352894684845
0.12698412895202638,0.703703664798272,0.3774352894684845
0.057828698158264163,0.7777777485987043,0.3776723967595337
0.06418746948242188,0.7777777485987043,0.3777119146413752
0.06935236930847168,0.7407405753926568,0.3778304682868998
0.0663265323638916,0.7777777485987043,0.3778304682868998
0.06269113063812257,0.7777777485987043,0.3755779490219324
0.06326530456542968,0.7777777485987043,0.3743528946848449
0.05858585834503174,0.7777777485987043,0.3745900019758941
0.06607629299163818,0.7777777485987043,0.3745900019758941
0.0626591968536377,0.703703664798272,0.3745900019758941
0.06371049880981446,0.7777777485987043,0.37348350128433117
0.056546101570129396,0.7407405753926568,0.3737601264572219
0.058643550872802735,0.7407405753926568,0.37277217941118357
0.06272310256958008,0.7407405753926568,0.37154712507409604
0.08786127090454102,0.7777777485987043,0.37154712507409604
0.04748858451843262,0.7777777485987043,0.37154712507409604
0.06741572856903076,0.7407405753926568,0.3715866429559376
0.06574923515319825,0.7777777485987043,0.36917605216360405
0.06272310256958008,0.703703664798272,0.3692550879272871
0.06272310256958008,0.7407405753926568,0.3692550879272871
0.06176620960235596,0.7407405753926568,0.36965026674570245
0.06899350643157959,0.7777777485987043,0.3684252124086149
0.052269601821899415,0.7777777485987043,0.3684252124086149
0.062244896888732915,0.7407405753926568,0.36846473029045645
0.06269113063812257,0.703703664798272,0.3660146216162814
0.06272310256958008,0.703703664798272,0.36633076467101366
0.07058823585510254,0.7407405753926568,0.35404070341829663
0.06687085151672363,0.703703664798272,0.35285516696305064
0.07049282550811768,0.703703664798272,0.35190673779885384
0.06145251274108887,0.7777777485987043,0.35190673779885384
0.06428571224212647,0.703703664798272,0.35190673779885384
0.06367804527282715,0.7407405753926568,0.3521833629717446
0.06122448921203613,0.7407405753926568,0.3523019166172692
0.05210420608520508,0.7777777485987043,0.3523019166172692
0.12434691429138184,0.7407405753926568,0.3613515115589805
0.06278713703155518,0.7407405753926568,0.3610353685042482
0.06371049880981446,0.7407405753926568,0.3600869393400514
0.06176620960235596,0.7407405753926568,0.36036356451294216
0.06211812496185303,0.703703664798272,0.36036356451294216
0.05257784366607666,0.703703664798272,0.36036356451294216
0.06734694004058837,0.703703664798272,0.359257063821379
0.06928171157836914,0.7407405753926568,0.35941513534874514
0.021276595592498778,0.7777777485987043,0.35941513534874514
0.06828442573547364,0.703703664798272,0.3596127247579528
0.06221315860748291,0.703703664798272,0.3596127247579528
0.06272310256958008,0.7407405753926568,0.3596917605216359
0.06466394901275635,0.7777777485987043,0.3596917605216359
0.0626591968536377,0.7407405753926568,0.35981031416716047
0.06272310256958008,0.703703664798272,0.359849832049002
0.0828729248046875,0.703703664798272,0.3599288678126853
0.05941213130950928,0.703703664798272,0.3599288678126853
0.0626591968536377,0.703703664798272,0.3599288678126853
0.06377551078796387,0.703703664798272,0.3603240466311006
0.06931702136993409,0.7407405753926568,0.35953368899426974
0.06680264949798584,0.7777777485987043,0.3595732068761113
0.0626591968536377,0.7407405753926568,0.3595732068761113
0.05933117389678955,0.7407405753926568,0.3595732068761113
0.06963249683380127,0.7407405753926568,0.3595732068761113
0.062244896888732915,0.703703664798272,0.3596127247579528
0.0632008171081543,0.7407405753926568,0.3596127247579528
0.06176620960235596,0.7407405753926568,0.3596127247579528
0.06316862106323243,0.7407405753926568,0.358664295593756
0.061734695434570316,0.703703664798272,0.3581505631298161
0.06163328170776367,0.7407405753926568,0.3580320094842915
0.070889892578125,0.7777777485987043,0.3580320094842915
0.06629270553588867,0.703703664798272,0.358071527366133
0.06364562034606934,0.703703664798272,0.3573206876111439
0.0591534948348999,0.7407405753926568,0.35704406243825315
0.06326530456542968,0.703703664798272,0.3558190081011656
0.06313645839691162,0.7777777485987043,0.35585852598300716
0.06508875846862792,0.703703664798272,0.3558980438648487
0,0.703703664798272,0.3558980438648487
0.06374299049377441,0.703703664798272,0.35668840150167935
0.06367804527282715,0.703703664798272,0.35550286504643336
0.06221315860748291,0.703703664798272,0.35550286504643336
0.06418746948242188,0.7407405753926568,0.35479154317328576
0.06272310256958008,0.703703664798272,0.35190673779885384
0.06931702136993409,0.7407405753926568,0.35190673779885384
0.06880733966827393,0.7407405753926568,0.3510373443983401
0.06179775238037109,0.7407405753926568,0.3512349338075478
0.06272310256958008,0.7777777485987043,0.3515115589804385
0.06269113063812257,0.7777777485987043,0.3515115589804385
0.0621814489364624,0.7777777485987043,0.3515905947441216
0.06329760074615479,0.7407405753926568,0.3504050582888756
0.06269113063812257,0.7407405753926568,0.35048409405255865
0.06422018527984619,0.703703664798272,0.3493380754791542
0.06364562034606934,0.703703664798272,0.3494566291246788
0.06428571224212647,0.7407405753926568,0.34700652045050373
0.06833248138427735,0.7407405753926568,0.3470855562141868
0.06680264949798584,0.703703664798272,0.34736218138707753
0.043225269317626956,0.703703664798272,0.34736218138707753
0.09379128456115723,0.7407405753926568,0.34736218138707753
0.05196128368377686,0.7407405753926568,0.34752025291444366
0.06323304653167724,0.7407405753926568,0.34629519857735613
0.06269113063812257,0.7407405753926568,0.3464927879865638
0.07214765071868896,0.703703664798272,0.3442007508397549
0.09505208015441895,0.8148146591930887,0.009089112823552625
0.07284768104553223,0.703703664798272,0.37379964433906343
0.06431852817535401,0.7777777485987043,0.37285121517486663
0.06230847835540772,0.703703664798272,0.3732859118751235
0.06625892162322998,0.703703664798272,0.37095435684647304
0.06836734771728516,0.7777777485987043,0.37095435684647304
0.06326530456542968,0.703703664798272,0.3711124283738392
0.06374299049377441,0.7407405753926568,0.3687413554633472
0.03891050577163696,0.703703664798272,0.36882039122703025
0.07976490497589112,0.7777777485987043,0.36882039122703025
0.06415478706359863,0.7407405753926568,0.36893894487255485
0.061703214645385744,0.703703664798272,0.36905749851807945
0.06323304653167724,0.7407405753926568,0.3678324441809919
0.06272310256958008,0.7777777485987043,0.3678324441809919
0.06272310256958008,0.7407405753926568,0.3680695514720411
0.06672519683837891,0.703703664798272,0.3681881051175657
0.06196840763092041,0.7407405753926568,0.3681881051175657
0.06979113578796386,0.7777777485987043,0.368504248172298
0.06625892162322998,0.7407405753926568,0.367318711717052
0.062244896888732915,0.7407405753926568,0.36514522821576767
0.06415478706359863,0.7777777485987043,0.36392017387868014
0.06323304653167724,0.7407405753926568,0.36415728116972934
0.051027169227600096,0.7407405753926568,0.3630112625963249
0.0859030818939209,0.703703664798272,0.3630112625963249
0.0560938310623169,0.703703664798272,0.36309029836000795
0.062244896888732915,0.703703664798272,0.36309029836000795
0.06125574111938477,0.703703664798272,0.36202331555028655
0.06269113063812257,0.7407405753926568,0.3622209049594942
0.06877228736877442,0.7407405753926568,0.3623394586050188
0.060234541893005374,0.703703664798272,0.3624184943687019
0.25,0.7407405753926568,0.36166765461371275
0.06428571224212647,0.7777777485987043,0.3612724757952974
0.062244896888732915,0.7407405753926568,0.3600869393400514
0.06367804527282715,0.7407405753926568,0.3588618850029637
0.06272310256958008,0.7407405753926568,0.3589014028848052
0.06374299049377441,0.703703664798272,0.3589014028848052
0.06269113063812257,0.7407405753926568,0.35645129421063015
0.062111802101135254,0.703703664798272,0.35645129421063015
0.06549628734588624,0.703703664798272,0.35645129421063015
0.062244896888732915,0.703703664798272,0.3564908120924717
0.06329760074615479,0.7777777485987043,0.3554238292827503
0.06968463897705078,0.7777777485987043,0.35550286504643336
0.06789178371429444,0.703703664798272,0.3561746690377394
0.06415478706359863,0.7777777485987043,0.35633274056510555
0.04912280559539795,0.7777777485987043,0.35633274056510555
0.07657657623291016,0.7407405753926568,0.3551867219917011
0.0632008171081543,0.7777777485987043,0.3553447935190672
0.06323304653167724,0.703703664798272,0.3553447935190672
0.06221315860748291,0.7777777485987043,0.35550286504643336
0.060674157142639164,0.7777777485987043,0.35427781070934583
0.09953856468200684,0.7777777485987043,0.3196996640980043
0.05504587173461914,0.7407405753926568,0.32021339656194425
0.060204081535339356,0.703703664798272,0.32163604030823945
0.0648289966583252,0.7777777485987043,0.3208456826714088
0.06833248138427735,0.703703664798272,0.3208456826714088
0.06622516632080078,0.7407405753926568,0.3209642363169334
0.06367804527282715,0.7407405753926568,0.3209642363169334
0.06277463912963867,0.703703664798272,0.3212013436079826
0.060439562797546385,0.7407405753926568,0.32128037937166565
0.06323304653167724,0.7777777485987043,0.3217941118356056
0.06167176246643066,0.703703664798272,0.32068761114404265
0.06275510311126709,0.7777777485987043,0.3205295396166765
0.060838446617126465,0.7777777485987043,0.3187512349338075
0.06278713703155518,0.7407405753926568,0.3187512349338075
0.06313645839691162,0.703703664798272,0.3203714680893104
0.5,0.7407405753926568,0.3203714680893104
0.067961163520813,0.7777777485987043,0.3204109859711519
0.06979113578796386,0.7777777485987043,0.32377000592768224
0.0626591968536377,0.7777777485987043,0.3212408614898241
0.06176620960235596,0.7777777485987043,0.3183560561153922
0.06371049880981446,0.703703664798272,0.31843509187907526
0.062244896888732915,0.7777777485987043,0.31748666271487846
0.06738544464111328,0.7777777485987043,0.31748666271487846
0.061712846755981446,0.7777777485987043,0.31748666271487846
0.0632008171081543,0.7407405753926568,0.31752618059672
0.061734695434570316,0.7777777485987043,0.31630112625963247
0.062244896888732915,0.7777777485987043,0.31519462556806954
0.06272310256958008,0.7407405753926568,0.3140486069946651
0.05969387531280518,0.7407405753926568,0.31495751827702034
0.07951482295989991,0.7777777485987043,0.3149970361588619
0.06443719387054443,0.7777777485987043,0.3149970361588619
0.0632008171081543,0.7777777485987043,0.31507607192254494
0.06272310256958008,0.7777777485987043,0.31507607192254494
0.0621814489364624,0.7777777485987043,0.3138510175854574
0.06278713703155518,0.7777777485987043,0.31017585457419483
0.06374299049377441,0.7777777485987043,0.31021537245603636
0.07438650131225587,0.7407405753926568,0.3102548903378779
0.03669724702835083,0.703703664798272,0.3102548903378779
0.06367804527282715,0.7777777485987043,0.3107291049199763
0.0632008171081543,0.7407405753926568,0.31088717644734243
0.06537282943725586,0.7777777485987043,0.31092669432918396
0.06836734771728516,0.7777777485987043,0.31116380162023316
0.06479591846466065,0.7407405753926568,0.3076071922544952
0.06022659301757813,0.7407405753926568,0.3064216557992492
0.08098591804504394,0.7777777485987043,0.3064216557992492
0.06269113063812257,0.7777777485987043,0.30318118948824346
0.06227667331695557,0.7407405753926568,0.30318118948824346
0.06367804527282715,0.7407405753926568,0.30231179608772973
0.061734695434570316,0.7777777485987043,0.30235131396957127
0.06377551078796387,0.7777777485987043,0.3023908318514128
0.0632008171081543,0.703703664798272,0.30128433115984987
0.1325301170349121,0.703703664798272,0.30053349140486074
0.058164353370666506,0.7777777485987043,0.3003359019956531
0.06979113578796386,0.7777777485987043,0.30041493775933614
0.06782253742218018,0.7777777485987043,0.30041493775933614
0.05558388710021973,0.7777777485987043,0.3004544556411777
0.058643550872802735,0.703703664798272,0.30053349140486074
0.06272310256958008,0.7407405753926568,0.2993084370677732
0.10596026420593262,0.7777777485987043,0.29934795494961475
0.05106100559234619,0.7777777485987043,0.29934795494961475
0.06125574111938477,0.7777777485987043,0.2993874728314563
0.0707778549194336,0.7777777485987043,0.2999012052953962
0.11731843948364258,0.7777777485987043,0
0.0709183692932129,0.7407405753926568,0.2920766646907724
0.06281920433044434,0.7777777485987043,0.29330171902785995
0.06479591846466065,0.7407405753926568,0.29235328986366316
0.06789178371429444,0.7777777485987043,0.29235328986366316
0.06581632614135742,0.7777777485987043,0.2923928077455047
0.06275510311126709,0.7777777485987043,0.29148389646314943
0.06371049880981446,0.7407405753926568,0.2883619837976683
0.06374299049377441,0.7777777485987043,0.2884805374431929
0.047619047164916994,0.7407405753926568,0.2884805374431929
0.06388459682464599,0.7777777485987043,0.2884805374431929
0.06323304653167724,0.7407405753926568,0.2897846275439635
0.06371049880981446,0.7777777485987043,0.2889152341434498
0.06221315860748291,0.7777777485987043,0.28769017980636225
0.06323304653167724,0.7777777485987043,0.28650464335111625
0.0668367338180542,0.7777777485987043,0.2866627148784824
0.07155025482177735,0.7777777485987043,0.2866627148784824
0.06768558979034424,0.7777777485987043,0.2867022327603239
0.06629270553588867,0.7777777485987043,0.285595732068761
0.06275510311126709,0.7777777485987043,0.284410195613515
0.06221315860748291,0.7777777485987043,0.2848053744319303
0.05252422332763672,0.7407405753926568,0.2835803200948428
0.06374299049377441,0.7777777485987043,0.2812882829480339
0.06684027671813965,0.7777777485987043,0.2803793716656786
0.0604938268661499,0.703703664798272,0.2804584074293617
0.06221315860748291,0.7777777485987043,0.2804584074293617
0.06326530456542968,0.7777777485987043,0.2792728709741157
0.06221315860748291,0.7777777485987043,0.27935190673779875
0.0653394603729248,0.7407405753926568,0.27958901402884795
0.06887754917144776,0.7777777485987043,0.2783639596917604
0.0683760690689087,0.7777777485987043,0.27852203121912655
0.056947607994079594,0.7777777485987043,0.27852203121912655
0.06122448921203613,0.7777777485987043,0.2774945662912467
0.06323304653167724,0.7407405753926568,0.27757360205492976
0.06275510311126709,0.7777777485987043,0.27757360205492976
0.06367804527282715,0.7777777485987043,0.27634854771784223
0.06418746948242188,0.7777777485987043,0.2751234933807547
0.0665610122680664,0.7777777485987043,0.27528156490812083
0,0.7777777485987043,0.27528156490812083
0.06316862106323243,0.7777777485987043,0.2744121715076071
0.06371049880981446,0.7777777485987043,0.27196206283343205
0.06822810649871826,0.7777777485987043,0.27196206283343205
0.06833248138427735,0.7777777485987043,0.2707370084963445
0.06571574211120605,0.7777777485987043,0.2710926694329183
0.06371049880981446,0.7777777485987043,0.2711717051966014
0.01,0.7777777485987043,0.2700256866231969
0.07340553760528565,0.7777777485987043,0.2700256866231969
0.06176620960235596,0.7777777485987043,0.2701442402687215
0.057113718986511235,0.7777777485987043,0.2703418296779292
0.05714285850524903,0.7777777485987043,0.26919581110452473
0.06374299049377441,0.7777777485987043,0.26919581110452473
0.06269113063812257,0.7777777485987043,0.2679707567674372
0.08458864212036132,0.7407405753926568,0.26801027464927873
0.04740200519561768,0.7777777485987043,0.26801027464927873
0.06880733966827393,0.7777777485987043,0.26801027464927873
0.06873727321624756,0.7777777485987043,0.268326417704011
0.06371049880981446,0.8148146591930887,0.26587630902983594
0.06234031677246094,0.7777777485987043,0.2634262003556609
0.06316862106323243,0.8148146591930887,0.2634657182375024
0.06396760940551757,0.7777777485987043,0.2634657182375024
0.06198347091674805,0.7777777485987043,0.26101560956332737
0.06513994693756103,0.7777777485987043,0.26101560956332737
0.06367804527282715,0.7777777485987043,0.25990910887176444
0.08088234901428223,0.7777777485987043,0.25872357241651844
0.08299319267272949,0.7777777485987043,0.05737996443390636
